Time,ti,height,wind_speed,wind_direction,hub_wsp,wsp_bin,wsp_bincount,wdir_bin
2020-05-01 00:00:00,0.04939541971451069,299.0,13.354033333333332,223.8781,11.425233333333333,11-12,23.0,220-230
2020-05-01 00:10:00,0.058820432838933345,299.0,12.824314285714285,222.77057142857143,10.719199999999999,10-11,30.0,220-230
2020-05-01 00:20:00,0.07197875519270794,299.0,13.410114285714286,222.41408571428573,11.227628571428571,11-12,23.0,220-230
2020-05-01 00:30:00,0.055786154599099774,299.0,14.017472222222223,224.1256388888889,12.253666666666668,12-13,21.0,220-230
2020-05-01 00:40:00,0.04357145249247687,299.0,13.378,224.78865714285715,11.319228571428571,11-12,23.0,220-230
2020-05-01 00:50:00,0.07000085445533241,299.0,12.476571428571429,224.3341142857143,10.408057142857142,10-11,30.0,220-230
2020-05-01 01:00:00,0.07341758660732539,299.0,13.4318,225.39242857142855,10.861942857142857,10-11,30.0,220-230
2020-05-01 01:10:00,0.02632331988544928,299.0,14.456228571428571,227.2036285714286,11.917228571428572,11-12,23.0,220-230
2020-05-01 01:20:00,0.03694921382538529,299.0,14.095542857142856,226.25957142857143,12.055857142857143,12-13,21.0,220-230
2020-05-01 01:30:00,0.029143870706331423,299.0,14.48186111111111,227.27316666666667,12.37363888888889,12-13,21.0,220-230
2020-05-01 01:40:00,0.033322248030612914,299.0,14.132171428571429,226.7818,11.905057142857144,11-12,23.0,220-230
2020-05-01 01:50:00,0.04977955275561229,299.0,14.091171428571428,227.91528571428572,10.342085714285714,10-11,30.0,220-230
2020-05-01 02:00:00,0.033239691406967024,299.0,14.030888888888889,227.75508333333335,11.140666666666668,11-12,23.0,220-230
2020-05-01 02:10:00,0.03133086964384848,299.0,13.439457142857144,221.97085714285717,12.083714285714287,12-13,21.0,220-230
2020-05-01 02:20:00,0.02727364285077465,299.0,13.206142857142856,220.17357142857142,12.190114285714285,12-13,21.0,220-230
2020-05-01 02:30:00,0.02061488278533734,299.0,13.322111111111111,219.99008333333333,11.651277777777779,11-12,23.0,210-220
2020-05-01 02:40:00,0.02761775779437602,299.0,13.602285714285713,220.0911714285714,11.108485714285715,11-12,23.0,220-230
2020-05-01 02:50:00,0.03193122542815699,299.0,13.233628571428572,218.76497142857144,10.764885714285715,10-11,30.0,210-220
2020-05-01 03:00:00,0.021645063946876833,299.0,13.197111111111111,218.55852777777778,11.058083333333334,11-12,23.0,210-220
2020-05-01 03:10:00,0.05700417371547153,299.0,13.597314285714285,224.34368571428573,10.037485714285715,10-11,30.0,220-230
2020-05-01 03:20:00,0.07108586167352177,299.0,11.620571428571429,213.81114285714287,9.127342857142857,9-10,49.0,210-220
2020-05-01 03:30:00,0.06487480598342622,299.0,10.82875,213.62241666666668,9.131194444444445,9-10,49.0,210-220
2020-05-01 03:40:00,0.043491473126950175,299.0,11.833228571428572,214.2254857142857,9.667742857142857,9-10,49.0,210-220
2020-05-01 03:50:00,0.04256809137023163,299.0,12.203371428571428,218.17285714285714,10.036857142857144,10-11,30.0,210-220
2020-05-01 04:00:00,0.03877179499886303,299.0,11.917416666666666,220.38722222222222,10.07861111111111,10-11,30.0,220-230
2020-05-01 04:10:00,0.037778542793931225,299.0,12.052542857142857,221.5142857142857,10.008085714285714,10-11,30.0,220-230
2020-05-01 04:20:00,0.03127135796281093,299.0,11.953333333333333,219.24925,9.886722222222224,9-10,49.0,210-220
2020-05-01 04:30:00,0.07026113195733538,299.0,10.488805555555555,217.07152777777776,9.09125,9-10,49.0,210-220
2020-05-01 04:40:00,0.059574571395835677,299.0,10.522885714285714,212.8626,8.765714285714287,8-9,73.0,210-220
2020-05-01 04:50:00,0.05414544998103909,299.0,11.078971428571428,213.8853142857143,9.654971428571429,9-10,49.0,210-220
2020-05-01 05:00:00,0.03788551168874312,299.0,11.845222222222223,213.01472222222222,9.551055555555557,9-10,49.0,210-220
2020-05-01 05:10:00,0.06726996739294512,299.0,11.593285714285713,213.38237142857142,9.561657142857143,9-10,49.0,210-220
2020-05-01 05:20:00,0.06526401223957402,299.0,11.183628571428573,214.93634285714285,8.573485714285715,8-9,73.0,210-220
2020-05-01 05:30:00,0.11536689523325756,299.0,11.372361111111111,208.82044444444443,8.297055555555556,8-9,73.0,200-210
2020-05-01 05:40:00,0.07778071563469131,299.0,11.789742857142858,213.62688571428572,8.7322,8-9,73.0,210-220
2020-05-01 05:50:00,0.07071253521808483,299.0,11.672657142857142,212.6681142857143,9.909085714285714,9-10,49.0,210-220
2020-05-01 06:00:00,0.08965424423351628,299.0,11.766305555555554,213.07494444444444,9.782388888888889,9-10,49.0,210-220
2020-05-01 06:10:00,0.09009805239984278,299.0,11.850529411764706,221.04850000000002,9.22935294117647,9-10,49.0,220-230
2020-05-01 06:20:00,0.07398727595014234,299.0,12.10830303030303,218.70372727272726,9.516333333333334,9-10,49.0,210-220
2020-05-01 06:30:00,0.06785025588895154,299.0,12.388514285714287,217.01442857142857,10.676257142857143,10-11,30.0,210-220
2020-05-01 06:40:00,0.084181620683197,299.0,12.327617647058824,229.55882352941177,11.027000000000001,11-12,23.0,220-230
2020-05-01 06:50:00,0.09521087052274227,299.0,13.393470588235294,234.55673529411766,10.598029411764704,10-11,30.0,230-240
2020-05-01 07:00:00,0.04832542767202294,299.0,11.6242,222.5944857142857,8.723171428571428,8-9,73.0,220-230
2020-05-01 07:10:00,0.04041701364343914,299.0,12.462171428571429,218.1714,9.367199999999999,9-10,49.0,210-220
2020-05-01 07:20:00,0.1041763620459087,299.0,11.07857142857143,215.62294285714285,9.3994,9-10,49.0,210-220
2020-05-01 07:30:00,0.10588415725072968,299.0,10.744333333333334,216.30244444444443,9.979805555555556,9-10,49.0,210-220
2020-05-01 07:40:00,0.0923783853932094,299.0,11.88337142857143,222.78682857142857,10.674685714285713,10-11,30.0,220-230
2020-05-01 07:50:00,0.07312131250006652,299.0,12.142142857142858,220.0518285714286,11.5094,11-12,23.0,220-230
2020-05-01 08:00:00,0.08197428290572664,299.0,12.207083333333333,219.45105555555557,11.450333333333333,11-12,23.0,210-220
2020-05-01 08:10:00,0.08252929479470195,299.0,13.306939393939395,219.88321212121213,12.236242424242423,12-13,21.0,210-220
2020-05-01 08:20:00,0.10912614707165622,299.0,13.21703125,222.4995625,12.6405625,12-13,21.0,220-230
2020-05-01 08:30:00,0.09244541753454101,299.0,13.909393939393938,226.6240303030303,12.192666666666668,12-13,21.0,220-230
2020-05-01 08:40:00,0.0777980231409197,299.0,13.3149375,227.8781875,11.78290625,11-12,23.0,220-230
2020-05-01 08:50:00,0.07200809445646753,299.0,12.245030303030303,228.60427272727273,10.371636363636364,10-11,30.0,220-230
2020-05-01 09:00:00,0.06663319767376982,299.0,13.208166666666667,222.41986111111112,11.941638888888889,11-12,23.0,220-230
2020-05-01 09:10:00,0.12671545503168138,299.0,13.886228571428571,222.55445714285713,12.928028571428571,12-13,21.0,220-230
2020-05-01 09:20:00,0.10412796573350994,299.0,13.548257142857144,223.28294285714287,12.694828571428571,12-13,21.0,220-230
2020-05-01 09:30:00,0.12274073305100984,299.0,13.274999999999999,228.36619444444443,12.001555555555555,12-13,21.0,220-230
2020-05-01 09:40:00,0.11972298334684181,299.0,12.728771428571429,226.6852,12.017228571428571,12-13,21.0,220-230
2020-05-01 09:50:00,0.10196236870175267,299.0,13.255085714285714,229.16740000000001,12.64322857142857,12-13,21.0,220-230
2020-05-01 10:00:00,0.11542638306957674,299.0,13.90638888888889,229.5502222222222,13.471166666666667,13-14,2.0,220-230
2020-05-01 10:10:00,0.1264153652092078,299.0,13.517857142857142,229.57374285714286,12.8424,12-13,21.0,220-230
2020-05-01 10:20:00,0.10500928302078852,299.0,14.224911764705881,233.11820588235295,13.383882352941177,13-14,2.0,230-240
2020-05-01 10:30:00,0.05902623654896224,299.0,13.020111111111111,230.79344444444445,11.585749999999999,11-12,23.0,230-240
2020-05-01 10:40:00,0.11676122983762373,299.0,13.42825,235.81990625,12.33353125,12-13,21.0,230-240
2020-05-01 10:50:00,0.08253907247291015,299.0,12.868441176470588,240.89514705882354,11.924382352941176,11-12,23.0,240-250
2020-05-01 11:00:00,0.09037154604578962,299.0,13.685833333333333,227.5411111111111,12.169305555555557,12-13,21.0,220-230
2020-05-01 11:10:00,0.09617721170798983,299.0,12.099117647058824,237.60682352941174,11.204911764705882,11-12,23.0,230-240
2020-05-01 11:20:00,0.12364641370475205,299.0,10.645212121212122,242.74342424242425,9.726757575757576,9-10,49.0,240-250
2020-05-01 11:30:00,0.22637567401730924,299.0,13.5364375,232.242875,12.13025,12-13,21.0,230-240
2020-05-01 11:40:00,0.0754218812775689,299.0,12.810529411764705,225.5454705882353,12.269588235294117,12-13,21.0,220-230
2020-05-01 11:50:00,0.057178187713813326,299.0,12.762514285714285,231.15465714285713,11.913714285714287,11-12,23.0,230-240
2020-05-01 12:00:00,0.05567162757981826,299.0,12.795722222222222,236.5125277777778,10.79975,10-11,30.0,230-240
2020-05-01 12:10:00,0.06661383819438925,299.0,12.149,242.64628571428574,11.040057142857142,11-12,23.0,240-250
2020-05-01 12:20:00,0.10703456686193956,299.0,11.660857142857143,255.1507142857143,10.0682,10-11,30.0,250-260
2020-05-01 12:30:00,0.07921447213478042,299.0,12.208833333333335,269.1931111111111,11.686055555555555,11-12,23.0,260-270
2020-05-01 12:40:00,0.05492425031552825,299.0,12.583599999999999,265.1576857142857,12.621771428571428,12-13,21.0,260-270
2020-05-01 12:50:00,0.04124952531600087,299.0,13.505085714285714,267.52705714285713,12.362285714285715,12-13,21.0,260-270
2020-05-01 13:00:00,0.059823226878630446,299.0,13.614222222222223,267.0571944444444,12.959555555555555,12-13,21.0,260-270
2020-05-01 13:10:00,0.07014641118493971,299.0,12.683942857142856,263.3316857142857,11.824114285714286,11-12,23.0,260-270
2020-05-01 13:20:00,0.08083869018297381,299.0,11.103828571428572,262.5797714285714,10.059685714285715,10-11,30.0,260-270
2020-05-01 13:30:00,0.07468390634361967,299.0,11.09088888888889,270.7336666666667,10.504916666666666,10-11,30.0,270-280
2020-05-01 13:40:00,0.07581520422392873,299.0,11.446428571428571,267.33639999999997,10.180542857142857,10-11,30.0,260-270
2020-05-01 13:50:00,0.08098883010663818,299.0,10.545914285714284,266.8191142857143,10.119428571428571,10-11,30.0,260-270
2020-05-01 14:00:00,0.09435481866610748,299.0,11.096055555555557,266.94825000000003,10.306000000000001,10-11,30.0,260-270
2020-05-01 14:10:00,0.07580000226556033,299.0,11.093657142857143,268.949,10.498628571428572,10-11,30.0,260-270
2020-05-01 14:20:00,0.06291664352271768,299.0,11.633514285714286,267.6343714285714,11.509857142857143,11-12,23.0,260-270
2020-05-01 14:30:00,0.07647738366110361,299.0,10.811416666666666,269.5589444444444,10.259694444444444,10-11,30.0,260-270
2020-05-01 14:40:00,0.09266095096389775,299.0,11.335228571428571,265.22114285714287,10.271714285714285,10-11,30.0,260-270
2020-05-01 14:50:00,0.07047341203728867,299.0,11.573171428571428,266.88694285714286,11.540228571428571,11-12,23.0,260-270
2020-05-01 15:00:00,0.04619323664881401,299.0,10.909916666666668,270.81333333333333,10.747944444444444,10-11,30.0,270-280
2020-05-01 15:10:00,0.0470718819619849,299.0,10.534542857142858,270.0156,10.197428571428572,10-11,30.0,270-280
2020-05-01 15:20:00,0.05747454690251461,299.0,10.437542857142859,270.983,9.905485714285714,9-10,49.0,270-280
2020-05-01 15:30:00,0.061048164062592815,299.0,10.428861111111111,271.26694444444445,10.352083333333333,10-11,30.0,270-280
2020-05-01 15:40:00,0.05929556658907912,299.0,10.463971428571428,271.7302857142857,10.393971428571428,10-11,30.0,270-280
2020-05-01 15:50:00,0.06670244890852366,299.0,9.733228571428572,271.7166,9.071285714285715,9-10,49.0,270-280
2020-05-01 16:00:00,0.039080834282706714,299.0,10.213333333333333,266.1607777777778,9.625416666666666,9-10,49.0,260-270
2020-05-01 16:10:00,0.051728551304717964,299.0,9.941485714285713,264.53137142857145,9.689257142857144,9-10,49.0,260-270
2020-05-01 16:20:00,0.055461974219649796,299.0,9.818085714285713,271.37239999999997,9.708285714285715,9-10,49.0,270-280
2020-05-01 16:30:00,0.0461433981253884,299.0,9.34775,277.079,9.485083333333334,9-10,49.0,270-280
2020-05-01 16:40:00,0.04318599719758261,299.0,9.229800000000001,269.75777142857146,8.726171428571428,8-9,73.0,260-270
2020-05-01 16:50:00,0.0326335517121958,299.0,9.182857142857141,267.0084857142857,8.990142857142857,8-9,73.0,260-270
2020-05-01 17:00:00,0.09869842920389432,299.0,8.008833333333333,272.65947222222223,7.507888888888889,7-8,42.0,270-280
2020-05-01 17:10:00,0.056018879716456645,299.0,8.440314285714285,268.1268285714286,8.225085714285713,8-9,73.0,260-270
2020-05-01 17:20:00,0.0477206171115381,299.0,7.401657142857142,274.80837142857143,6.633571428571429,6-7,45.0,270-280
2020-05-01 17:30:00,0.04365406416657229,299.0,6.9261388888888895,279.3726388888889,6.899416666666666,6-7,45.0,270-280
2020-05-01 17:40:00,0.05543884074372703,299.0,7.032457142857143,275.47617142857143,6.589200000000001,6-7,45.0,270-280
2020-05-01 17:50:00,0.02847384223772863,299.0,6.743628571428571,274.92922857142855,6.054142857142858,6-7,45.0,270-280
2020-05-01 18:00:00,0.04646195541927574,299.0,6.737222222222222,275.7933888888889,6.546,6-7,45.0,270-280
2020-05-01 18:10:00,0.03769325994416386,299.0,6.976685714285714,272.38891428571424,7.641028571428571,7-8,42.0,270-280
2020-05-01 18:20:00,0.04588787164101833,299.0,7.588885714285714,273.3720285714286,8.094942857142856,8-9,73.0,270-280
2020-05-01 18:30:00,0.020137480138927764,299.0,7.7491111111111115,267.80508333333336,8.021444444444445,8-9,73.0,260-270
2020-05-01 18:40:00,0.031577574009408665,299.0,7.803542857142858,264.83020000000005,7.628028571428572,7-8,42.0,260-270
2020-05-01 18:50:00,0.05197452570338257,299.0,7.5314,267.58480000000003,7.976428571428571,7-8,42.0,260-270
2020-05-01 19:00:00,0.039638692478916715,299.0,8.182833333333333,264.65975000000003,8.751888888888889,8-9,73.0,260-270
2020-05-01 19:10:00,0.040892692100116805,299.0,7.999228571428572,263.4747142857143,8.4012,8-9,73.0,260-270
2020-05-01 19:20:00,0.03795466833781792,299.0,8.655771428571429,262.7353142857143,8.507457142857143,8-9,73.0,260-270
2020-05-01 19:30:00,0.04130184224897021,299.0,7.860638888888889,260.70658333333336,7.713694444444444,7-8,42.0,260-270
2020-05-01 19:40:00,0.04704957093827097,299.0,7.973914285714286,264.05154285714286,6.908457142857142,6-7,45.0,260-270
2020-05-01 19:50:00,0.0482454966784634,299.0,9.187857142857142,264.4025142857143,8.509028571428571,8-9,73.0,260-270
2020-05-01 20:00:00,0.03753361194341146,299.0,9.171861111111111,266.3170277777778,7.873749999999999,7-8,42.0,260-270
2020-05-01 20:10:00,0.05786592667602178,299.0,9.390942857142857,267.9987142857143,7.696257142857144,7-8,42.0,260-270
2020-05-01 20:20:00,0.0667253257916755,299.0,9.340685714285714,263.63565714285716,8.733828571428571,8-9,73.0,260-270
2020-05-01 20:30:00,0.09216466252326884,299.0,8.851305555555555,264.2129166666666,8.467944444444445,8-9,73.0,260-270
2020-05-01 20:40:00,0.039424663352939614,299.0,8.187285714285714,262.1772857142857,7.134057142857143,7-8,42.0,260-270
2020-05-01 20:50:00,0.028239495702044884,299.0,8.401057142857143,258.49834285714286,7.526485714285715,7-8,42.0,250-260
2020-05-01 21:00:00,0.026811309875636093,299.0,8.782333333333334,259.2963888888889,7.220722222222221,7-8,42.0,250-260
2020-05-01 21:10:00,0.025046069504628673,299.0,8.217114285714285,258.63960000000003,7.316171428571428,7-8,42.0,250-260
2020-05-01 21:20:00,0.0289346879518747,299.0,7.914771428571428,255.72982857142856,6.0576,6-7,45.0,250-260
2020-05-01 21:30:00,0.02998599970720628,299.0,7.6475,247.53341666666665,7.340861111111112,7-8,42.0,240-250
2020-05-01 21:40:00,0.02256956241628626,299.0,8.018628571428572,249.2884857142857,8.314342857142858,8-9,73.0,240-250
2020-05-01 21:50:00,0.046393628481553095,299.0,8.83002857142857,254.77282857142853,8.801342857142858,8-9,73.0,250-260
2020-05-01 22:00:00,0.018885058962271953,299.0,9.204333333333333,254.70105555555554,8.187888888888889,8-9,73.0,250-260
2020-05-01 22:10:00,0.03388142416163264,299.0,9.556685714285713,256.44005714285714,7.868428571428571,7-8,42.0,250-260
2020-05-01 22:20:00,0.029692614005429465,299.0,10.004228571428571,260.40065714285714,8.014457142857143,8-9,73.0,260-270
2020-05-01 22:30:00,0.017645110161174125,299.0,9.620888888888889,261.3240277777778,8.054194444444445,8-9,73.0,260-270
2020-05-01 22:40:00,0.02241297724349808,299.0,9.380571428571429,261.44757142857145,7.880285714285715,7-8,42.0,260-270
2020-05-01 22:50:00,0.041078930964565205,299.0,9.912771428571428,262.55348571428567,7.7056571428571425,7-8,42.0,260-270
2020-05-01 23:00:00,0.07892902898084453,299.0,9.868777777777778,262.07969444444444,7.884222222222222,7-8,42.0,260-270
2020-05-01 23:10:00,0.025402154086396223,299.0,9.166371428571429,259.29008571428574,8.00982857142857,8-9,73.0,250-260
2020-05-01 23:20:00,0.04525977779370493,299.0,9.132371428571428,259.25422857142854,8.178142857142857,8-9,73.0,250-260
2020-05-01 23:30:00,0.04106408386528156,299.0,9.881722222222223,261.09108333333336,8.168083333333334,8-9,73.0,260-270
2020-05-01 23:40:00,0.03060137491119264,299.0,9.8804,262.155,7.942142857142858,7-8,42.0,260-270
2020-05-01 23:50:00,0.02324578280102878,299.0,9.732742857142858,265.9554,7.2142,7-8,42.0,260-270
2020-05-02 00:00:00,0.021791184411875376,299.0,9.494655172413793,264.9708620689655,6.795068965517241,6-7,45.0,260-270
2020-05-02 00:10:00,0.021562223152442557,299.0,9.101588235294118,263.6159411764706,7.107382352941177,7-8,42.0,260-270
2020-05-02 00:20:00,0.023665501409525114,299.0,8.718657142857143,263.74837142857143,6.767114285714285,6-7,45.0,260-270
2020-05-02 00:30:00,0.04020711933496483,299.0,8.790305555555555,265.2518611111111,6.648055555555556,6-7,45.0,260-270
2020-05-02 00:40:00,0.03792110243132033,299.0,8.838228571428573,262.1236285714285,6.632485714285714,6-7,45.0,260-270
2020-05-02 00:50:00,0.030273443068671194,299.0,9.152885714285715,262.51194285714286,7.326171428571429,7-8,42.0,260-270
2020-05-02 01:00:00,0.025939348193597934,299.0,9.520222222222223,263.6181388888889,7.546138888888889,7-8,42.0,260-270
2020-05-02 01:10:00,0.017825280998160935,299.0,9.362657142857142,260.3693714285714,8.306828571428571,8-9,73.0,260-270
2020-05-02 01:20:00,0.021438596700711358,299.0,9.728457142857142,259.10420000000005,8.894857142857143,8-9,73.0,250-260
2020-05-02 01:30:00,0.029455342982549537,299.0,10.097416666666668,261.43202777777776,9.416888888888888,9-10,49.0,260-270
2020-05-02 01:40:00,0.030772176222574166,299.0,10.236257142857143,264.3453714285714,8.804885714285714,8-9,73.0,260-270
2020-05-02 01:50:00,0.03653704933271429,299.0,10.438571428571429,267.6542,8.292485714285714,8-9,73.0,260-270
2020-05-02 02:00:00,0.03798944932432679,299.0,10.44788888888889,269.3870277777778,9.294333333333334,9-10,49.0,260-270
2020-05-02 02:10:00,0.05545654204784602,299.0,10.219342857142857,266.2344857142857,8.492085714285714,8-9,73.0,260-270
2020-05-02 02:20:00,0.036840097374426166,299.0,9.894228571428572,265.0945428571428,7.037657142857143,7-8,42.0,260-270
2020-05-02 02:30:00,0.044701288185702265,299.0,10.617314285714286,267.2029714285714,7.895228571428572,7-8,42.0,260-270
2020-05-02 02:40:00,0.022951691550735592,299.0,11.186742857142857,268.68614285714284,7.991485714285714,7-8,42.0,260-270
2020-05-02 02:50:00,0.04280683090629533,299.0,10.981885714285713,266.7171142857143,7.647257142857143,7-8,42.0,260-270
2020-05-02 03:00:00,0.04094984951547635,299.0,11.51975,267.8833055555556,6.731944444444444,6-7,45.0,260-270
2020-05-02 03:10:00,0.06044557175519175,299.0,11.1884,259.6222,7.5596571428571435,7-8,42.0,250-260
2020-05-02 03:20:00,0.030301926161080493,299.0,11.8374,261.74088571428575,10.267828571428572,10-11,30.0,260-270
2020-05-02 03:30:00,0.0456328470263024,299.0,10.78661111111111,261.5783055555555,9.6005,9-10,49.0,260-270
2020-05-02 03:40:00,0.03433164794596435,299.0,10.662882352941176,263.3538235294118,8.477411764705883,8-9,73.0,260-270
2020-05-02 03:50:00,0.06121772562678785,299.0,11.13422857142857,265.4389714285714,9.654514285714287,9-10,49.0,260-270
2020-05-02 04:00:00,0.03576485178691188,299.0,11.824333333333334,266.0254722222222,9.897583333333333,9-10,49.0,260-270
2020-05-02 04:10:00,0.02906963477272422,299.0,11.522342857142856,268.89225714285715,9.71422857142857,9-10,49.0,260-270
2020-05-02 04:20:00,0.03583027839982133,299.0,11.815685714285713,273.2943142857143,10.035400000000001,10-11,30.0,270-280
2020-05-02 04:30:00,0.014357100253950844,299.0,10.888055555555555,273.6675833333333,9.672611111111111,9-10,49.0,270-280
2020-05-02 04:40:00,0.012298964992440034,299.0,10.556314285714286,273.6234857142857,9.818085714285713,9-10,49.0,270-280
2020-05-02 04:50:00,0.0294464796665941,299.0,10.121057142857143,275.77651428571426,9.343771428571428,9-10,49.0,270-280
2020-05-02 05:00:00,0.013850496017424295,299.0,9.574583333333333,274.85,8.562666666666667,8-9,73.0,270-280
2020-05-02 05:10:00,0.018482651113293808,299.0,9.4198,276.7432,9.147885714285714,9-10,49.0,270-280
2020-05-02 05:20:00,0.01928776130914492,299.0,9.814400000000001,278.5015714285714,9.055485714285714,9-10,49.0,270-280
2020-05-02 05:30:00,0.021623256747746563,299.0,9.846527777777778,284.80016666666666,8.508527777777779,8-9,73.0,280-290
2020-05-02 05:40:00,0.03005016450777916,299.0,9.629085714285715,288.5743142857143,7.8872857142857145,7-8,42.0,280-290
2020-05-02 05:50:00,0.04039100096452302,299.0,9.151371428571428,290.9670857142857,7.409514285714287,7-8,42.0,290-300
2020-05-02 06:00:00,0.06136955747545691,299.0,9.051361111111111,294.85125,7.327805555555555,7-8,42.0,290-300
2020-05-02 06:10:00,0.09846417851352207,299.0,8.325742857142858,295.61325714285715,6.211685714285714,6-7,45.0,290-300
2020-05-02 06:20:00,0.10152783483406137,299.0,8.3378,291.4172857142857,6.445457142857143,6-7,45.0,290-300
2020-05-02 06:30:00,0.1334886565181682,299.0,7.455,287.32033333333334,6.010833333333333,6-7,45.0,280-290
2020-05-02 06:40:00,0.11294786480064829,299.0,7.252371428571428,285.2754,6.190542857142857,6-7,45.0,280-290
2020-05-02 06:50:00,0.09887610370002359,299.0,7.732857142857142,286.3576857142857,6.421171428571429,6-7,45.0,280-290
2020-05-02 07:00:00,0.14634084467134562,299.0,7.156861111111111,277.6456388888889,6.44825,6-7,45.0,270-280
2020-05-02 07:10:00,0.166947632764972,299.0,8.558314285714285,290.9357142857143,8.038085714285716,8-9,73.0,290-300
2020-05-02 07:20:00,0.10361266415810402,299.0,10.656714285714287,290.15465714285716,9.3438,9-10,49.0,290-300
2020-05-02 07:30:00,0.04630926892591138,299.0,9.775777777777778,298.62772222222225,9.179916666666667,9-10,49.0,290-300
2020-05-02 07:40:00,0.05268702608970055,299.0,9.859742857142857,292.89251428571424,9.370485714285714,9-10,49.0,290-300
2020-05-02 07:50:00,0.13316759220250243,299.0,10.244735294117648,302.07220588235293,9.925588235294116,9-10,49.0,300-310
2020-05-02 08:00:00,0.1560873042770205,299.0,9.055764705882353,298.78749999999997,8.619323529411766,8-9,73.0,290-300
2020-05-02 08:10:00,0.13486671268136888,299.0,9.491117647058823,287.4149705882353,9.108529411764707,9-10,49.0,280-290
2020-05-02 08:20:00,0.05801074580927581,299.0,10.375971428571429,285.58808571428574,9.902457142857143,9-10,49.0,280-290
2020-05-02 08:30:00,0.11545223104950823,299.0,9.960166666666668,287.5444166666667,9.484555555555556,9-10,49.0,280-290
2020-05-02 08:40:00,0.12444308735796858,299.0,9.926314285714286,281.8478857142857,9.634285714285713,9-10,49.0,280-290
2020-05-02 08:50:00,0.13658344210854334,299.0,9.298085714285714,282.6350571428572,9.006742857142857,9-10,49.0,280-290
2020-05-02 09:00:00,0.13582938354585458,299.0,9.574882352941176,284.25564705882357,8.609441176470588,8-9,73.0,280-290
2020-05-02 09:10:00,0.1346152339921003,299.0,10.02965625,287.3788125,9.8278125,9-10,49.0,280-290
2020-05-02 09:20:00,0.10484023646409148,299.0,10.152617647058824,284.7863235294118,8.664352941176471,8-9,73.0,280-290
2020-05-02 09:30:00,0.09573773769874815,299.0,8.426722222222223,279.5340277777778,7.4776388888888885,7-8,42.0,270-280
2020-05-02 09:40:00,0.16812964411267356,299.0,7.6596,277.75942857142854,6.639057142857142,6-7,45.0,270-280
2020-05-02 09:50:00,0.1843492354683765,299.0,9.0512,287.92211428571426,8.779,8-9,73.0,280-290
2020-05-02 10:00:00,0.1259563780785805,299.0,9.088055555555556,288.66200000000003,8.733194444444443,8-9,73.0,280-290
2020-05-02 10:10:00,0.08715066981854128,299.0,9.938657142857144,294.53022857142855,9.298057142857143,9-10,49.0,290-300
2020-05-02 10:20:00,0.08920195834157052,299.0,9.389800000000001,298.71545714285713,8.865085714285716,8-9,73.0,290-300
2020-05-02 10:30:00,0.10364389776826115,299.0,8.993416666666667,292.2775277777778,8.419194444444445,8-9,73.0,290-300
2020-05-02 10:40:00,0.1094721424496276,299.0,9.223085714285714,301.6986,9.2674,9-10,49.0,300-310
2020-05-02 10:50:00,0.04162118444671475,299.0,8.634971428571427,289.54197142857146,8.316628571428572,8-9,73.0,280-290
2020-05-02 11:00:00,0.1144678648113049,299.0,8.242194444444443,304.3727222222222,8.169111111111112,8-9,73.0,300-310
2020-05-02 11:10:00,0.1134120434448241,299.0,8.410914285714286,294.0308,8.024114285714285,8-9,73.0,290-300
2020-05-02 11:20:00,0.11039107775017275,299.0,8.235371428571428,301.0023428571429,8.0352,8-9,73.0,300-310
2020-05-02 11:30:00,0.16141662634151843,299.0,9.065055555555555,287.3332222222222,9.239916666666666,9-10,49.0,280-290
2020-05-02 11:40:00,0.10708762416091305,299.0,10.5298,282.44454285714284,10.37722857142857,10-11,30.0,280-290
2020-05-02 11:50:00,0.15960447424220425,299.0,9.650028571428571,274.3076571428571,9.658514285714286,9-10,49.0,270-280
2020-05-02 12:00:00,0.14218287451078024,299.0,9.036333333333333,279.8136666666667,8.502944444444445,8-9,73.0,270-280
2020-05-02 12:10:00,0.15499509847303328,299.0,9.451571428571429,288.45271428571425,8.813485714285713,8-9,73.0,280-290
2020-05-02 12:20:00,0.08982148207498278,299.0,9.234542857142857,301.3770285714286,9.245771428571429,9-10,49.0,300-310
2020-05-02 12:30:00,0.11072239317492916,299.0,9.389000000000001,304.2003888888889,8.750027777777778,8-9,73.0,300-310
2020-05-02 12:40:00,0.10448235740103116,299.0,9.287114285714287,298.75437142857146,8.604142857142856,8-9,73.0,290-300
2020-05-02 12:50:00,0.10586618635303338,299.0,8.833685714285716,299.72505714285717,8.384457142857144,8-9,73.0,290-300
2020-05-02 13:00:00,0.10990266634744876,299.0,8.443777777777777,296.5826666666667,8.280305555555556,8-9,73.0,290-300
2020-05-02 13:10:00,0.11005721767863763,299.0,7.964657142857142,297.4216285714286,8.124228571428572,8-9,73.0,290-300
2020-05-02 13:20:00,0.0732813718476154,299.0,8.848685714285715,300.5353714285714,8.463171428571428,8-9,73.0,300-310
2020-05-02 13:30:00,0.11917818546620883,299.0,8.452527777777778,299.65169444444444,8.18575,8-9,73.0,290-300
2020-05-02 13:40:00,0.13883983054168633,299.0,8.687542857142859,297.34514285714283,8.552714285714284,8-9,73.0,290-300
2020-05-02 13:50:00,0.09307849125410483,299.0,9.3438,298.6714,9.263742857142857,9-10,49.0,290-300
2020-05-02 14:00:00,0.12922575413015244,299.0,8.927444444444443,285.25525,8.668055555555556,8-9,73.0,280-290
2020-05-02 14:10:00,0.11548475869168515,299.0,9.279114285714286,300.6616571428571,8.895428571428571,8-9,73.0,300-310
2020-05-02 14:20:00,0.11320756350019674,299.0,8.351457142857143,295.66994285714287,8.387028571428571,8-9,73.0,290-300
2020-05-02 14:30:00,0.04235132985664212,299.0,8.900916666666667,297.11344444444444,8.922805555555556,8-9,73.0,290-300
2020-05-02 14:40:00,0.053854968837393366,299.0,8.524314285714286,295.65614285714287,8.521971428571428,8-9,73.0,290-300
2020-05-02 14:50:00,0.05849213473672822,299.0,8.839514285714285,293.98034285714283,8.963171428571428,8-9,73.0,290-300
2020-05-02 15:00:00,0.07441468500070683,299.0,8.348722222222221,294.9775277777778,8.460333333333333,8-9,73.0,290-300
2020-05-02 15:10:00,0.10133534020700177,299.0,8.454371428571429,297.31260000000003,8.327685714285714,8-9,73.0,290-300
2020-05-02 15:20:00,0.04508651453505345,299.0,8.81097142857143,300.4467142857143,8.931885714285714,8-9,73.0,300-310
2020-05-02 15:30:00,0.09698603123547102,299.0,8.385527777777778,298.2510277777778,8.356361111111111,8-9,73.0,290-300
2020-05-02 15:40:00,0.05437423380206434,299.0,8.667828571428572,298.7417428571428,8.524342857142857,8-9,73.0,290-300
2020-05-02 15:50:00,0.048463059274700473,299.0,8.6506,300.393,8.463571428571429,8-9,73.0,300-310
2020-05-02 16:00:00,0.06315613159797967,299.0,8.324305555555556,296.1066111111111,7.851638888888889,7-8,42.0,290-300
2020-05-02 16:10:00,0.08375493320987272,299.0,8.230371428571429,299.93134285714285,8.345085714285716,8-9,73.0,290-300
2020-05-02 16:20:00,0.12028683769164715,299.0,8.224542857142856,300.85222857142855,8.166371428571429,8-9,73.0,300-310
2020-05-02 16:30:00,0.08603764158031806,299.0,8.467083333333333,302.2370833333333,8.188083333333333,8-9,73.0,300-310
2020-05-02 16:40:00,0.053831373614785426,299.0,8.110514285714286,302.45385714285715,7.856171428571429,7-8,42.0,300-310
2020-05-02 16:50:00,0.03835732108923776,299.0,8.1644,301.5308285714286,7.867971428571429,7-8,42.0,300-310
2020-05-02 17:00:00,0.04691010410543229,299.0,7.58036111111111,300.20019444444443,7.184361111111111,7-8,42.0,300-310
2020-05-02 17:10:00,0.05509900694251025,299.0,6.904457142857143,294.9449142857143,6.414828571428572,6-7,45.0,290-300
2020-05-02 17:20:00,0.05406487032556179,299.0,6.610914285714286,293.2891714285714,6.359742857142858,6-7,45.0,290-300
2020-05-02 17:30:00,0.04268160361730367,299.0,6.240888888888889,294.8798888888889,6.333472222222222,6-7,45.0,290-300
2020-05-02 17:40:00,0.03320689796918932,299.0,6.597142857142857,293.8007714285714,6.355857142857143,6-7,45.0,290-300
2020-05-02 17:50:00,0.042243937588081495,299.0,6.729314285714286,294.6708857142857,6.894228571428571,6-7,45.0,290-300
2020-05-02 18:00:00,0.024417215461509868,299.0,6.447861111111111,291.10575,6.190666666666667,6-7,45.0,290-300
2020-05-02 18:10:00,0.028565161523548415,299.0,6.744628571428572,290.83014285714285,6.291514285714285,6-7,45.0,290-300
2020-05-02 18:20:00,0.036615670949506754,299.0,6.382285714285715,292.4538285714286,6.038,6-7,45.0,290-300
2020-05-02 18:30:00,0.031605999934922885,299.0,6.372,289.8186666666667,6.219361111111111,6-7,45.0,280-290
2020-05-02 18:40:00,0.03927090875176356,299.0,6.1897142857142855,287.834,6.344714285714286,6-7,45.0,280-290
2020-05-02 18:50:00,0.028934602774810594,299.0,6.138028571428571,286.3486857142857,5.583285714285714,5-6,3.0,280-290
2020-05-02 19:00:00,0.012454058289977666,299.0,6.216694444444445,285.21780555555557,5.67875,5-6,3.0,280-290
2020-05-02 19:10:00,0.027293200745680826,299.0,6.2626857142857135,280.9820857142857,6.2036,6-7,45.0,280-290
2020-05-02 19:20:00,0.013490494333267624,299.0,6.888714285714285,281.94759999999997,6.9268,6-7,45.0,280-290
2020-05-02 19:30:00,0.009966579203084957,299.0,6.6795,278.09875,6.646222222222223,6-7,45.0,270-280
2020-05-02 19:40:00,0.013744245339240733,299.0,6.790057142857142,275.0006857142857,6.3602,6-7,45.0,270-280
2020-05-02 19:50:00,0.028931918238293514,299.0,7.439885714285714,270.55005714285716,7.476914285714286,7-8,42.0,270-280
2020-05-02 20:00:00,0.029453952549722995,299.0,7.8661111111111115,273.39605555555556,7.7155,7-8,42.0,270-280
2020-05-02 20:10:00,0.014121578176171152,299.0,8.648428571428571,273.0495714285714,8.255971428571428,8-9,73.0,270-280
2020-05-02 20:20:00,0.01255640104260641,299.0,9.087914285714286,272.39957142857145,8.688714285714287,8-9,73.0,270-280
2020-05-02 20:30:00,0.016540496492893714,299.0,8.897472222222223,267.0635,8.516833333333333,8-9,73.0,260-270
2020-05-02 20:40:00,0.03183733952673418,299.0,8.381514285714285,265.87345714285715,8.156828571428571,8-9,73.0,260-270
2020-05-02 20:50:00,0.011235083306554094,299.0,8.1098,272.9308571428571,7.472371428571429,7-8,42.0,270-280
2020-05-02 21:00:00,0.02793365643454282,299.0,7.822166666666667,273.7763888888889,7.176,7-8,42.0,270-280
2020-05-02 21:10:00,0.019417819949500013,299.0,7.652057142857143,272.9122,7.425,7-8,42.0,270-280
2020-05-02 21:20:00,0.009167418507919833,299.0,8.090114285714286,274.74414285714283,7.4644,7-8,42.0,270-280
2020-05-02 21:30:00,0.02151294595639998,299.0,8.244944444444444,275.08483333333334,7.280305555555556,7-8,42.0,270-280
2020-05-02 21:40:00,0.01542646415967087,299.0,8.017714285714286,274.1572857142857,7.009228571428571,7-8,42.0,270-280
2020-05-02 21:50:00,0.010203800827925871,299.0,7.790171428571429,275.33594285714287,6.551514285714286,6-7,45.0,270-280
2020-05-02 22:00:00,0.06618067133556449,299.0,7.170805555555556,271.50225,6.375,6-7,45.0,270-280
2020-05-02 22:10:00,0.013215685088572772,299.0,6.8096000000000005,265.39102857142854,6.140257142857142,6-7,45.0,260-270
2020-05-02 22:20:00,0.07109690626721941,299.0,7.441,261.7118571428572,6.510771428571429,6-7,45.0,260-270
2020-05-02 22:30:00,0.02458531405771495,299.0,8.343416666666666,267.6675555555555,5.8364722222222225,5-6,3.0,260-270
2020-05-02 22:40:00,0.024568278480426795,299.0,8.381628571428571,271.02282857142853,6.030171428571429,6-7,45.0,270-280
2020-05-02 22:50:00,0.0258618919683982,299.0,8.717028571428571,275.5696,6.347742857142857,6-7,45.0,270-280
2020-05-02 23:00:00,0.01549110202077164,299.0,8.974166666666667,280.49569444444444,6.327833333333333,6-7,45.0,280-290
2020-05-02 23:10:00,0.022082388768628253,299.0,9.018342857142857,280.14174285714284,6.805685714285715,6-7,45.0,280-290
2020-05-02 23:20:00,0.01650666610330096,299.0,8.482457142857143,275.10222857142855,6.5668,6-7,45.0,270-280
2020-05-02 23:30:00,0.03195482617601491,299.0,8.59672222222222,274.9586388888889,6.673527777777778,6-7,45.0,270-280
2020-05-02 23:40:00,0.024672839590639997,299.0,8.740371428571429,274.6282857142857,6.702114285714285,6-7,45.0,270-280
2020-05-02 23:50:00,0.019260721030376154,299.0,8.522428571428572,276.07788571428574,6.439058823529412,6-7,45.0,270-280
2020-05-01 00:00:00,0.04423089285633694,251.0,13.123266666666666,222.02733333333333,11.425233333333333,11-12,23.0,220-230
2020-05-01 00:10:00,0.05419859005335344,251.0,12.42837142857143,221.28788571428572,10.719199999999999,10-11,30.0,220-230
2020-05-01 00:20:00,0.07884727810180701,251.0,12.950885714285715,220.87794285714287,11.227628571428571,11-12,23.0,220-230
2020-05-01 00:30:00,0.056431776167616195,251.0,13.823472222222222,222.40991666666665,12.253666666666668,12-13,21.0,220-230
2020-05-01 00:40:00,0.05459766748059164,251.0,12.963657142857143,222.88854285714285,11.319228571428571,11-12,23.0,220-230
2020-05-01 00:50:00,0.06115340510162143,251.0,12.086057142857143,223.32988571428572,10.408057142857142,10-11,30.0,220-230
2020-05-01 01:00:00,0.06767736425514366,251.0,13.001342857142857,224.0994,10.861942857142857,10-11,30.0,220-230
2020-05-01 01:10:00,0.028539119642429917,251.0,14.171714285714286,225.64354285714288,11.917228571428572,11-12,23.0,220-230
2020-05-01 01:20:00,0.035441124116322865,251.0,13.741914285714286,224.91648571428573,12.055857142857143,12-13,21.0,220-230
2020-05-01 01:30:00,0.03846671901932824,251.0,14.118138888888888,226.1569722222222,12.37363888888889,12-13,21.0,220-230
2020-05-01 01:40:00,0.03879393902691922,251.0,13.69437142857143,225.6389142857143,11.905057142857144,11-12,23.0,220-230
2020-05-01 01:50:00,0.08637670998414188,251.0,13.208228571428572,225.57434285714285,10.342085714285714,10-11,30.0,220-230
2020-05-01 02:00:00,0.03963450069303987,251.0,13.472527777777778,225.26711111111112,11.140666666666668,11-12,23.0,220-230
2020-05-01 02:10:00,0.027537649220886258,251.0,13.103371428571428,220.37808571428573,12.083714285714287,12-13,21.0,220-230
2020-05-01 02:20:00,0.024914493622876035,251.0,12.9418,218.56114285714287,12.190114285714285,12-13,21.0,210-220
2020-05-01 02:30:00,0.018907956364266218,251.0,13.016416666666666,218.30094444444444,11.651277777777779,11-12,23.0,210-220
2020-05-01 02:40:00,0.028615202397162056,251.0,13.082314285714284,217.6627142857143,11.108485714285715,11-12,23.0,210-220
2020-05-01 02:50:00,0.030881626391987667,251.0,12.643457142857143,216.21091428571427,10.764885714285715,10-11,30.0,210-220
2020-05-01 03:00:00,0.02862218746423712,251.0,12.74763888888889,216.26094444444445,11.058083333333334,11-12,23.0,210-220
2020-05-01 03:10:00,0.06994556034714866,251.0,13.075257142857144,221.90994285714285,10.037485714285715,10-11,30.0,220-230
2020-05-01 03:20:00,0.07853333603096482,251.0,11.160200000000001,212.42,9.127342857142857,9-10,49.0,210-220
2020-05-01 03:30:00,0.05109823900776293,251.0,10.439305555555556,211.59822222222223,9.131194444444445,9-10,49.0,210-220
2020-05-01 03:40:00,0.050220879313607435,251.0,11.196085714285715,212.09651428571428,9.667742857142857,9-10,49.0,210-220
2020-05-01 03:50:00,0.03774647632190388,251.0,11.63857142857143,216.06457142857144,10.036857142857144,10-11,30.0,210-220
2020-05-01 04:00:00,0.033795328309199034,251.0,11.51088888888889,218.24944444444444,10.07861111111111,10-11,30.0,210-220
2020-05-01 04:10:00,0.034172582846063206,251.0,11.667914285714286,216.3862857142857,10.008085714285714,10-11,30.0,210-220
2020-05-01 04:20:00,0.025992944510209552,251.0,11.464944444444445,215.10094444444445,9.886722222222224,9-10,49.0,210-220
2020-05-01 04:30:00,0.061908780317658556,251.0,10.290194444444445,214.56858333333332,9.09125,9-10,49.0,210-220
2020-05-01 04:40:00,0.0660655628170283,251.0,10.410914285714286,210.71274285714284,8.765714285714287,8-9,73.0,210-220
2020-05-01 04:50:00,0.055176736372792655,251.0,10.996114285714285,212.04557142857144,9.654971428571429,9-10,49.0,210-220
2020-05-01 05:00:00,0.04599177029384932,251.0,11.690861111111111,212.65111111111113,9.551055555555557,9-10,49.0,210-220
2020-05-01 05:10:00,0.06181075923747904,251.0,11.443942857142858,211.40622857142856,9.561657142857143,9-10,49.0,210-220
2020-05-01 05:20:00,0.07567947585750533,251.0,10.999485714285715,210.243,8.573485714285715,8-9,73.0,210-220
2020-05-01 05:30:00,0.08515796165393269,251.0,10.944333333333333,208.32830555555554,8.297055555555556,8-9,73.0,200-210
2020-05-01 05:40:00,0.0735697397046119,251.0,11.465085714285715,210.78574285714285,8.7322,8-9,73.0,210-220
2020-05-01 05:50:00,0.08116186132383651,251.0,11.594971428571428,210.54237142857144,9.909085714285714,9-10,49.0,210-220
2020-05-01 06:00:00,0.0872121584359115,251.0,11.445166666666667,211.9193611111111,9.782388888888889,9-10,49.0,210-220
2020-05-01 06:10:00,0.09925577310872646,251.0,11.528911764705882,219.0599117647059,9.22935294117647,9-10,49.0,210-220
2020-05-01 06:20:00,0.07850920169026059,251.0,11.564424242424241,217.3291212121212,9.516333333333334,9-10,49.0,210-220
2020-05-01 06:30:00,0.08517798259183584,251.0,11.98317142857143,217.05742857142857,10.676257142857143,10-11,30.0,210-220
2020-05-01 06:40:00,0.07304472487870388,251.0,12.03135294117647,227.1599705882353,11.027000000000001,11-12,23.0,220-230
2020-05-01 06:50:00,0.09732497320708537,251.0,12.992,235.24976470588237,10.598029411764704,10-11,30.0,230-240
2020-05-01 07:00:00,0.05690375956282083,251.0,11.200542857142857,222.85862857142857,8.723171428571428,8-9,73.0,220-230
2020-05-01 07:10:00,0.05365148782295203,251.0,12.012828571428571,217.16351428571429,9.367199999999999,9-10,49.0,210-220
2020-05-01 07:20:00,0.11144746331023189,251.0,10.951085714285714,213.558,9.3994,9-10,49.0,210-220
2020-05-01 07:30:00,0.1149252159679105,251.0,10.514194444444446,214.83963888888889,9.979805555555556,9-10,49.0,210-220
2020-05-01 07:40:00,0.09681619027115662,251.0,11.637057142857143,219.82557142857144,10.674685714285713,10-11,30.0,210-220
2020-05-01 07:50:00,0.09283111714416833,251.0,12.138485714285714,218.64397142857143,11.5094,11-12,23.0,210-220
2020-05-01 08:00:00,0.08729806545797149,251.0,12.140333333333334,218.60555555555555,11.450333333333333,11-12,23.0,210-220
2020-05-01 08:10:00,0.09608160215035377,251.0,13.231121212121213,218.34336363636365,12.236242424242423,12-13,21.0,210-220
2020-05-01 08:20:00,0.11160618397807161,251.0,13.07425,224.39425,12.6405625,12-13,21.0,220-230
2020-05-01 08:30:00,0.10928460212355398,251.0,13.52839393939394,226.91842424242424,12.192666666666668,12-13,21.0,220-230
2020-05-01 08:40:00,0.08063696945645162,251.0,13.09009375,227.39378125,11.78290625,11-12,23.0,220-230
2020-05-01 08:50:00,0.07202636856860033,251.0,11.87051515151515,228.37460606060606,10.371636363636364,10-11,30.0,220-230
2020-05-01 09:00:00,0.06805537041567146,251.0,13.012,221.84519444444445,11.941638888888889,11-12,23.0,220-230
2020-05-01 09:10:00,0.13579871158306045,251.0,13.8122,219.6854,12.928028571428571,12-13,21.0,210-220
2020-05-01 09:20:00,0.10958423654775645,251.0,13.443114285714286,221.79214285714286,12.694828571428571,12-13,21.0,220-230
2020-05-01 09:30:00,0.11859435187953823,251.0,13.14675,227.60230555555552,12.001555555555555,12-13,21.0,220-230
2020-05-01 09:40:00,0.12260202039285507,251.0,12.682885714285714,226.31751428571428,12.017228571428571,12-13,21.0,220-230
2020-05-01 09:50:00,0.09898353528964646,251.0,13.262571428571428,228.11117142857145,12.64322857142857,12-13,21.0,220-230
2020-05-01 10:00:00,0.11001765377798811,251.0,13.931333333333335,229.73327777777774,13.471166666666667,13-14,2.0,220-230
2020-05-01 10:10:00,0.12300652294880889,251.0,13.620885714285714,229.53637142857144,12.8424,12-13,21.0,220-230
2020-05-01 10:20:00,0.10793198157029434,251.0,14.079588235294118,231.78985294117646,13.383882352941177,13-14,2.0,230-240
2020-05-01 10:30:00,0.06124618846205939,251.0,12.7405,230.13122222222222,11.585749999999999,11-12,23.0,230-240
2020-05-01 10:40:00,0.13464912712308788,251.0,13.2375625,235.8635,12.33353125,12-13,21.0,230-240
2020-05-01 10:50:00,0.09726789279276489,251.0,12.49835294117647,241.06320588235292,11.924382352941176,11-12,23.0,240-250
2020-05-01 11:00:00,0.10109204190982493,251.0,13.316444444444445,227.53783333333334,12.169305555555557,12-13,21.0,220-230
2020-05-01 11:10:00,0.10644732157480385,251.0,12.115970588235294,234.20538235294117,11.204911764705882,11-12,23.0,230-240
2020-05-01 11:20:00,0.16375105134834606,251.0,10.177151515151515,243.91372727272727,9.726757575757576,9-10,49.0,240-250
2020-05-01 11:30:00,0.19819140881414768,251.0,13.08546875,232.9719375,12.13025,12-13,21.0,230-240
2020-05-01 11:40:00,0.08066575749974274,251.0,12.696823529411764,224.56973529411766,12.269588235294117,12-13,21.0,220-230
2020-05-01 11:50:00,0.05262594621026412,251.0,12.700142857142858,229.84694285714286,11.913714285714287,11-12,23.0,220-230
2020-05-01 12:00:00,0.0592966317452459,251.0,12.618,234.69069444444443,10.79975,10-11,30.0,230-240
2020-05-01 12:10:00,0.07279905543387222,251.0,11.832942857142857,241.82885714285715,11.040057142857142,11-12,23.0,240-250
2020-05-01 12:20:00,0.09758819320668172,251.0,11.36337142857143,254.2232,10.0682,10-11,30.0,250-260
2020-05-01 12:30:00,0.09440695119478194,251.0,12.165500000000002,267.74536111111115,11.686055555555555,11-12,23.0,260-270
2020-05-01 12:40:00,0.05906468478724653,251.0,12.565742857142856,266.5559428571429,12.621771428571428,12-13,21.0,260-270
2020-05-01 12:50:00,0.051473933096406396,251.0,13.469028571428572,268.05537142857145,12.362285714285715,12-13,21.0,260-270
2020-05-01 13:00:00,0.06274574901191057,251.0,13.525361111111112,267.3011388888889,12.959555555555555,12-13,21.0,260-270
2020-05-01 13:10:00,0.06926428362035146,251.0,12.491542857142857,263.5265428571429,11.824114285714286,11-12,23.0,260-270
2020-05-01 13:20:00,0.09315941167315499,251.0,10.53817142857143,261.7746571428571,10.059685714285715,10-11,30.0,260-270
2020-05-01 13:30:00,0.08919949118008991,251.0,11.000416666666666,271.9503888888889,10.504916666666666,10-11,30.0,270-280
2020-05-01 13:40:00,0.0861855324477396,251.0,11.160228571428572,267.6710285714286,10.180542857142857,10-11,30.0,260-270
2020-05-01 13:50:00,0.10360811553072913,251.0,10.263457142857144,268.32197142857143,10.119428571428571,10-11,30.0,260-270
2020-05-01 14:00:00,0.09401383356759133,251.0,10.926583333333333,267.4192777777778,10.306000000000001,10-11,30.0,260-270
2020-05-01 14:10:00,0.07415817218527376,251.0,10.831914285714285,270.58991428571426,10.498628571428572,10-11,30.0,270-280
2020-05-01 14:20:00,0.07158010596131946,251.0,11.59077142857143,268.4853142857143,11.509857142857143,11-12,23.0,260-270
2020-05-01 14:30:00,0.06161745895052554,251.0,10.639000000000001,270.7975833333333,10.259694444444444,10-11,30.0,270-280
2020-05-01 14:40:00,0.09985297052359314,251.0,11.160114285714286,264.3059428571429,10.271714285714285,10-11,30.0,260-270
2020-05-01 14:50:00,0.07567328257549398,251.0,11.550342857142857,267.1150857142857,11.540228571428571,11-12,23.0,260-270
2020-05-01 15:00:00,0.044644373722105564,251.0,10.888972222222222,271.3053611111111,10.747944444444444,10-11,30.0,270-280
2020-05-01 15:10:00,0.052678370305317856,251.0,10.459857142857144,270.58745714285715,10.197428571428572,10-11,30.0,270-280
2020-05-01 15:20:00,0.0646243925196097,251.0,10.306,271.8261142857143,9.905485714285714,9-10,49.0,270-280
2020-05-01 15:30:00,0.06839295846647934,251.0,10.419472222222222,272.2361111111111,10.352083333333333,10-11,30.0,270-280
2020-05-01 15:40:00,0.0614895090691602,251.0,10.47297142857143,273.11888571428574,10.393971428571428,10-11,30.0,270-280
2020-05-01 15:50:00,0.0637363836904009,251.0,9.592571428571429,272.58097142857144,9.071285714285715,9-10,49.0,270-280
2020-05-01 16:00:00,0.046415491138212,251.0,10.150972222222222,266.6462222222222,9.625416666666666,9-10,49.0,260-270
2020-05-01 16:10:00,0.05330617753546068,251.0,9.926942857142857,264.45925714285715,9.689257142857144,9-10,49.0,260-270
2020-05-01 16:20:00,0.05435621682249685,251.0,9.8116,271.8088857142857,9.708285714285715,9-10,49.0,270-280
2020-05-01 16:30:00,0.047382456674947775,251.0,9.37813888888889,277.88294444444443,9.485083333333334,9-10,49.0,270-280
2020-05-01 16:40:00,0.04418818193184297,251.0,9.146971428571428,271.1501714285714,8.726171428571428,8-9,73.0,270-280
2020-05-01 16:50:00,0.03758695829680009,251.0,9.215685714285714,266.9919142857143,8.990142857142857,8-9,73.0,260-270
2020-05-01 17:00:00,0.09857387631682303,251.0,7.910972222222223,273.1598888888889,7.507888888888889,7-8,42.0,270-280
2020-05-01 17:10:00,0.058887764013098344,251.0,8.440742857142856,268.65702857142855,8.225085714285713,8-9,73.0,260-270
2020-05-01 17:20:00,0.04872179935084857,251.0,7.263485714285714,276.33522857142856,6.633571428571429,6-7,45.0,270-280
2020-05-01 17:30:00,0.042121981427646726,251.0,6.895361111111111,280.33430555555555,6.899416666666666,6-7,45.0,280-290
2020-05-01 17:40:00,0.066104346865005,251.0,6.987571428571428,276.5318,6.589200000000001,6-7,45.0,270-280
2020-05-01 17:50:00,0.04170642676587704,251.0,6.590942857142857,276.0832285714286,6.054142857142858,6-7,45.0,270-280
2020-05-01 18:00:00,0.04749051443102284,251.0,6.728944444444444,277.1951111111111,6.546,6-7,45.0,270-280
2020-05-01 18:10:00,0.04341101831924292,251.0,7.1536285714285714,274.5083142857143,7.641028571428571,7-8,42.0,270-280
2020-05-01 18:20:00,0.03687698649771082,251.0,7.785771428571429,275.9644571428571,8.094942857142856,8-9,73.0,270-280
2020-05-01 18:30:00,0.02123337336360632,251.0,7.774777777777778,269.1025,8.021444444444445,8-9,73.0,260-270
2020-05-01 18:40:00,0.02866105174247051,251.0,7.757942857142858,266.0554,7.628028571428572,7-8,42.0,260-270
2020-05-01 18:50:00,0.057617389317735884,251.0,7.642971428571429,268.44780000000003,7.976428571428571,7-8,42.0,260-270
2020-05-01 19:00:00,0.03641175624344836,251.0,8.569222222222223,266.44097222222223,8.751888888888889,8-9,73.0,260-270
2020-05-01 19:10:00,0.04335009948104669,251.0,8.179057142857143,264.6665428571429,8.4012,8-9,73.0,260-270
2020-05-01 19:20:00,0.04090933383820725,251.0,8.7136,262.69514285714286,8.507457142857143,8-9,73.0,260-270
2020-05-01 19:30:00,0.041538363517509884,251.0,7.831666666666667,261.03175,7.713694444444444,7-8,42.0,260-270
2020-05-01 19:40:00,0.046155217806817556,251.0,7.822571428571429,264.1958571428571,6.908457142857142,6-7,45.0,260-270
2020-05-01 19:50:00,0.052691627743056746,251.0,9.064171428571427,263.96222857142857,8.509028571428571,8-9,73.0,260-270
2020-05-01 20:00:00,0.035883833555889214,251.0,8.951638888888889,265.26197222222225,7.873749999999999,7-8,42.0,260-270
2020-05-01 20:10:00,0.07069617955659314,251.0,9.030628571428572,266.3914857142857,7.696257142857144,7-8,42.0,260-270
2020-05-01 20:20:00,0.06614633207713386,251.0,9.241885714285715,263.53242857142857,8.733828571428571,8-9,73.0,260-270
2020-05-01 20:30:00,0.09433119847649195,251.0,8.827055555555555,263.73499999999996,8.467944444444445,8-9,73.0,260-270
2020-05-01 20:40:00,0.04401045360429393,251.0,8.019342857142858,261.58777142857144,7.134057142857143,7-8,42.0,260-270
2020-05-01 20:50:00,0.03073323518118303,251.0,8.2676,257.62971428571433,7.526485714285715,7-8,42.0,250-260
2020-05-01 21:00:00,0.028065624668107032,251.0,8.621638888888889,258.3862222222222,7.220722222222221,7-8,42.0,250-260
2020-05-01 21:10:00,0.02847572013068114,251.0,8.121828571428571,257.8103714285714,7.316171428571428,7-8,42.0,250-260
2020-05-01 21:20:00,0.02637088505673142,251.0,7.598085714285714,253.34114285714287,6.0576,6-7,45.0,250-260
2020-05-01 21:30:00,0.028631728482573154,251.0,7.528972222222222,245.74158333333332,7.340861111111112,7-8,42.0,240-250
2020-05-01 21:40:00,0.022791237226618813,251.0,8.006742857142857,247.1418,8.314342857142858,8-9,73.0,240-250
2020-05-01 21:50:00,0.049558384386098345,251.0,8.847914285714287,252.47671428571428,8.801342857142858,8-9,73.0,250-260
2020-05-01 22:00:00,0.026873050406299007,251.0,9.169527777777779,250.8994166666667,8.187888888888889,8-9,73.0,250-260
2020-05-01 22:10:00,0.04608933109672214,251.0,9.360657142857143,252.37737142857145,7.868428571428571,7-8,42.0,250-260
2020-05-01 22:20:00,0.02823382974865939,251.0,9.824857142857143,257.2732,8.014457142857143,8-9,73.0,250-260
2020-05-01 22:30:00,0.016424577873935434,251.0,9.46436111111111,259.0612777777778,8.054194444444445,8-9,73.0,250-260
2020-05-01 22:40:00,0.025425969766475008,251.0,9.118,259.5620285714286,7.880285714285715,7-8,42.0,250-260
2020-05-01 22:50:00,0.05180066492921976,251.0,9.600742857142857,261.3747714285714,7.7056571428571425,7-8,42.0,260-270
2020-05-01 23:00:00,0.07326870458720497,251.0,9.558472222222223,260.92325,7.884222222222222,7-8,42.0,260-270
2020-05-01 23:10:00,0.027164843230657026,251.0,8.958057142857143,258.0678,8.00982857142857,8-9,73.0,250-260
2020-05-01 23:20:00,0.040285722133486454,251.0,8.965171428571429,258.21508571428575,8.178142857142857,8-9,73.0,250-260
2020-05-01 23:30:00,0.04401349584934235,251.0,9.640638888888889,260.0539166666667,8.168083333333334,8-9,73.0,260-270
2020-05-01 23:40:00,0.03141675807345721,251.0,9.621314285714286,260.2910857142857,7.942142857142858,7-8,42.0,260-270
2020-05-01 23:50:00,0.031008403335693876,251.0,9.392342857142856,263.7697142857143,7.2142,7-8,42.0,260-270
2020-05-02 00:00:00,0.0233506507981528,251.0,9.177206896551725,263.3524827586207,6.795068965517241,6-7,45.0,260-270
2020-05-02 00:10:00,0.01817733495393696,251.0,8.71185294117647,261.6017647058823,7.107382352941177,7-8,42.0,260-270
2020-05-02 00:20:00,0.02674396083241674,251.0,8.383085714285714,261.13674285714285,6.767114285714285,6-7,45.0,260-270
2020-05-02 00:30:00,0.039173693204156326,251.0,8.474472222222223,263.85908333333333,6.648055555555556,6-7,45.0,260-270
2020-05-02 00:40:00,0.03443094356653717,251.0,8.518457142857143,260.326,6.632485714285714,6-7,45.0,260-270
2020-05-02 00:50:00,0.03395022421762565,251.0,8.791,260.3970571428572,7.326171428571429,7-8,42.0,260-270
2020-05-02 01:00:00,0.020075332580039622,251.0,9.217027777777778,261.8643888888889,7.546138888888889,7-8,42.0,260-270
2020-05-02 01:10:00,0.02125090680044898,251.0,9.144485714285715,258.32054285714287,8.306828571428571,8-9,73.0,250-260
2020-05-02 01:20:00,0.02523279138494841,251.0,9.449542857142857,257.00385714285716,8.894857142857143,8-9,73.0,250-260
2020-05-02 01:30:00,0.0233559957131902,251.0,9.84536111111111,258.67952777777776,9.416888888888888,9-10,49.0,250-260
2020-05-02 01:40:00,0.024847314762176876,251.0,10.067542857142856,262.8026571428572,8.804885714285714,8-9,73.0,260-270
2020-05-02 01:50:00,0.03123915157816507,251.0,10.128914285714286,265.4426,8.292485714285714,8-9,73.0,260-270
2020-05-02 02:00:00,0.03663420651096622,251.0,10.16463888888889,268.3343611111111,9.294333333333334,9-10,49.0,260-270
2020-05-02 02:10:00,0.043717397974989074,251.0,9.895342857142857,265.11851428571424,8.492085714285714,8-9,73.0,260-270
2020-05-02 02:20:00,0.03992796483472524,251.0,9.538971428571427,263.4378,7.037657142857143,7-8,42.0,260-270
2020-05-02 02:30:00,0.05324534009060881,251.0,9.81157142857143,261.91505714285717,7.895228571428572,7-8,42.0,260-270
2020-05-02 02:40:00,0.036828823469579684,251.0,10.748371428571428,266.04808571428566,7.991485714285714,7-8,42.0,260-270
2020-05-02 02:50:00,0.06626494702060373,251.0,10.5902,264.4772571428571,7.647257142857143,7-8,42.0,260-270
2020-05-02 03:00:00,0.06041686398359577,251.0,11.3195,266.86674999999997,6.731944444444444,6-7,45.0,260-270
2020-05-02 03:10:00,0.07682243988296181,251.0,10.47477142857143,258.4720285714286,7.5596571428571435,7-8,42.0,250-260
2020-05-02 03:20:00,0.035568788043622006,251.0,11.690914285714285,261.2200285714286,10.267828571428572,10-11,30.0,260-270
2020-05-02 03:30:00,0.04743393952191381,251.0,10.6365,261.2944444444445,9.6005,9-10,49.0,260-270
2020-05-02 03:40:00,0.04048524144443759,251.0,10.442294117647059,262.69926470588234,8.477411764705883,8-9,73.0,260-270
2020-05-02 03:50:00,0.06546290991698402,251.0,10.904085714285713,264.9573142857143,9.654514285714287,9-10,49.0,260-270
2020-05-02 04:00:00,0.04609186724777535,251.0,11.517000000000001,264.7991666666667,9.897583333333333,9-10,49.0,260-270
2020-05-02 04:10:00,0.034817846649447835,251.0,11.098114285714287,267.20362857142857,9.71422857142857,9-10,49.0,260-270
2020-05-02 04:20:00,0.03277234263332494,251.0,11.510828571428572,271.03331428571425,10.035400000000001,10-11,30.0,270-280
2020-05-02 04:30:00,0.011439147547731033,251.0,10.711111111111112,271.7562222222222,9.672611111111111,9-10,49.0,270-280
2020-05-02 04:40:00,0.013013110456852333,251.0,10.482085714285715,272.14034285714285,9.818085714285713,9-10,49.0,270-280
2020-05-02 04:50:00,0.029969626770899222,251.0,10.079485714285713,273.9626857142857,9.343771428571428,9-10,49.0,270-280
2020-05-02 05:00:00,0.013688304850026312,251.0,9.529138888888887,272.6779722222222,8.562666666666667,8-9,73.0,270-280
2020-05-02 05:10:00,0.019034175052338773,251.0,9.365685714285714,275.41617142857143,9.147885714285714,9-10,49.0,270-280
2020-05-02 05:20:00,0.015369886728948292,251.0,9.688542857142856,276.987,9.055485714285714,9-10,49.0,270-280
2020-05-02 05:30:00,0.018115477984437203,251.0,9.613805555555555,283.6794722222222,8.508527777777779,8-9,73.0,280-290
2020-05-02 05:40:00,0.032930641579673,251.0,9.264314285714285,286.886,7.8872857142857145,7-8,42.0,280-290
2020-05-02 05:50:00,0.042600566837739884,251.0,8.856685714285714,289.6237142857143,7.409514285714287,7-8,42.0,280-290
2020-05-02 06:00:00,0.05417584131008951,251.0,8.660722222222223,293.8638888888889,7.327805555555555,7-8,42.0,290-300
2020-05-02 06:10:00,0.10868793930508841,251.0,7.5934285714285705,294.89122857142854,6.211685714285714,6-7,45.0,290-300
2020-05-02 06:20:00,0.10185605689558251,251.0,7.887142857142858,290.51217142857143,6.445457142857143,6-7,45.0,290-300
2020-05-02 06:30:00,0.1316183587620657,251.0,7.018833333333333,286.9316944444444,6.010833333333333,6-7,45.0,280-290
2020-05-02 06:40:00,0.11941209398272058,251.0,6.945228571428571,284.296,6.190542857142857,6-7,45.0,280-290
2020-05-02 06:50:00,0.09879729034167856,251.0,7.3945428571428575,284.9062,6.421171428571429,6-7,45.0,280-290
2020-05-02 07:00:00,0.1149708572239258,251.0,6.965694444444444,275.5931111111111,6.44825,6-7,45.0,270-280
2020-05-02 07:10:00,0.16660575230691602,251.0,8.3752,289.6879714285714,8.038085714285716,8-9,73.0,280-290
2020-05-02 07:20:00,0.0986715283893543,251.0,10.264828571428572,291.83774285714287,9.3438,9-10,49.0,290-300
2020-05-02 07:30:00,0.055441876489423614,251.0,9.632833333333332,299.90688888888894,9.179916666666667,9-10,49.0,290-300
2020-05-02 07:40:00,0.05541635069401961,251.0,9.82237142857143,292.91457142857143,9.370485714285714,9-10,49.0,290-300
2020-05-02 07:50:00,0.13831214049803692,251.0,10.099499999999999,299.78476470588237,9.925588235294116,9-10,49.0,290-300
2020-05-02 08:00:00,0.1727522691449434,251.0,9.130382352941176,293.7259705882353,8.619323529411766,8-9,73.0,290-300
2020-05-02 08:10:00,0.1305837737433722,251.0,9.458294117647059,285.42879411764704,9.108529411764707,9-10,49.0,280-290
2020-05-02 08:20:00,0.06056673147237538,251.0,10.308971428571429,286.16371428571426,9.902457142857143,9-10,49.0,280-290
2020-05-02 08:30:00,0.11125054652477878,251.0,9.747111111111112,285.8495555555556,9.484555555555556,9-10,49.0,280-290
2020-05-02 08:40:00,0.11978347658276627,251.0,10.034371428571427,277.8875428571429,9.634285714285713,9-10,49.0,270-280
2020-05-02 08:50:00,0.1277778623493326,251.0,9.300828571428571,280.84691428571426,9.006742857142857,9-10,49.0,280-290
2020-05-02 09:00:00,0.11304586546695973,251.0,9.369441176470588,282.8370294117647,8.609441176470588,8-9,73.0,280-290
2020-05-02 09:10:00,0.13047709598140897,251.0,9.97359375,288.11128125,9.8278125,9-10,49.0,280-290
2020-05-02 09:20:00,0.11164123866934791,251.0,9.867382352941176,283.9091470588235,8.664352941176471,8-9,73.0,280-290
2020-05-02 09:30:00,0.08894535035718114,251.0,8.267694444444444,280.67519444444446,7.4776388888888885,7-8,42.0,280-290
2020-05-02 09:40:00,0.1683846874255854,251.0,7.391228571428571,274.13791428571426,6.639057142857142,6-7,45.0,270-280
2020-05-02 09:50:00,0.19079172132638209,251.0,9.060828571428573,287.111,8.779,8-9,73.0,280-290
2020-05-02 10:00:00,0.12965978573135112,251.0,8.77586111111111,286.5423333333333,8.733194444444443,8-9,73.0,280-290
2020-05-02 10:10:00,0.09718567371393634,251.0,9.614257142857143,292.49305714285714,9.298057142857143,9-10,49.0,290-300
2020-05-02 10:20:00,0.09591517159383989,251.0,9.190457142857143,298.0558857142857,8.865085714285716,8-9,73.0,290-300
2020-05-02 10:30:00,0.1029266053807517,251.0,8.814333333333334,292.4689722222222,8.419194444444445,8-9,73.0,290-300
2020-05-02 10:40:00,0.08579763983472895,251.0,9.173,302.72374285714284,9.2674,9-10,49.0,300-310
2020-05-02 10:50:00,0.035319550036770266,251.0,8.601257142857142,291.3983142857143,8.316628571428572,8-9,73.0,290-300
2020-05-02 11:00:00,0.14465685819633214,251.0,8.271666666666667,293.69111111111107,8.169111111111112,8-9,73.0,290-300
2020-05-02 11:10:00,0.11283798716003014,251.0,8.411314285714287,293.17637142857143,8.024114285714285,8-9,73.0,290-300
2020-05-02 11:20:00,0.1268317723236241,251.0,8.230485714285715,301.0117714285714,8.0352,8-9,73.0,300-310
2020-05-02 11:30:00,0.16435256277691793,251.0,9.285166666666667,285.65863888888885,9.239916666666666,9-10,49.0,280-290
2020-05-02 11:40:00,0.11121544824679784,251.0,10.505942857142857,281.71799999999996,10.37722857142857,10-11,30.0,280-290
2020-05-02 11:50:00,0.14203661413401358,251.0,9.827628571428571,275.2658285714286,9.658514285714286,9-10,49.0,270-280
2020-05-02 12:00:00,0.13548299107153516,251.0,9.050722222222223,282.074,8.502944444444445,8-9,73.0,280-290
2020-05-02 12:10:00,0.16714456029553468,251.0,9.293885714285715,287.88654285714284,8.813485714285713,8-9,73.0,280-290
2020-05-02 12:20:00,0.09589725962283474,251.0,9.242542857142857,298.08331428571427,9.245771428571429,9-10,49.0,290-300
2020-05-02 12:30:00,0.11530919491888832,251.0,9.34988888888889,304.1545,8.750027777777778,8-9,73.0,300-310
2020-05-02 12:40:00,0.10674742177951017,251.0,9.156828571428571,299.6395428571429,8.604142857142856,8-9,73.0,290-300
2020-05-02 12:50:00,0.11604681836923342,251.0,8.691714285714285,299.1804857142857,8.384457142857144,8-9,73.0,290-300
2020-05-02 13:00:00,0.11727017467316415,251.0,8.415194444444445,296.19322222222223,8.280305555555556,8-9,73.0,290-300
2020-05-02 13:10:00,0.1104603795692478,251.0,8.036342857142857,298.45248571428573,8.124228571428572,8-9,73.0,290-300
2020-05-02 13:20:00,0.10042721103164111,251.0,8.768685714285715,299.9943714285714,8.463171428571428,8-9,73.0,290-300
2020-05-02 13:30:00,0.10431224918340132,251.0,8.50125,297.91530555555556,8.18575,8-9,73.0,290-300
2020-05-02 13:40:00,0.12653407219354484,251.0,8.717371428571429,297.1210857142857,8.552714285714284,8-9,73.0,290-300
2020-05-02 13:50:00,0.0954426030491492,251.0,9.374028571428571,298.91445714285715,9.263742857142857,9-10,49.0,290-300
2020-05-02 14:00:00,0.12766005902953098,251.0,8.901611111111112,287.1953888888889,8.668055555555556,8-9,73.0,280-290
2020-05-02 14:10:00,0.11411199041749191,251.0,9.0244,302.1635428571429,8.895428571428571,8-9,73.0,300-310
2020-05-02 14:20:00,0.13079630126212674,251.0,8.38722857142857,295.5087142857143,8.387028571428571,8-9,73.0,290-300
2020-05-02 14:30:00,0.04617112064003043,251.0,8.992055555555556,297.75075,8.922805555555556,8-9,73.0,290-300
2020-05-02 14:40:00,0.06246684949904238,251.0,8.597142857142856,296.2993714285714,8.521971428571428,8-9,73.0,290-300
2020-05-02 14:50:00,0.06670776383859088,251.0,8.9464,294.8308285714286,8.963171428571428,8-9,73.0,290-300
2020-05-02 15:00:00,0.07637550897428387,251.0,8.388333333333334,295.78666666666663,8.460333333333333,8-9,73.0,290-300
2020-05-02 15:10:00,0.11091348795035964,251.0,8.4754,300.01162857142856,8.327685714285714,8-9,73.0,300-310
2020-05-02 15:20:00,0.0509469020486499,251.0,8.903085714285714,301.8079714285714,8.931885714285714,8-9,73.0,300-310
2020-05-02 15:30:00,0.08521641172808113,251.0,8.369305555555556,301.3305833333333,8.356361111111111,8-9,73.0,300-310
2020-05-02 15:40:00,0.06144699859646269,251.0,8.736914285714285,301.1834285714286,8.524342857142857,8-9,73.0,300-310
2020-05-02 15:50:00,0.05426954897561075,251.0,8.649942857142857,300.91325714285716,8.463571428571429,8-9,73.0,300-310
2020-05-02 16:00:00,0.06479160762479887,251.0,8.292472222222223,296.5756666666667,7.851638888888889,7-8,42.0,290-300
2020-05-02 16:10:00,0.09769597880659123,251.0,8.231914285714286,300.73220000000003,8.345085714285716,8-9,73.0,300-310
2020-05-02 16:20:00,0.14754752952387473,251.0,8.07397142857143,297.4106,8.166371428571429,8-9,73.0,290-300
2020-05-02 16:30:00,0.0832906090689158,251.0,8.411527777777778,300.1346111111111,8.188083333333333,8-9,73.0,300-310
2020-05-02 16:40:00,0.057833031056460794,251.0,8.036685714285714,303.17085714285713,7.856171428571429,7-8,42.0,300-310
2020-05-02 16:50:00,0.0439698601615693,251.0,8.108085714285714,301.9885142857143,7.867971428571429,7-8,42.0,300-310
2020-05-02 17:00:00,0.05848429525604609,251.0,7.450944444444444,301.06938888888885,7.184361111111111,7-8,42.0,300-310
2020-05-02 17:10:00,0.06766494631031475,251.0,6.740142857142857,296.2139142857143,6.414828571428572,6-7,45.0,290-300
2020-05-02 17:20:00,0.05318387154033894,251.0,6.568142857142857,293.1938285714286,6.359742857142858,6-7,45.0,290-300
2020-05-02 17:30:00,0.04190987078385167,251.0,6.255166666666667,294.0295277777778,6.333472222222222,6-7,45.0,290-300
2020-05-02 17:40:00,0.03445547573114239,251.0,6.610885714285715,293.65811428571425,6.355857142857143,6-7,45.0,290-300
2020-05-02 17:50:00,0.0447120237011205,251.0,6.743914285714286,294.99434285714284,6.894228571428571,6-7,45.0,290-300
2020-05-02 18:00:00,0.023452351495969755,251.0,6.4070277777777775,292.55702777777776,6.190666666666667,6-7,45.0,290-300
2020-05-02 18:10:00,0.031106423425894123,251.0,6.644685714285714,292.0108857142857,6.291514285714285,6-7,45.0,290-300
2020-05-02 18:20:00,0.03527948350660454,251.0,6.3322,293.59045714285713,6.038,6-7,45.0,290-300
2020-05-02 18:30:00,0.026378159546104295,251.0,6.3132222222222225,290.4939166666667,6.219361111111111,6-7,45.0,290-300
2020-05-02 18:40:00,0.0440926401884147,251.0,6.163028571428571,288.8882857142857,6.344714285714286,6-7,45.0,280-290
2020-05-02 18:50:00,0.030578169482419506,251.0,6.000914285714286,286.2604,5.583285714285714,5-6,3.0,280-290
2020-05-02 19:00:00,0.013338951090438379,251.0,6.220944444444445,284.81730555555555,5.67875,5-6,3.0,280-290
2020-05-02 19:10:00,0.03039126067432127,251.0,6.297828571428572,280.9003428571429,6.2036,6-7,45.0,280-290
2020-05-02 19:20:00,0.014769386343128705,251.0,6.957828571428571,281.83985714285717,6.9268,6-7,45.0,280-290
2020-05-02 19:30:00,0.012305732090908463,251.0,6.701972222222222,277.8495833333333,6.646222222222223,6-7,45.0,270-280
2020-05-02 19:40:00,0.016204462433193186,251.0,6.751428571428572,274.6758571428572,6.3602,6-7,45.0,270-280
2020-05-02 19:50:00,0.02889633348991981,251.0,7.482285714285714,270.2326,7.476914285714286,7-8,42.0,270-280
2020-05-02 20:00:00,0.02870542499382054,251.0,7.8325000000000005,272.9488333333333,7.7155,7-8,42.0,270-280
2020-05-02 20:10:00,0.01866719193539795,251.0,8.681171428571428,272.4538857142857,8.255971428571428,8-9,73.0,270-280
2020-05-02 20:20:00,0.016743479464038414,251.0,9.119742857142857,271.7666,8.688714285714287,8-9,73.0,270-280
2020-05-02 20:30:00,0.013820326182930196,251.0,8.81611111111111,266.2013888888889,8.516833333333333,8-9,73.0,260-270
2020-05-02 20:40:00,0.0329129709886748,251.0,8.298285714285715,264.8501142857143,8.156828571428571,8-9,73.0,260-270
2020-05-02 20:50:00,0.012822345966743975,251.0,7.952657142857143,270.84700000000004,7.472371428571429,7-8,42.0,270-280
2020-05-02 21:00:00,0.018072397561168376,251.0,7.511222222222222,270.7946111111111,7.176,7-8,42.0,270-280
2020-05-02 21:10:00,0.022796243872206443,251.0,7.558542857142856,271.1154285714286,7.425,7-8,42.0,270-280
2020-05-02 21:20:00,0.011224128854038007,251.0,8.0022,273.7288,7.4644,7-8,42.0,270-280
2020-05-02 21:30:00,0.021948994922961568,251.0,8.06786111111111,273.8274166666667,7.280305555555556,7-8,42.0,270-280
2020-05-02 21:40:00,0.021703792139648084,251.0,7.759028571428571,271.62557142857145,7.009228571428571,7-8,42.0,270-280
2020-05-02 21:50:00,0.016253242764691256,251.0,7.380400000000001,271.60265714285714,6.551514285714286,6-7,45.0,270-280
2020-05-02 22:00:00,0.0284305142270434,251.0,6.73586111111111,267.74080555555554,6.375,6-7,45.0,260-270
2020-05-02 22:10:00,0.013989383544824676,251.0,6.727257142857143,264.5748857142857,6.140257142857142,6-7,45.0,260-270
2020-05-02 22:20:00,0.054929440105849846,251.0,7.208142857142857,259.42154285714287,6.510771428571429,6-7,45.0,250-260
2020-05-02 22:30:00,0.02733715305451793,251.0,7.8383611111111104,263.7680555555555,5.8364722222222225,5-6,3.0,260-270
2020-05-02 22:40:00,0.036982131653339634,251.0,7.8268571428571425,266.8903142857143,6.030171428571429,6-7,45.0,260-270
2020-05-02 22:50:00,0.03688223482104197,251.0,8.100714285714284,271.9837428571429,6.347742857142857,6-7,45.0,270-280
2020-05-02 23:00:00,0.03003458410838561,251.0,8.233722222222221,277.0487777777778,6.327833333333333,6-7,45.0,270-280
2020-05-02 23:10:00,0.03990952711259507,251.0,8.2088,277.67740000000003,6.805685714285715,6-7,45.0,270-280
2020-05-02 23:20:00,0.017369734693623406,251.0,8.0006,271.8668,6.5668,6-7,45.0,270-280
2020-05-02 23:30:00,0.02630828079591654,251.0,8.228916666666667,272.25233333333335,6.673527777777778,6-7,45.0,270-280
2020-05-02 23:40:00,0.022584161944575364,251.0,8.337885714285715,271.49088571428575,6.702114285714285,6-7,45.0,270-280
2020-05-02 23:50:00,0.017440754520418066,251.0,7.991714285714285,272.87062857142854,6.439058823529412,6-7,45.0,270-280
2020-05-01 00:00:00,0.03574476979018293,199.0,12.365466666666666,219.89986666666667,11.425233333333333,11-12,23.0,210-220
2020-05-01 00:10:00,0.053494184085179516,199.0,11.636057142857142,220.03614285714286,10.719199999999999,10-11,30.0,220-230
2020-05-01 00:20:00,0.06906799394427882,199.0,12.202685714285714,220.02417142857144,11.227628571428571,11-12,23.0,220-230
2020-05-01 00:30:00,0.061061906627960814,199.0,13.304777777777778,220.8589166666667,12.253666666666668,12-13,21.0,220-230
2020-05-01 00:40:00,0.07100173483211528,199.0,12.184885714285715,221.28777142857143,11.319228571428571,11-12,23.0,220-230
2020-05-01 00:50:00,0.06045151881942887,199.0,11.332571428571429,221.5404,10.408057142857142,10-11,30.0,220-230
2020-05-01 01:00:00,0.0648661837656512,199.0,12.097771428571429,221.56508571428571,10.861942857142857,10-11,30.0,220-230
2020-05-01 01:10:00,0.034334602418907796,199.0,13.468685714285714,223.72097142857143,11.917228571428572,11-12,23.0,220-230
2020-05-01 01:20:00,0.040815726468019,199.0,13.187457142857141,223.48637142857143,12.055857142857143,12-13,21.0,220-230
2020-05-01 01:30:00,0.046718593554879326,199.0,13.578527777777778,224.10708333333332,12.37363888888889,12-13,21.0,220-230
2020-05-01 01:40:00,0.0504840634440156,199.0,13.087200000000001,223.9841142857143,11.905057142857144,11-12,23.0,220-230
2020-05-01 01:50:00,0.09502872560663289,199.0,11.88557142857143,222.2808,10.342085714285714,10-11,30.0,220-230
2020-05-01 02:00:00,0.06627356326730119,199.0,12.32563888888889,222.11794444444445,11.140666666666668,11-12,23.0,220-230
2020-05-01 02:10:00,0.021507176585478058,199.0,12.7146,218.24754285714286,12.083714285714287,12-13,21.0,210-220
2020-05-01 02:20:00,0.02165736558229999,199.0,12.657428571428571,216.49068571428572,12.190114285714285,12-13,21.0,210-220
2020-05-01 02:30:00,0.02219710248697766,199.0,12.634777777777778,216.26919444444445,11.651277777777779,11-12,23.0,210-220
2020-05-01 02:40:00,0.03312230189641244,199.0,12.302257142857144,213.9171142857143,11.108485714285715,11-12,23.0,210-220
2020-05-01 02:50:00,0.031546345049254076,199.0,11.911457142857143,212.69037142857144,10.764885714285715,10-11,30.0,210-220
2020-05-01 03:00:00,0.026149894821850823,199.0,12.081555555555555,213.21944444444443,11.058083333333334,11-12,23.0,210-220
2020-05-01 03:10:00,0.0646305810093913,199.0,11.950914285714285,215.96408571428572,10.037485714285715,10-11,30.0,210-220
2020-05-01 03:20:00,0.09611430452527908,199.0,10.125114285714286,210.05300000000003,9.127342857142857,9-10,49.0,210-220
2020-05-01 03:30:00,0.052232823486310455,199.0,9.863944444444444,211.04505555555556,9.131194444444445,9-10,49.0,210-220
2020-05-01 03:40:00,0.042433223178643724,199.0,10.469257142857142,210.09422857142857,9.667742857142857,9-10,49.0,210-220
2020-05-01 03:50:00,0.03658334712997322,199.0,10.993857142857143,213.7906,10.036857142857144,10-11,30.0,210-220
2020-05-01 04:00:00,0.035832049134601494,199.0,11.030722222222222,215.8793888888889,10.07861111111111,10-11,30.0,210-220
2020-05-01 04:10:00,0.04194820184184585,199.0,11.217342857142858,212.54837142857144,10.008085714285714,10-11,30.0,210-220
2020-05-01 04:20:00,0.036148655183168586,199.0,10.836444444444444,211.92469444444444,9.886722222222224,9-10,49.0,210-220
2020-05-01 04:30:00,0.06322283162587665,199.0,9.858666666666668,212.37569444444443,9.09125,9-10,49.0,210-220
2020-05-01 04:40:00,0.07816681273717431,199.0,9.70442857142857,209.39562857142857,8.765714285714287,8-9,73.0,200-210
2020-05-01 04:50:00,0.06437697236047857,199.0,10.442457142857142,209.93768571428572,9.654971428571429,9-10,49.0,200-210
2020-05-01 05:00:00,0.051976327289092274,199.0,10.561305555555556,209.78794444444443,9.551055555555557,9-10,49.0,200-210
2020-05-01 05:10:00,0.07184772638871763,199.0,10.307685714285714,209.99862857142858,9.561657142857143,9-10,49.0,200-210
2020-05-01 05:20:00,0.07653104622300473,199.0,9.58597142857143,208.10728571428572,8.573485714285715,8-9,73.0,200-210
2020-05-01 05:30:00,0.09369522233266465,199.0,9.488777777777777,204.67886111111113,8.297055555555556,8-9,73.0,200-210
2020-05-01 05:40:00,0.07666454818527858,199.0,9.912428571428572,209.017,8.7322,8-9,73.0,200-210
2020-05-01 05:50:00,0.06351762201418848,199.0,10.477885714285714,209.81505714285714,9.909085714285714,9-10,49.0,200-210
2020-05-01 06:00:00,0.08861835627762892,199.0,10.514333333333333,211.00313888888888,9.782388888888889,9-10,49.0,210-220
2020-05-01 06:10:00,0.07946218463720103,199.0,10.187617647058824,216.08011764705884,9.22935294117647,9-10,49.0,210-220
2020-05-01 06:20:00,0.08600094025277404,199.0,10.494484848484849,215.05254545454545,9.516333333333334,9-10,49.0,210-220
2020-05-01 06:30:00,0.08943433886783565,199.0,11.2916,214.82297142857144,10.676257142857143,10-11,30.0,210-220
2020-05-01 06:40:00,0.07132317368213721,199.0,11.426235294117648,225.01011764705882,11.027000000000001,11-12,23.0,220-230
2020-05-01 06:50:00,0.10509120909024701,199.0,11.68364705882353,237.21332352941175,10.598029411764704,10-11,30.0,230-240
2020-05-01 07:00:00,0.07604621233042182,199.0,10.310457142857143,223.3084,8.723171428571428,8-9,73.0,220-230
2020-05-01 07:10:00,0.0504517470951235,199.0,10.8396,215.44417142857142,9.367199999999999,9-10,49.0,210-220
2020-05-01 07:20:00,0.08299712278075239,199.0,10.05417142857143,215.20694285714288,9.3994,9-10,49.0,210-220
2020-05-01 07:30:00,0.11689833749148339,199.0,10.116138888888889,216.78558333333334,9.979805555555556,9-10,49.0,210-220
2020-05-01 07:40:00,0.09656034995450889,199.0,11.095914285714287,219.70122857142857,10.674685714285713,10-11,30.0,210-220
2020-05-01 07:50:00,0.09101621301878984,199.0,11.634428571428572,219.07708571428572,11.5094,11-12,23.0,210-220
2020-05-01 08:00:00,0.08636765286587796,199.0,11.824833333333334,220.71816666666666,11.450333333333333,11-12,23.0,220-230
2020-05-01 08:10:00,0.091953535421031,199.0,12.737242424242424,219.62124242424244,12.236242424242423,12-13,21.0,210-220
2020-05-01 08:20:00,0.12708884183147526,199.0,12.733625,221.93725,12.6405625,12-13,21.0,220-230
2020-05-01 08:30:00,0.11863246940580123,199.0,12.819272727272727,226.44227272727272,12.192666666666668,12-13,21.0,220-230
2020-05-01 08:40:00,0.06803861575001245,199.0,12.49359375,228.10725,11.78290625,11-12,23.0,220-230
2020-05-01 08:50:00,0.06206421532754564,199.0,11.287515151515152,228.11172727272728,10.371636363636364,10-11,30.0,220-230
2020-05-01 09:00:00,0.07641297932873214,199.0,12.729527777777779,223.56158333333332,11.941638888888889,11-12,23.0,220-230
2020-05-01 09:10:00,0.12637488858369642,199.0,13.1732,220.64265714285716,12.928028571428571,12-13,21.0,220-230
2020-05-01 09:20:00,0.08678609182402595,199.0,12.935228571428572,222.4369142857143,12.694828571428571,12-13,21.0,220-230
2020-05-01 09:30:00,0.11118634087633551,199.0,12.370527777777777,227.55447222222222,12.001555555555555,12-13,21.0,220-230
2020-05-01 09:40:00,0.12168004034034717,199.0,12.330628571428571,228.13042857142858,12.017228571428571,12-13,21.0,220-230
2020-05-01 09:50:00,0.10717326025427726,199.0,13.05797142857143,229.0092285714286,12.64322857142857,12-13,21.0,220-230
2020-05-01 10:00:00,0.10254201719912719,199.0,13.582500000000001,229.90975,13.471166666666667,13-14,2.0,220-230
2020-05-01 10:10:00,0.12088373903974178,199.0,13.172142857142857,232.22445714285715,12.8424,12-13,21.0,230-240
2020-05-01 10:20:00,0.12858408513934688,199.0,13.924676470588237,232.84755882352943,13.383882352941177,13-14,2.0,230-240
2020-05-01 10:30:00,0.09740076391484934,199.0,12.0635,229.66941666666668,11.585749999999999,11-12,23.0,220-230
2020-05-01 10:40:00,0.14090776304428648,199.0,12.78346875,235.75440625,12.33353125,12-13,21.0,230-240
2020-05-01 10:50:00,0.08894261998932919,199.0,12.35514705882353,242.75829411764704,11.924382352941176,11-12,23.0,240-250
2020-05-01 11:00:00,0.11414362186945226,199.0,12.55338888888889,226.51994444444443,12.169305555555557,12-13,21.0,220-230
2020-05-01 11:10:00,0.13156595263980042,199.0,11.581735294117648,233.41570588235294,11.204911764705882,11-12,23.0,230-240
2020-05-01 11:20:00,0.16908512926236413,199.0,9.994575757575758,249.14448484848484,9.726757575757576,9-10,49.0,240-250
2020-05-01 11:30:00,0.1687021633930114,199.0,12.6520625,231.02446875,12.13025,12-13,21.0,230-240
2020-05-01 11:40:00,0.10041105085223419,199.0,12.448117647058822,222.17720588235292,12.269588235294117,12-13,21.0,220-230
2020-05-01 11:50:00,0.05575038577940784,199.0,12.358257142857143,227.48682857142856,11.913714285714287,11-12,23.0,220-230
2020-05-01 12:00:00,0.07123258455840602,199.0,11.957444444444445,232.68466666666666,10.79975,10-11,30.0,230-240
2020-05-01 12:10:00,0.08691827842258718,199.0,11.500142857142857,239.2429142857143,11.040057142857142,11-12,23.0,230-240
2020-05-01 12:20:00,0.10607066244339768,199.0,10.635828571428572,250.6128285714286,10.0682,10-11,30.0,250-260
2020-05-01 12:30:00,0.1027882177732226,199.0,12.115222222222222,271.98547222222226,11.686055555555555,11-12,23.0,270-280
2020-05-01 12:40:00,0.06333803057022767,199.0,12.602028571428573,268.82588571428573,12.621771428571428,12-13,21.0,260-270
2020-05-01 12:50:00,0.08704501574632549,199.0,13.053342857142857,268.2692571428571,12.362285714285715,12-13,21.0,260-270
2020-05-01 13:00:00,0.06427999230510269,199.0,13.344305555555556,267.6093055555555,12.959555555555555,12-13,21.0,260-270
2020-05-01 13:10:00,0.06310100113022332,199.0,12.167285714285715,263.1581428571429,11.824114285714286,11-12,23.0,260-270
2020-05-01 13:20:00,0.10350732700251694,199.0,10.213257142857143,261.3245142857143,10.059685714285715,10-11,30.0,260-270
2020-05-01 13:30:00,0.10702960867574855,199.0,10.829972222222223,273.1297777777778,10.504916666666666,10-11,30.0,270-280
2020-05-01 13:40:00,0.11065648523227926,199.0,10.680114285714286,268.0286571428572,10.180542857142857,10-11,30.0,260-270
2020-05-01 13:50:00,0.11069753019947604,199.0,10.067228571428572,269.95545714285714,10.119428571428571,10-11,30.0,260-270
2020-05-01 14:00:00,0.0795556608183222,199.0,10.726611111111112,267.8308611111111,10.306000000000001,10-11,30.0,260-270
2020-05-01 14:10:00,0.07818519998549749,199.0,10.603085714285715,272.10042857142855,10.498628571428572,10-11,30.0,270-280
2020-05-01 14:20:00,0.07327865325286347,199.0,11.50922857142857,269.34354285714284,11.509857142857143,11-12,23.0,260-270
2020-05-01 14:30:00,0.058814941693202526,199.0,10.448694444444445,273.1378888888889,10.259694444444444,10-11,30.0,270-280
2020-05-01 14:40:00,0.12687590609780208,199.0,10.752142857142857,264.9710857142857,10.271714285714285,10-11,30.0,260-270
2020-05-01 14:50:00,0.07612510420146207,199.0,11.517742857142856,267.63674285714285,11.540228571428571,11-12,23.0,260-270
2020-05-01 15:00:00,0.05387079743761872,199.0,10.801166666666667,272.61025,10.747944444444444,10-11,30.0,270-280
2020-05-01 15:10:00,0.06082617573015961,199.0,10.332857142857142,271.22294285714287,10.197428571428572,10-11,30.0,270-280
2020-05-01 15:20:00,0.07550866807755215,199.0,10.129285714285714,273.00725714285716,9.905485714285714,9-10,49.0,270-280
2020-05-01 15:30:00,0.07539011886658954,199.0,10.4505,272.7797777777778,10.352083333333333,10-11,30.0,270-280
2020-05-01 15:40:00,0.07611246056654945,199.0,10.480514285714285,274.115,10.393971428571428,10-11,30.0,270-280
2020-05-01 15:50:00,0.0809444163497973,199.0,9.310685714285714,273.8007714285714,9.071285714285715,9-10,49.0,270-280
2020-05-01 16:00:00,0.06081334117117823,199.0,9.993500000000001,267.6622777777778,9.625416666666666,9-10,49.0,260-270
2020-05-01 16:10:00,0.06077283331458132,199.0,9.881285714285713,264.2704,9.689257142857144,9-10,49.0,260-270
2020-05-01 16:20:00,0.056925790687199815,199.0,9.785571428571428,272.26374285714286,9.708285714285715,9-10,49.0,270-280
2020-05-01 16:30:00,0.05283643635733038,199.0,9.427027777777777,278.4960277777778,9.485083333333334,9-10,49.0,270-280
2020-05-01 16:40:00,0.056220954637955504,199.0,9.01442857142857,272.64468571428574,8.726171428571428,8-9,73.0,270-280
2020-05-01 16:50:00,0.04576555513786796,199.0,9.198457142857144,266.8724571428572,8.990142857142857,8-9,73.0,260-270
2020-05-01 17:00:00,0.10666450803386146,199.0,7.739777777777778,273.78555555555556,7.507888888888889,7-8,42.0,270-280
2020-05-01 17:10:00,0.05964136429437639,199.0,8.350657142857143,268.9887428571428,8.225085714285713,8-9,73.0,260-270
2020-05-01 17:20:00,0.05097167638427368,199.0,7.017371428571429,277.12934285714283,6.633571428571429,6-7,45.0,270-280
2020-05-01 17:30:00,0.046595621094012454,199.0,6.921861111111111,281.7422222222222,6.899416666666666,6-7,45.0,280-290
2020-05-01 17:40:00,0.07769982229951575,199.0,6.883571428571429,277.6243714285714,6.589200000000001,6-7,45.0,270-280
2020-05-01 17:50:00,0.07482673516095377,199.0,6.328571428571428,277.74285714285713,6.054142857142858,6-7,45.0,270-280
2020-05-01 18:00:00,0.06734507430662551,199.0,6.723833333333333,279.68683333333337,6.546,6-7,45.0,270-280
2020-05-01 18:10:00,0.03815620412747435,199.0,7.4874857142857145,277.8888285714286,7.641028571428571,7-8,42.0,270-280
2020-05-01 18:20:00,0.03582090355968234,199.0,8.0542,278.29297142857143,8.094942857142856,8-9,73.0,270-280
2020-05-01 18:30:00,0.028239012977123144,199.0,7.877777777777778,271.10372222222225,8.021444444444445,8-9,73.0,270-280
2020-05-01 18:40:00,0.02503862224331818,199.0,7.7622285714285715,268.11071428571427,7.628028571428572,7-8,42.0,260-270
2020-05-01 18:50:00,0.05233713704207035,199.0,7.932857142857142,269.8672857142857,7.976428571428571,7-8,42.0,260-270
2020-05-01 19:00:00,0.03241955052357162,199.0,8.973972222222223,267.5940277777778,8.751888888888889,8-9,73.0,260-270
2020-05-01 19:10:00,0.05496922306488616,199.0,8.386857142857144,265.70968571428574,8.4012,8-9,73.0,260-270
2020-05-01 19:20:00,0.04757066528871231,199.0,8.754199999999999,262.54594285714285,8.507457142857143,8-9,73.0,260-270
2020-05-01 19:30:00,0.04110165401214864,199.0,7.8015,261.6914722222222,7.713694444444444,7-8,42.0,260-270
2020-05-01 19:40:00,0.04393057743407609,199.0,7.595457142857143,264.39725714285714,6.908457142857142,6-7,45.0,260-270
2020-05-01 19:50:00,0.05709182588624596,199.0,8.923,263.6533428571429,8.509028571428571,8-9,73.0,260-270
2020-05-01 20:00:00,0.0380065080198672,199.0,8.578166666666668,263.4045277777778,7.873749999999999,7-8,42.0,260-270
2020-05-01 20:10:00,0.0866324265678286,199.0,8.496914285714286,263.8523714285714,7.696257142857144,7-8,42.0,260-270
2020-05-01 20:20:00,0.06971894808060893,199.0,9.111085714285714,263.0095714285714,8.733828571428571,8-9,73.0,260-270
2020-05-01 20:30:00,0.09906679450554585,199.0,8.750305555555556,263.04625,8.467944444444445,8-9,73.0,260-270
2020-05-01 20:40:00,0.05220370656188179,199.0,7.664942857142858,260.58522857142856,7.134057142857143,7-8,42.0,260-270
2020-05-01 20:50:00,0.027348374028732164,199.0,8.034942857142857,256.25525714285715,7.526485714285715,7-8,42.0,250-260
2020-05-01 21:00:00,0.03646273915901158,199.0,8.252083333333333,256.8713333333333,7.220722222222221,7-8,42.0,250-260
2020-05-01 21:10:00,0.03482362899912642,199.0,7.912542857142857,256.0762,7.316171428571428,7-8,42.0,250-260
2020-05-01 21:20:00,0.035374357297222346,199.0,7.158799999999999,249.8544285714286,6.0576,6-7,45.0,240-250
2020-05-01 21:30:00,0.05558098130690505,199.0,7.4006388888888885,242.47041666666667,7.340861111111112,7-8,42.0,240-250
2020-05-01 21:40:00,0.025067794024675447,199.0,8.101457142857143,244.40319999999997,8.314342857142858,8-9,73.0,240-250
2020-05-01 21:50:00,0.04668624548833309,199.0,8.962857142857143,249.372,8.801342857142858,8-9,73.0,240-250
2020-05-01 22:00:00,0.04416306118571425,199.0,8.774583333333332,246.1718611111111,8.187888888888889,8-9,73.0,240-250
2020-05-01 22:10:00,0.048677935294892616,199.0,8.469628571428572,246.04357142857143,7.868428571428571,7-8,42.0,240-250
2020-05-01 22:20:00,0.03665201792991263,199.0,9.136771428571429,251.22682857142857,8.014457142857143,8-9,73.0,250-260
2020-05-01 22:30:00,0.03221364971374186,199.0,9.082638888888889,254.67541666666668,8.054194444444445,8-9,73.0,250-260
2020-05-01 22:40:00,0.03951378658439349,199.0,8.752285714285714,255.53754285714285,7.880285714285715,7-8,42.0,250-260
2020-05-01 22:50:00,0.05021479424033194,199.0,8.9518,258.39925714285715,7.7056571428571425,7-8,42.0,250-260
2020-05-01 23:00:00,0.05838548864389251,199.0,8.920416666666666,258.65369444444445,7.884222222222222,7-8,42.0,250-260
2020-05-01 23:10:00,0.028558540946237623,199.0,8.6412,255.31888571428573,8.00982857142857,8-9,73.0,250-260
2020-05-01 23:20:00,0.03799679409978376,199.0,8.73862857142857,255.98497142857144,8.178142857142857,8-9,73.0,250-260
2020-05-01 23:30:00,0.044896902691208954,199.0,9.052,256.4411388888889,8.168083333333334,8-9,73.0,250-260
2020-05-01 23:40:00,0.03348911884204688,199.0,8.885971428571429,255.88694285714286,7.942142857142858,7-8,42.0,250-260
2020-05-01 23:50:00,0.04042971996707587,199.0,8.613771428571427,260.0424857142857,7.2142,7-8,42.0,260-270
2020-05-02 00:00:00,0.04211759428027253,199.0,8.085137931034483,258.0093448275862,6.795068965517241,6-7,45.0,250-260
2020-05-02 00:10:00,0.022453344361506304,199.0,8.036588235294118,256.97455882352943,7.107382352941177,7-8,42.0,250-260
2020-05-02 00:20:00,0.021443998924582,199.0,7.879428571428571,256.30385714285717,6.767114285714285,6-7,45.0,250-260
2020-05-02 00:30:00,0.030690028091134972,199.0,7.899944444444445,260.7812777777778,6.648055555555556,6-7,45.0,260-270
2020-05-02 00:40:00,0.05070613811252845,199.0,7.68397142857143,253.7712,6.632485714285714,6-7,45.0,250-260
2020-05-02 00:50:00,0.04824131744191084,199.0,8.138399999999999,254.56414285714288,7.326171428571429,7-8,42.0,250-260
2020-05-02 01:00:00,0.02733998815173609,199.0,8.627749999999999,257.78872222222225,7.546138888888889,7-8,42.0,250-260
2020-05-02 01:10:00,0.027592208164374105,199.0,8.851457142857143,255.1922857142857,8.306828571428571,8-9,73.0,250-260
2020-05-02 01:20:00,0.025870769409714604,199.0,9.106228571428572,252.9034,8.894857142857143,8-9,73.0,250-260
2020-05-02 01:30:00,0.017190947827271576,199.0,9.661361111111113,253.56583333333336,9.416888888888888,9-10,49.0,250-260
2020-05-02 01:40:00,0.030050477776370484,199.0,9.657171428571427,258.90965714285716,8.804885714285714,8-9,73.0,250-260
2020-05-02 01:50:00,0.041842899037820715,199.0,9.5626,260.68580000000003,8.292485714285714,8-9,73.0,260-270
2020-05-02 02:00:00,0.030862800558762303,199.0,9.824694444444445,267.0466944444445,9.294333333333334,9-10,49.0,260-270
2020-05-02 02:10:00,0.042283287733888834,199.0,9.401428571428571,263.3403714285714,8.492085714285714,8-9,73.0,260-270
2020-05-02 02:20:00,0.04453109154608744,199.0,8.694485714285715,259.8865714285715,7.037657142857143,7-8,42.0,250-260
2020-05-02 02:30:00,0.0544978544421077,199.0,9.028142857142857,258.71074285714286,7.895228571428572,7-8,42.0,250-260
2020-05-02 02:40:00,0.03390671533313163,199.0,9.777285714285714,260.6940571428571,7.991485714285714,7-8,42.0,260-270
2020-05-02 02:50:00,0.0632036122839229,199.0,9.163,256.11705714285716,7.647257142857143,7-8,42.0,250-260
2020-05-02 03:00:00,0.11740352392511884,199.0,9.63086111111111,260.12919444444447,6.731944444444444,6-7,45.0,260-270
2020-05-02 03:10:00,0.10230969374863365,199.0,9.15177142857143,255.97148571428573,7.5596571428571435,7-8,42.0,250-260
2020-05-02 03:20:00,0.04527922426276526,199.0,11.2864,259.9318,10.267828571428572,10-11,30.0,250-260
2020-05-02 03:30:00,0.05015865639327719,199.0,10.33025,260.6088888888889,9.6005,9-10,49.0,260-270
2020-05-02 03:40:00,0.06322655374814222,199.0,9.917205882352942,260.9865882352941,8.477411764705883,8-9,73.0,260-270
2020-05-02 03:50:00,0.06785912261257473,199.0,10.540657142857143,264.1003428571429,9.654514285714287,9-10,49.0,260-270
2020-05-02 04:00:00,0.04580411689528371,199.0,11.040583333333334,263.03111111111116,9.897583333333333,9-10,49.0,260-270
2020-05-02 04:10:00,0.03858596309796623,199.0,10.536914285714285,265.9075142857143,9.71422857142857,9-10,49.0,260-270
2020-05-02 04:20:00,0.0446149860835848,199.0,10.8798,268.3814571428572,10.035400000000001,10-11,30.0,260-270
2020-05-02 04:30:00,0.01987999054025283,199.0,10.353305555555556,268.75516666666664,9.672611111111111,9-10,49.0,260-270
2020-05-02 04:40:00,0.016049327403701904,199.0,10.316542857142858,269.94440000000003,9.818085714285713,9-10,49.0,260-270
2020-05-02 04:50:00,0.03230961162858116,199.0,9.923971428571429,271.25634285714284,9.343771428571428,9-10,49.0,270-280
2020-05-02 05:00:00,0.02259715059082318,199.0,9.37063888888889,269.7032222222222,8.562666666666667,8-9,73.0,260-270
2020-05-02 05:10:00,0.019135709236127067,199.0,9.314971428571429,273.08311428571426,9.147885714285714,9-10,49.0,270-280
2020-05-02 05:20:00,0.020434872214474244,199.0,9.460542857142856,274.1696285714286,9.055485714285714,9-10,49.0,270-280
2020-05-02 05:30:00,0.02168957005887094,199.0,9.262833333333333,281.6112777777778,8.508527777777779,8-9,73.0,280-290
2020-05-02 05:40:00,0.033917654699026266,199.0,8.667942857142856,284.2058,7.8872857142857145,7-8,42.0,280-290
2020-05-02 05:50:00,0.04004650755154196,199.0,8.335885714285714,286.65222857142857,7.409514285714287,7-8,42.0,280-290
2020-05-02 06:00:00,0.048872709564940074,199.0,8.206666666666667,291.9943333333333,7.327805555555555,7-8,42.0,290-300
2020-05-02 06:10:00,0.10741064165370554,199.0,6.909057142857143,290.7119142857143,6.211685714285714,6-7,45.0,290-300
2020-05-02 06:20:00,0.10554476159917554,199.0,7.154771428571428,287.7892,6.445457142857143,6-7,45.0,280-290
2020-05-02 06:30:00,0.12732662006222117,199.0,6.586777777777778,284.4968611111111,6.010833333333333,6-7,45.0,280-290
2020-05-02 06:40:00,0.14178373905113342,199.0,6.623314285714286,283.74951428571427,6.190542857142857,6-7,45.0,280-290
2020-05-02 06:50:00,0.09823207029495269,199.0,6.9504,282.0044857142857,6.421171428571429,6-7,45.0,280-290
2020-05-02 07:00:00,0.10722255706297895,199.0,6.577916666666667,277.2263888888889,6.44825,6-7,45.0,270-280
2020-05-02 07:10:00,0.1866937929194186,199.0,8.13662857142857,293.0639428571428,8.038085714285716,8-9,73.0,290-300
2020-05-02 07:20:00,0.1026973455300835,199.0,9.935599999999999,294.3671428571429,9.3438,9-10,49.0,290-300
2020-05-02 07:30:00,0.06119304888094409,199.0,9.409444444444444,301.43363888888894,9.179916666666667,9-10,49.0,300-310
2020-05-02 07:40:00,0.05343212424970254,199.0,9.763085714285715,293.6298857142857,9.370485714285714,9-10,49.0,290-300
2020-05-02 07:50:00,0.1352300538802785,199.0,10.05955882352941,304.5282352941176,9.925588235294116,9-10,49.0,300-310
2020-05-02 08:00:00,0.17268818838664649,199.0,8.833941176470589,293.3019705882353,8.619323529411766,8-9,73.0,290-300
2020-05-02 08:10:00,0.14736030807660952,199.0,9.271029411764705,286.5099411764706,9.108529411764707,9-10,49.0,280-290
2020-05-02 08:20:00,0.06869462298128648,199.0,10.156114285714287,286.8518,9.902457142857143,9-10,49.0,280-290
2020-05-02 08:30:00,0.10876774775995911,199.0,9.8165,289.87761111111115,9.484555555555556,9-10,49.0,280-290
2020-05-02 08:40:00,0.11648085275125244,199.0,9.877,282.4434857142857,9.634285714285713,9-10,49.0,280-290
2020-05-02 08:50:00,0.1486164187380065,199.0,9.109057142857143,283.1552571428571,9.006742857142857,9-10,49.0,280-290
2020-05-02 09:00:00,0.1420289751636057,199.0,9.11429411764706,283.65123529411767,8.609441176470588,8-9,73.0,280-290
2020-05-02 09:10:00,0.13310117567285557,199.0,10.01796875,288.4558125,9.8278125,9-10,49.0,280-290
2020-05-02 09:20:00,0.10935173260615379,199.0,9.515,287.01376470588235,8.664352941176471,8-9,73.0,280-290
2020-05-02 09:30:00,0.09448497981356001,199.0,7.9006944444444445,282.67775,7.4776388888888885,7-8,42.0,280-290
2020-05-02 09:40:00,0.16314378147440417,199.0,6.833485714285715,276.1098,6.639057142857142,6-7,45.0,270-280
2020-05-02 09:50:00,0.18817962466412558,199.0,8.788685714285714,290.5843428571428,8.779,8-9,73.0,290-300
2020-05-02 10:00:00,0.14867319097824122,199.0,8.818888888888889,292.44033333333334,8.733194444444443,8-9,73.0,290-300
2020-05-02 10:10:00,0.10581161342329631,199.0,9.606485714285714,295.0498,9.298057142857143,9-10,49.0,290-300
2020-05-02 10:20:00,0.08549627132089078,199.0,8.999085714285714,297.6550857142857,8.865085714285716,8-9,73.0,290-300
2020-05-02 10:30:00,0.09178632706712186,199.0,8.692444444444444,294.9228611111111,8.419194444444445,8-9,73.0,290-300
2020-05-02 10:40:00,0.0843063436953095,199.0,9.164542857142857,303.83851428571427,9.2674,9-10,49.0,300-310
2020-05-02 10:50:00,0.050278140944529266,199.0,8.543142857142858,293.9462571428572,8.316628571428572,8-9,73.0,290-300
2020-05-02 11:00:00,0.10330185449877617,199.0,8.290111111111111,302.4117777777778,8.169111111111112,8-9,73.0,300-310
2020-05-02 11:10:00,0.10892522255305502,199.0,8.153914285714286,296.3432,8.024114285714285,8-9,73.0,290-300
2020-05-02 11:20:00,0.10353521698383682,199.0,8.315257142857142,305.3729142857143,8.0352,8-9,73.0,300-310
2020-05-02 11:30:00,0.1471345692632924,199.0,9.460972222222223,287.1020555555555,9.239916666666666,9-10,49.0,280-290
2020-05-02 11:40:00,0.12065915473851781,199.0,10.608371428571429,282.3486571428571,10.37722857142857,10-11,30.0,280-290
2020-05-02 11:50:00,0.1189235245942589,199.0,9.853771428571429,275.61348571428573,9.658514285714286,9-10,49.0,270-280
2020-05-02 12:00:00,0.12844713090656937,199.0,9.054055555555557,287.00016666666664,8.502944444444445,8-9,73.0,280-290
2020-05-02 12:10:00,0.16862855003048444,199.0,9.2818,289.96025714285713,8.813485714285713,8-9,73.0,280-290
2020-05-02 12:20:00,0.10011907940120007,199.0,9.092714285714285,302.3639714285714,9.245771428571429,9-10,49.0,300-310
2020-05-02 12:30:00,0.11740816114732017,199.0,9.17013888888889,306.25086111111113,8.750027777777778,8-9,73.0,300-310
2020-05-02 12:40:00,0.11494457833093888,199.0,8.853085714285715,301.9881428571428,8.604142857142856,8-9,73.0,300-310
2020-05-02 12:50:00,0.11155326053487459,199.0,8.617571428571429,301.7852285714286,8.384457142857144,8-9,73.0,300-310
2020-05-02 13:00:00,0.10994509752054313,199.0,8.210222222222221,298.281,8.280305555555556,8-9,73.0,290-300
2020-05-02 13:10:00,0.11317914210460372,199.0,8.1832,300.8870285714286,8.124228571428572,8-9,73.0,300-310
2020-05-02 13:20:00,0.10021202541453132,199.0,8.672942857142857,301.9689714285714,8.463171428571428,8-9,73.0,300-310
2020-05-02 13:30:00,0.08698755319305199,199.0,8.46811111111111,302.52461111111114,8.18575,8-9,73.0,300-310
2020-05-02 13:40:00,0.12779663604302022,199.0,8.518657142857144,301.3308,8.552714285714284,8-9,73.0,300-310
2020-05-02 13:50:00,0.09206637246550932,199.0,9.248028571428572,301.432,9.263742857142857,9-10,49.0,300-310
2020-05-02 14:00:00,0.11325133301373945,199.0,8.86625,291.3877777777778,8.668055555555556,8-9,73.0,290-300
2020-05-02 14:10:00,0.11820100340821248,199.0,8.960714285714285,302.6164,8.895428571428571,8-9,73.0,300-310
2020-05-02 14:20:00,0.1329345627400723,199.0,8.390657142857142,296.8648857142857,8.387028571428571,8-9,73.0,290-300
2020-05-02 14:30:00,0.05645723054226767,199.0,9.032166666666667,298.59183333333334,8.922805555555556,8-9,73.0,290-300
2020-05-02 14:40:00,0.07405980424819804,199.0,8.588771428571429,297.96622857142853,8.521971428571428,8-9,73.0,290-300
2020-05-02 14:50:00,0.07504196928262863,199.0,8.945114285714286,295.62082857142855,8.963171428571428,8-9,73.0,290-300
2020-05-02 15:00:00,0.08097854452565269,199.0,8.423666666666668,296.28813888888885,8.460333333333333,8-9,73.0,290-300
2020-05-02 15:10:00,0.10017509366218678,199.0,8.452685714285714,302.7593428571428,8.327685714285714,8-9,73.0,300-310
2020-05-02 15:20:00,0.058238497749663616,199.0,8.976314285714286,302.84174285714283,8.931885714285714,8-9,73.0,300-310
2020-05-02 15:30:00,0.09100272495426136,199.0,8.426194444444445,304.26244444444444,8.356361111111111,8-9,73.0,300-310
2020-05-02 15:40:00,0.08668390387900884,199.0,8.692742857142857,303.6922857142857,8.524342857142857,8-9,73.0,300-310
2020-05-02 15:50:00,0.054570954270653504,199.0,8.609571428571428,301.5822,8.463571428571429,8-9,73.0,300-310
2020-05-02 16:00:00,0.07503258109483847,199.0,8.150527777777777,296.85002777777777,7.851638888888889,7-8,42.0,290-300
2020-05-02 16:10:00,0.10040117485577339,199.0,8.2678,301.50614285714283,8.345085714285716,8-9,73.0,300-310
2020-05-02 16:20:00,0.11752120331058519,199.0,8.2052,302.9691142857143,8.166371428571429,8-9,73.0,300-310
2020-05-02 16:30:00,0.07562967901966393,199.0,8.442,303.3043055555556,8.188083333333333,8-9,73.0,300-310
2020-05-02 16:40:00,0.06670883027884755,199.0,8.009314285714286,302.8027142857143,7.856171428571429,7-8,42.0,300-310
2020-05-02 16:50:00,0.048931315965777517,199.0,8.020657142857143,302.21194285714284,7.867971428571429,7-8,42.0,300-310
2020-05-02 17:00:00,0.0668933468077233,199.0,7.314916666666666,302.0403333333333,7.184361111111111,7-8,42.0,300-310
2020-05-02 17:10:00,0.07502018910221651,199.0,6.553171428571428,299.2278857142857,6.414828571428572,6-7,45.0,290-300
2020-05-02 17:20:00,0.05754675600306574,199.0,6.4877142857142855,293.83085714285716,6.359742857142858,6-7,45.0,290-300
2020-05-02 17:30:00,0.04560423595326616,199.0,6.307472222222222,293.4016666666667,6.333472222222222,6-7,45.0,290-300
2020-05-02 17:40:00,0.041701473190169876,199.0,6.574428571428571,293.45002857142856,6.355857142857143,6-7,45.0,290-300
2020-05-02 17:50:00,0.05129768125312309,199.0,6.799971428571428,295.2832285714286,6.894228571428571,6-7,45.0,290-300
2020-05-02 18:00:00,0.028068599754820137,199.0,6.339888888888889,294.35347222222225,6.190666666666667,6-7,45.0,290-300
2020-05-02 18:10:00,0.03483299887115778,199.0,6.5079142857142855,293.69717142857144,6.291514285714285,6-7,45.0,290-300
2020-05-02 18:20:00,0.03958415998184951,199.0,6.247542857142856,295.31302857142856,6.038,6-7,45.0,290-300
2020-05-02 18:30:00,0.02225303986283549,199.0,6.259777777777778,292.29883333333333,6.219361111111111,6-7,45.0,290-300
2020-05-02 18:40:00,0.04189256037136778,199.0,6.219714285714286,291.8432857142857,6.344714285714286,6-7,45.0,290-300
2020-05-02 18:50:00,0.030116813667498306,199.0,5.7922,287.36062857142855,5.583285714285714,5-6,3.0,280-290
2020-05-02 19:00:00,0.016771238217754322,199.0,6.136861111111111,284.66855555555554,5.67875,5-6,3.0,280-290
2020-05-02 19:10:00,0.03826407009831105,199.0,6.3202,280.7607428571429,6.2036,6-7,45.0,280-290
2020-05-02 19:20:00,0.014753403399576526,199.0,7.003457142857143,282.0221714285714,6.9268,6-7,45.0,280-290
2020-05-02 19:30:00,0.02167325586544153,199.0,6.7179722222222225,277.7570277777778,6.646222222222223,6-7,45.0,270-280
2020-05-02 19:40:00,0.017911725014881245,199.0,6.637485714285715,274.3748,6.3602,6-7,45.0,270-280
2020-05-02 19:50:00,0.029128626983179032,199.0,7.521000000000001,269.8290285714286,7.476914285714286,7-8,42.0,260-270
2020-05-02 20:00:00,0.025998642924238764,199.0,7.796527777777778,272.1187777777778,7.7155,7-8,42.0,270-280
2020-05-02 20:10:00,0.029734542801151932,199.0,8.664657142857143,271.24445714285713,8.255971428571428,8-9,73.0,270-280
2020-05-02 20:20:00,0.022314139299930008,199.0,9.102142857142857,271.1871714285714,8.688714285714287,8-9,73.0,270-280
2020-05-02 20:30:00,0.012254003322641354,199.0,8.68511111111111,265.4464722222222,8.516833333333333,8-9,73.0,260-270
2020-05-02 20:40:00,0.03412445870755074,199.0,8.19977142857143,263.7044571428571,8.156828571428571,8-9,73.0,260-270
2020-05-02 20:50:00,0.02048856556909831,199.0,7.700428571428571,267.2134857142857,7.472371428571429,7-8,42.0,260-270
2020-05-02 21:00:00,0.009228108054712957,199.0,7.295888888888888,267.35275,7.176,7-8,42.0,260-270
2020-05-02 21:10:00,0.023070725388443836,199.0,7.489314285714285,269.2155142857143,7.425,7-8,42.0,260-270
2020-05-02 21:20:00,0.012034324382842746,199.0,7.891085714285714,272.12080000000003,7.4644,7-8,42.0,270-280
2020-05-02 21:30:00,0.012391411659537914,199.0,7.78225,271.51419444444446,7.280305555555556,7-8,42.0,270-280
2020-05-02 21:40:00,0.029164562634820288,199.0,7.386,268.7112,7.009228571428571,7-8,42.0,260-270
2020-05-02 21:50:00,0.01570243631864839,199.0,6.842171428571429,266.72228571428576,6.551514285714286,6-7,45.0,260-270
2020-05-02 22:00:00,0.01950659740884936,199.0,6.559694444444444,264.7704722222222,6.375,6-7,45.0,260-270
2020-05-02 22:10:00,0.02328149792956686,199.0,6.562085714285715,261.7580285714286,6.140257142857142,6-7,45.0,260-270
2020-05-02 22:20:00,0.05590036190947888,199.0,7.013142857142857,257.3755428571429,6.510771428571429,6-7,45.0,250-260
2020-05-02 22:30:00,0.04996963830313926,199.0,7.200888888888888,260.9142777777778,5.8364722222222225,5-6,3.0,260-270
2020-05-02 22:40:00,0.03332082367583429,199.0,7.131942857142857,263.72274285714286,6.030171428571429,6-7,45.0,260-270
2020-05-02 22:50:00,0.046641108369392344,199.0,7.412914285714286,268.3297714285714,6.347742857142857,6-7,45.0,260-270
2020-05-02 23:00:00,0.01912418878561937,199.0,7.432861111111112,272.6551666666667,6.327833333333333,6-7,45.0,270-280
2020-05-02 23:10:00,0.015178783403204736,199.0,7.594942857142857,273.872,6.805685714285715,6-7,45.0,270-280
2020-05-02 23:20:00,0.016436885436040133,199.0,7.611657142857143,268.3066,6.5668,6-7,45.0,260-270
2020-05-02 23:30:00,0.01600724872913636,199.0,7.833222222222222,268.4462777777778,6.673527777777778,6-7,45.0,260-270
2020-05-02 23:40:00,0.010184199295455613,199.0,7.9721142857142855,267.94582857142854,6.702114285714285,6-7,45.0,260-270
2020-05-02 23:50:00,0.012559128310819285,199.0,7.606485714285713,269.84594285714286,6.439058823529412,6-7,45.0,260-270
2020-05-01 00:00:00,0.042172733418770834,179.0,12.130133333333333,218.39223333333334,11.425233333333333,11-12,23.0,210-220
2020-05-01 00:10:00,0.04895325001713878,179.0,11.369457142857142,218.9573142857143,10.719199999999999,10-11,30.0,210-220
2020-05-01 00:20:00,0.057613796681596594,179.0,11.935599999999999,218.71031428571428,11.227628571428571,11-12,23.0,210-220
2020-05-01 00:30:00,0.06649200186527117,179.0,13.014555555555555,220.23941666666667,12.253666666666668,12-13,21.0,220-230
2020-05-01 00:40:00,0.07236138286752676,179.0,11.938142857142857,220.57514285714285,11.319228571428571,11-12,23.0,220-230
2020-05-01 00:50:00,0.06985176993871232,179.0,10.95442857142857,220.67194285714285,10.408057142857142,10-11,30.0,220-230
2020-05-01 01:00:00,0.05710616727017109,179.0,11.727628571428571,220.21542857142856,10.861942857142857,10-11,30.0,220-230
2020-05-01 01:10:00,0.05122945784328221,179.0,12.9684,222.9334857142857,11.917228571428572,11-12,23.0,220-230
2020-05-01 01:20:00,0.04333923723882955,179.0,12.931199999999999,222.64165714285713,12.055857142857143,12-13,21.0,220-230
2020-05-01 01:30:00,0.05113413203656202,179.0,13.209583333333335,223.3851388888889,12.37363888888889,12-13,21.0,220-230
2020-05-01 01:40:00,0.05053872118199665,179.0,12.743257142857143,223.07094285714285,11.905057142857144,11-12,23.0,220-230
2020-05-01 01:50:00,0.09454145821600465,179.0,11.396914285714285,220.78931428571428,10.342085714285714,10-11,30.0,220-230
2020-05-01 02:00:00,0.06239911299937116,179.0,11.937888888888889,220.88549999999998,11.140666666666668,11-12,23.0,220-230
2020-05-01 02:10:00,0.026021741453327075,179.0,12.571657142857143,217.05325714285712,12.083714285714287,12-13,21.0,210-220
2020-05-01 02:20:00,0.022118573858260642,179.0,12.555971428571429,215.67048571428572,12.190114285714285,12-13,21.0,210-220
2020-05-01 02:30:00,0.025956560128919177,179.0,12.408583333333333,215.22719444444445,11.651277777777779,11-12,23.0,210-220
2020-05-01 02:40:00,0.03398248142993795,179.0,11.942342857142856,212.4680285714286,11.108485714285715,11-12,23.0,210-220
2020-05-01 02:50:00,0.029829942393796254,179.0,11.573628571428571,211.46880000000002,10.764885714285715,10-11,30.0,210-220
2020-05-01 03:00:00,0.031053063902859005,179.0,11.83336111111111,212.08547222222222,11.058083333333334,11-12,23.0,210-220
2020-05-01 03:10:00,0.04987980787331876,179.0,11.176457142857142,211.86377142857143,10.037485714285715,10-11,30.0,210-220
2020-05-01 03:20:00,0.0569962148080534,179.0,9.822885714285714,208.9424857142857,9.127342857142857,9-10,49.0,200-210
2020-05-01 03:30:00,0.054024774135537655,179.0,9.606333333333332,209.4353888888889,9.131194444444445,9-10,49.0,200-210
2020-05-01 03:40:00,0.03516451005152849,179.0,10.20937142857143,208.95722857142857,9.667742857142857,9-10,49.0,200-210
2020-05-01 03:50:00,0.035403691456472555,179.0,10.703514285714286,213.1416,10.036857142857144,10-11,30.0,210-220
2020-05-01 04:00:00,0.039120518627455005,179.0,10.77961111111111,215.00958333333335,10.07861111111111,10-11,30.0,210-220
2020-05-01 04:10:00,0.04219997048347644,179.0,10.8958,211.1856,10.008085714285714,10-11,30.0,210-220
2020-05-01 04:20:00,0.04058881309847057,179.0,10.533388888888888,210.96347222222224,9.886722222222224,9-10,49.0,210-220
2020-05-01 04:30:00,0.058320154481543804,179.0,9.647555555555556,211.28219444444443,9.09125,9-10,49.0,210-220
2020-05-01 04:40:00,0.06813829664106735,179.0,9.521428571428572,208.0842,8.765714285714287,8-9,73.0,200-210
2020-05-01 04:50:00,0.05609855356376344,179.0,10.201542857142856,209.1209142857143,9.654971428571429,9-10,49.0,200-210
2020-05-01 05:00:00,0.06522712086893492,179.0,10.33336111111111,208.47327777777775,9.551055555555557,9-10,49.0,200-210
2020-05-01 05:10:00,0.07195302826753319,179.0,10.123857142857142,208.9435142857143,9.561657142857143,9-10,49.0,200-210
2020-05-01 05:20:00,0.08227659755345934,179.0,9.2368,206.57422857142856,8.573485714285715,8-9,73.0,200-210
2020-05-01 05:30:00,0.12312583507312076,179.0,8.931194444444445,201.54316666666668,8.297055555555556,8-9,73.0,200-210
2020-05-01 05:40:00,0.06934156237210494,179.0,9.604742857142858,207.09654285714285,8.7322,8-9,73.0,200-210
2020-05-01 05:50:00,0.07358975260021616,179.0,10.3974,208.1234,9.909085714285714,9-10,49.0,200-210
2020-05-01 06:00:00,0.08043893288737938,179.0,10.406611111111111,209.03080555555556,9.782388888888889,9-10,49.0,200-210
2020-05-01 06:10:00,0.0864759196223622,179.0,9.899205882352941,216.12026470588236,9.22935294117647,9-10,49.0,210-220
2020-05-01 06:20:00,0.08142075673364627,179.0,10.240757575757575,213.7250909090909,9.516333333333334,9-10,49.0,210-220
2020-05-01 06:30:00,0.0947332024456285,179.0,11.114257142857143,213.50717142857144,10.676257142857143,10-11,30.0,210-220
2020-05-01 06:40:00,0.061495195236485785,179.0,11.427823529411764,224.58526470588237,11.027000000000001,11-12,23.0,220-230
2020-05-01 06:50:00,0.10616156095825999,179.0,11.483176470588235,233.57626470588235,10.598029411764704,10-11,30.0,230-240
2020-05-01 07:00:00,0.06943752430840172,179.0,9.853714285714286,224.7606,8.723171428571428,8-9,73.0,220-230
2020-05-01 07:10:00,0.05763924720204488,179.0,10.466800000000001,214.2267142857143,9.367199999999999,9-10,49.0,210-220
2020-05-01 07:20:00,0.08450072891784835,179.0,10.048114285714286,214.10254285714285,9.3994,9-10,49.0,210-220
2020-05-01 07:30:00,0.10827759626305283,179.0,10.1155,216.28091666666668,9.979805555555556,9-10,49.0,210-220
2020-05-01 07:40:00,0.10168865234493264,179.0,10.888485714285714,218.52462857142856,10.674685714285713,10-11,30.0,210-220
2020-05-01 07:50:00,0.09096957156122149,179.0,11.501228571428571,218.9556,11.5094,11-12,23.0,210-220
2020-05-01 08:00:00,0.09390444710276805,179.0,11.739722222222222,220.26394444444446,11.450333333333333,11-12,23.0,220-230
2020-05-01 08:10:00,0.09437485651427131,179.0,12.674787878787878,218.23551515151516,12.236242424242423,12-13,21.0,210-220
2020-05-01 08:20:00,0.12309147306344158,179.0,12.7799375,225.2983125,12.6405625,12-13,21.0,220-230
2020-05-01 08:30:00,0.1271495664308755,179.0,12.629636363636365,224.88090909090909,12.192666666666668,12-13,21.0,220-230
2020-05-01 08:40:00,0.07106839065015831,179.0,12.24015625,227.6105625,11.78290625,11-12,23.0,220-230
2020-05-01 08:50:00,0.07655925728027134,179.0,10.996242424242423,226.96260606060605,10.371636363636364,10-11,30.0,220-230
2020-05-01 09:00:00,0.07865659825141254,179.0,12.40388888888889,222.41269444444444,11.941638888888889,11-12,23.0,220-230
2020-05-01 09:10:00,0.12573415112862454,179.0,13.083542857142856,219.62911428571428,12.928028571428571,12-13,21.0,210-220
2020-05-01 09:20:00,0.09759525414114038,179.0,12.931428571428572,221.7596,12.694828571428571,12-13,21.0,220-230
2020-05-01 09:30:00,0.11663759534333229,179.0,12.305861111111112,226.6128888888889,12.001555555555555,12-13,21.0,220-230
2020-05-01 09:40:00,0.12472465624954329,179.0,12.271571428571429,226.9416285714286,12.017228571428571,12-13,21.0,220-230
2020-05-01 09:50:00,0.10574293869864441,179.0,13.088028571428572,227.81954285714286,12.64322857142857,12-13,21.0,220-230
2020-05-01 10:00:00,0.10186180511990471,179.0,13.515611111111111,230.07491666666667,13.471166666666667,13-14,2.0,230-240
2020-05-01 10:10:00,0.11324771854673256,179.0,13.068742857142857,231.36374285714285,12.8424,12-13,21.0,230-240
2020-05-01 10:20:00,0.13238791535909883,179.0,13.687294117647058,231.58135294117645,13.383882352941177,13-14,2.0,230-240
2020-05-01 10:30:00,0.10609564728072703,179.0,11.921416666666666,228.50063888888886,11.585749999999999,11-12,23.0,220-230
2020-05-01 10:40:00,0.139109741227287,179.0,12.51421875,238.5971875,12.33353125,12-13,21.0,230-240
2020-05-01 10:50:00,0.09614724319356624,179.0,12.270176470588234,243.31102941176474,11.924382352941176,11-12,23.0,240-250
2020-05-01 11:00:00,0.11915249946327677,179.0,12.3905,226.52155555555555,12.169305555555557,12-13,21.0,220-230
2020-05-01 11:10:00,0.13484456520806604,179.0,11.380852941176471,233.6094411764706,11.204911764705882,11-12,23.0,230-240
2020-05-01 11:20:00,0.18617580427199923,179.0,9.781212121212121,249.9089090909091,9.726757575757576,9-10,49.0,240-250
2020-05-01 11:30:00,0.14556211251418508,179.0,12.44815625,229.6794375,12.13025,12-13,21.0,220-230
2020-05-01 11:40:00,0.09092441018794184,179.0,12.522,221.12285294117646,12.269588235294117,12-13,21.0,220-230
2020-05-01 11:50:00,0.06558033181619026,179.0,12.239714285714285,226.23762857142856,11.913714285714287,11-12,23.0,220-230
2020-05-01 12:00:00,0.08865108488439094,179.0,11.687750000000001,230.92316666666667,10.79975,10-11,30.0,230-240
2020-05-01 12:10:00,0.08171671735573084,179.0,11.372342857142856,237.95997142857144,11.040057142857142,11-12,23.0,230-240
2020-05-01 12:20:00,0.12801022969912954,179.0,10.312285714285714,248.31202857142858,10.0682,10-11,30.0,240-250
2020-05-01 12:30:00,0.10044751733940767,179.0,12.024611111111112,271.25266666666664,11.686055555555555,11-12,23.0,270-280
2020-05-01 12:40:00,0.06877667476883502,179.0,12.5994,269.41405714285713,12.621771428571428,12-13,21.0,260-270
2020-05-01 12:50:00,0.09160873205450638,179.0,12.835142857142857,268.2517142857143,12.362285714285715,12-13,21.0,260-270
2020-05-01 13:00:00,0.0640595755846758,179.0,13.173527777777778,267.5565833333333,12.959555555555555,12-13,21.0,260-270
2020-05-01 13:10:00,0.06429427893244039,179.0,12.068428571428571,262.9991714285714,11.824114285714286,11-12,23.0,260-270
2020-05-01 13:20:00,0.10715967426261494,179.0,10.185142857142857,260.49208571428574,10.059685714285715,10-11,30.0,260-270
2020-05-01 13:30:00,0.10419801307340437,179.0,10.802666666666667,274.25572222222223,10.504916666666666,10-11,30.0,270-280
2020-05-01 13:40:00,0.11537811149200888,179.0,10.540114285714285,268.0896285714286,10.180542857142857,10-11,30.0,260-270
2020-05-01 13:50:00,0.1308911183047426,179.0,10.096542857142857,271.03562857142856,10.119428571428571,10-11,30.0,270-280
2020-05-01 14:00:00,0.08232932897428072,179.0,10.65088888888889,268.12661111111106,10.306000000000001,10-11,30.0,260-270
2020-05-01 14:10:00,0.07896741925818544,179.0,10.595342857142857,271.97405714285713,10.498628571428572,10-11,30.0,270-280
2020-05-01 14:20:00,0.0749161551641281,179.0,11.494114285714286,269.7608571428571,11.509857142857143,11-12,23.0,260-270
2020-05-01 14:30:00,0.0579316614552176,179.0,10.37661111111111,273.60594444444445,10.259694444444444,10-11,30.0,270-280
2020-05-01 14:40:00,0.1490651495020361,179.0,10.4756,265.2554857142857,10.271714285714285,10-11,30.0,260-270
2020-05-01 14:50:00,0.07668111576615212,179.0,11.5204,267.56854285714286,11.540228571428571,11-12,23.0,260-270
2020-05-01 15:00:00,0.05586531907492052,179.0,10.815333333333335,273.2615277777778,10.747944444444444,10-11,30.0,270-280
2020-05-01 15:10:00,0.06862093299843888,179.0,10.264800000000001,271.2196,10.197428571428572,10-11,30.0,270-280
2020-05-01 15:20:00,0.09083955501993074,179.0,9.9954,273.60797142857143,9.905485714285714,9-10,49.0,270-280
2020-05-01 15:30:00,0.07878036080029724,179.0,10.42575,272.70233333333334,10.352083333333333,10-11,30.0,270-280
2020-05-01 15:40:00,0.08278603387430304,179.0,10.487457142857142,274.62885714285716,10.393971428571428,10-11,30.0,270-280
2020-05-01 15:50:00,0.07942982412490117,179.0,9.212942857142856,274.31719999999996,9.071285714285715,9-10,49.0,270-280
2020-05-01 16:00:00,0.0715500128662231,179.0,9.901722222222222,268.05016666666666,9.625416666666666,9-10,49.0,260-270
2020-05-01 16:10:00,0.07388132552809763,179.0,9.7782,263.7794,9.689257142857144,9-10,49.0,260-270
2020-05-01 16:20:00,0.058577635016463826,179.0,9.770028571428572,272.4346857142857,9.708285714285715,9-10,49.0,270-280
2020-05-01 16:30:00,0.05216409594230331,179.0,9.444583333333334,278.59658333333334,9.485083333333334,9-10,49.0,270-280
2020-05-01 16:40:00,0.06397614120742506,179.0,8.951171428571428,272.99822857142857,8.726171428571428,8-9,73.0,270-280
2020-05-01 16:50:00,0.05287295993602484,179.0,9.1522,266.6521142857143,8.990142857142857,8-9,73.0,260-270
2020-05-01 17:00:00,0.11153472354736285,179.0,7.6395833333333325,274.252,7.507888888888889,7-8,42.0,270-280
2020-05-01 17:10:00,0.05985739398757983,179.0,8.311771428571427,269.5435428571428,8.225085714285713,8-9,73.0,260-270
2020-05-01 17:20:00,0.05477546054059608,179.0,6.931342857142857,277.9068571428571,6.633571428571429,6-7,45.0,270-280
2020-05-01 17:30:00,0.04738405474469293,179.0,6.920833333333333,282.4957222222222,6.899416666666666,6-7,45.0,280-290
2020-05-01 17:40:00,0.08064086076433312,179.0,6.806971428571429,277.9478857142857,6.589200000000001,6-7,45.0,270-280
2020-05-01 17:50:00,0.08217477261505217,179.0,6.2616000000000005,277.8201142857143,6.054142857142858,6-7,45.0,270-280
2020-05-01 18:00:00,0.08754485013648586,179.0,6.711305555555556,281.05622222222223,6.546,6-7,45.0,280-290
2020-05-01 18:10:00,0.03245489775828957,179.0,7.5952285714285726,279.3618857142857,7.641028571428571,7-8,42.0,270-280
2020-05-01 18:20:00,0.036291588880131016,179.0,8.14402857142857,279.0686,8.094942857142856,8-9,73.0,270-280
2020-05-01 18:30:00,0.03517401301593974,179.0,7.962638888888888,272.2101944444444,8.021444444444445,8-9,73.0,270-280
2020-05-01 18:40:00,0.023164601953625977,179.0,7.7773142857142865,268.92525714285716,7.628028571428572,7-8,42.0,260-270
2020-05-01 18:50:00,0.047980237400790514,179.0,8.026971428571429,270.3254,7.976428571428571,7-8,42.0,270-280
2020-05-01 19:00:00,0.03200477071670485,179.0,8.996333333333332,267.74730555555556,8.751888888888889,8-9,73.0,260-270
2020-05-01 19:10:00,0.05553616777684584,179.0,8.4396,266.1197714285715,8.4012,8-9,73.0,260-270
2020-05-01 19:20:00,0.04973659927778391,179.0,8.7202,262.59385714285713,8.507457142857143,8-9,73.0,260-270
2020-05-01 19:30:00,0.040145385874330655,179.0,7.785972222222223,262.0346666666667,7.713694444444444,7-8,42.0,260-270
2020-05-01 19:40:00,0.040354470140633564,179.0,7.437057142857143,264.3030857142857,6.908457142857142,6-7,45.0,260-270
2020-05-01 19:50:00,0.06173067651646893,179.0,8.844942857142856,263.6445714285714,8.509028571428571,8-9,73.0,260-270
2020-05-01 20:00:00,0.044340579911116756,179.0,8.391416666666666,262.9222777777778,7.873749999999999,7-8,42.0,260-270
2020-05-01 20:10:00,0.09597217402183504,179.0,8.267085714285715,263.0720285714286,7.696257142857144,7-8,42.0,260-270
2020-05-01 20:20:00,0.07383568041558158,179.0,9.027257142857144,262.8152,8.733828571428571,8-9,73.0,260-270
2020-05-01 20:30:00,0.10327239290356853,179.0,8.69975,262.7058333333333,8.467944444444445,8-9,73.0,260-270
2020-05-01 20:40:00,0.05349291562268495,179.0,7.507285714285715,260.2982,7.134057142857143,7-8,42.0,260-270
2020-05-01 20:50:00,0.026429782233442813,179.0,7.886971428571428,255.96365714285713,7.526485714285715,7-8,42.0,250-260
2020-05-01 21:00:00,0.056984209052377506,179.0,7.938166666666667,255.64958333333334,7.220722222222221,7-8,42.0,250-260
2020-05-01 21:10:00,0.03718724997933602,179.0,7.794685714285715,255.26817142857143,7.316171428571428,7-8,42.0,250-260
2020-05-01 21:20:00,0.050208296905002864,179.0,6.886742857142857,247.6006285714286,6.0576,6-7,45.0,240-250
2020-05-01 21:30:00,0.0720093437365308,179.0,7.385694444444444,240.82975,7.340861111111112,7-8,42.0,240-250
2020-05-01 21:40:00,0.025909942895274207,179.0,8.187999999999999,243.2057142857143,8.314342857142858,8-9,73.0,240-250
2020-05-01 21:50:00,0.03968082396059144,179.0,8.98022857142857,248.16677142857142,8.801342857142858,8-9,73.0,240-250
2020-05-01 22:00:00,0.041656847433636124,179.0,8.603805555555557,244.6933333333333,8.187888888888889,8-9,73.0,240-250
2020-05-01 22:10:00,0.04220016516787278,179.0,8.1506,244.2605142857143,7.868428571428571,7-8,42.0,240-250
2020-05-01 22:20:00,0.04601723197577519,179.0,8.731228571428572,248.77422857142858,8.014457142857143,8-9,73.0,240-250
2020-05-01 22:30:00,0.03681408557869175,179.0,8.854083333333334,252.46197222222222,8.054194444444445,8-9,73.0,250-260
2020-05-01 22:40:00,0.03595863370020785,179.0,8.609171428571427,253.67894285714283,7.880285714285715,7-8,42.0,250-260
2020-05-01 22:50:00,0.047740944059437566,179.0,8.567657142857144,256.43525714285715,7.7056571428571425,7-8,42.0,250-260
2020-05-01 23:00:00,0.061801201046523535,179.0,8.61036111111111,257.3551111111111,7.884222222222222,7-8,42.0,250-260
2020-05-01 23:10:00,0.027037513598637635,179.0,8.445657142857144,253.71571428571426,8.00982857142857,8-9,73.0,250-260
2020-05-01 23:20:00,0.03458045083377113,179.0,8.590685714285714,254.69717142857144,8.178142857142857,8-9,73.0,250-260
2020-05-01 23:30:00,0.04344745548372793,179.0,8.734944444444444,254.15016666666668,8.168083333333334,8-9,73.0,250-260
2020-05-01 23:40:00,0.03091849855703408,179.0,8.555114285714286,253.9090285714286,7.942142857142858,7-8,42.0,250-260
2020-05-01 23:50:00,0.04262009732882874,179.0,8.175085714285714,257.8809142857143,7.2142,7-8,42.0,250-260
2020-05-02 00:00:00,0.037374938642865375,179.0,7.568482758620689,255.06306896551723,6.795068965517241,6-7,45.0,250-260
2020-05-02 00:10:00,0.025224035787682807,179.0,7.762911764705883,254.4183823529412,7.107382352941177,7-8,42.0,250-260
2020-05-02 00:20:00,0.031553824394019346,179.0,7.689400000000001,254.2891714285714,6.767114285714285,6-7,45.0,250-260
2020-05-02 00:30:00,0.034540260896606105,179.0,7.534138888888888,257.73330555555555,6.648055555555556,6-7,45.0,250-260
2020-05-02 00:40:00,0.051474919302321946,179.0,7.308771428571428,251.04151428571427,6.632485714285714,6-7,45.0,250-260
2020-05-02 00:50:00,0.0401515980938356,179.0,7.838085714285715,251.80745714285715,7.326171428571429,7-8,42.0,250-260
2020-05-02 01:00:00,0.038943378578996705,179.0,8.188194444444443,254.0181388888889,7.546138888888889,7-8,42.0,250-260
2020-05-02 01:10:00,0.03173073169092396,179.0,8.66862857142857,252.91974285714286,8.306828571428571,8-9,73.0,250-260
2020-05-02 01:20:00,0.02546705811585839,179.0,8.957828571428571,250.13157142857142,8.894857142857143,8-9,73.0,250-260
2020-05-02 01:30:00,0.020466417002029853,179.0,9.629583333333334,251.18286111111112,9.416888888888888,9-10,49.0,250-260
2020-05-02 01:40:00,0.03544236832696086,179.0,9.3928,255.72979999999998,8.804885714285714,8-9,73.0,250-260
2020-05-02 01:50:00,0.04543860932348041,179.0,9.188457142857143,257.3201142857143,8.292485714285714,8-9,73.0,250-260
2020-05-02 02:00:00,0.03395940327813183,179.0,9.725083333333334,266.45525,9.294333333333334,9-10,49.0,260-270
2020-05-02 02:10:00,0.04197008219553513,179.0,9.168742857142858,262.3971142857143,8.492085714285714,8-9,73.0,260-270
2020-05-02 02:20:00,0.06619508838982936,179.0,8.036171428571429,256.1190571428571,7.037657142857143,7-8,42.0,250-260
2020-05-02 02:30:00,0.058564483886021194,179.0,8.696771428571429,257.3996285714286,7.895228571428572,7-8,42.0,250-260
2020-05-02 02:40:00,0.04025944273437152,179.0,9.22962857142857,259.0580285714286,7.991485714285714,7-8,42.0,250-260
2020-05-02 02:50:00,0.0678724538894453,179.0,8.576685714285714,253.41954285714283,7.647257142857143,7-8,42.0,250-260
2020-05-02 03:00:00,0.11527781315153533,179.0,8.149722222222222,255.11127777777776,6.731944444444444,6-7,45.0,250-260
2020-05-02 03:10:00,0.09932451438798137,179.0,8.630171428571428,255.7728857142857,7.5596571428571435,7-8,42.0,250-260
2020-05-02 03:20:00,0.05048923556025394,179.0,11.048542857142857,259.55105714285713,10.267828571428572,10-11,30.0,250-260
2020-05-02 03:30:00,0.05376487789802239,179.0,10.144,260.02011111111113,9.6005,9-10,49.0,260-270
2020-05-02 03:40:00,0.07316169138827185,179.0,9.494588235294117,259.82435294117647,8.477411764705883,8-9,73.0,250-260
2020-05-02 03:50:00,0.06855534491422445,179.0,10.328028571428572,263.5453714285714,9.654514285714287,9-10,49.0,260-270
2020-05-02 04:00:00,0.049469905126091555,179.0,10.718472222222223,262.43177777777777,9.897583333333333,9-10,49.0,260-270
2020-05-02 04:10:00,0.03730745868508334,179.0,10.272371428571429,265.0740285714286,9.71422857142857,9-10,49.0,260-270
2020-05-02 04:20:00,0.04589708425545623,179.0,10.619771428571429,267.57397142857144,10.035400000000001,10-11,30.0,260-270
2020-05-02 04:30:00,0.022043327838107484,179.0,10.182666666666668,267.6451944444444,9.672611111111111,9-10,49.0,260-270
2020-05-02 04:40:00,0.01768230788282425,179.0,10.212828571428572,268.96982857142854,9.818085714285713,9-10,49.0,260-270
2020-05-02 04:50:00,0.03528094645688996,179.0,9.79037142857143,270.12177142857144,9.343771428571428,9-10,49.0,270-280
2020-05-02 05:00:00,0.027290965423008864,179.0,9.243222222222222,268.4319444444444,8.562666666666667,8-9,73.0,260-270
2020-05-02 05:10:00,0.01813320162258469,179.0,9.3008,271.9282,9.147885714285714,9-10,49.0,270-280
2020-05-02 05:20:00,0.025620346526559874,179.0,9.352657142857144,273.02308571428574,9.055485714285714,9-10,49.0,270-280
2020-05-02 05:30:00,0.026482821681103354,179.0,9.083583333333333,280.5020277777778,8.508527777777779,8-9,73.0,280-290
2020-05-02 05:40:00,0.035770197182776665,179.0,8.418714285714286,283.2684571428572,7.8872857142857145,7-8,42.0,280-290
2020-05-02 05:50:00,0.04102483854367776,179.0,7.98182857142857,285.2948857142857,7.409514285714287,7-8,42.0,280-290
2020-05-02 06:00:00,0.050773873674166047,179.0,7.975722222222221,291.24958333333336,7.327805555555555,7-8,42.0,290-300
2020-05-02 06:10:00,0.09612873591185482,179.0,6.686857142857143,289.43125714285713,6.211685714285714,6-7,45.0,280-290
2020-05-02 06:20:00,0.11074651738745037,179.0,6.904085714285714,286.4595428571429,6.445457142857143,6-7,45.0,280-290
2020-05-02 06:30:00,0.12266000546816501,179.0,6.391611111111111,283.13641666666666,6.010833333333333,6-7,45.0,280-290
2020-05-02 06:40:00,0.14223897170853894,179.0,6.502514285714286,282.4381714285714,6.190542857142857,6-7,45.0,280-290
2020-05-02 06:50:00,0.07749171704271055,179.0,6.736257142857143,281.57002857142857,6.421171428571429,6-7,45.0,280-290
2020-05-02 07:00:00,0.10049805100092034,179.0,6.563888888888889,277.0092222222222,6.44825,6-7,45.0,270-280
2020-05-02 07:10:00,0.19491639295020927,179.0,8.113,289.6524285714286,8.038085714285716,8-9,73.0,280-290
2020-05-02 07:20:00,0.10713829573008364,179.0,9.661457142857143,295.12111428571427,9.3438,9-10,49.0,290-300
2020-05-02 07:30:00,0.06578194745145009,179.0,9.34013888888889,302.0125277777778,9.179916666666667,9-10,49.0,300-310
2020-05-02 07:40:00,0.053241224168164104,179.0,9.620485714285714,294.04137142857144,9.370485714285714,9-10,49.0,290-300
2020-05-02 07:50:00,0.12754286484301364,179.0,10.142323529411765,304.3259117647059,9.925588235294116,9-10,49.0,300-310
2020-05-02 08:00:00,0.18870594401839585,179.0,8.834735294117648,294.2675588235294,8.619323529411766,8-9,73.0,290-300
2020-05-02 08:10:00,0.1498172414307549,179.0,9.300088235294117,283.2312647058823,9.108529411764707,9-10,49.0,280-290
2020-05-02 08:20:00,0.0778054776354499,179.0,10.0554,287.21802857142853,9.902457142857143,9-10,49.0,280-290
2020-05-02 08:30:00,0.11142017884821095,179.0,9.653805555555556,288.7907777777778,9.484555555555556,9-10,49.0,280-290
2020-05-02 08:40:00,0.11816089752894188,179.0,9.700942857142858,282.3496,9.634285714285713,9-10,49.0,280-290
2020-05-02 08:50:00,0.14859204910076448,179.0,9.024199999999999,282.2708285714286,9.006742857142857,9-10,49.0,280-290
2020-05-02 09:00:00,0.11958123600210467,179.0,9.017705882352942,281.9633529411765,8.609441176470588,8-9,73.0,280-290
2020-05-02 09:10:00,0.1484464190099749,179.0,9.962125,289.77596875,9.8278125,9-10,49.0,280-290
2020-05-02 09:20:00,0.09038158277153044,179.0,9.264705882352942,286.0731470588235,8.664352941176471,8-9,73.0,280-290
2020-05-02 09:30:00,0.0839554745115144,179.0,7.756694444444444,283.55255555555556,7.4776388888888885,7-8,42.0,280-290
2020-05-02 09:40:00,0.16553114550260878,179.0,6.778885714285714,275.22200000000004,6.639057142857142,6-7,45.0,270-280
2020-05-02 09:50:00,0.19720340521189172,179.0,8.792828571428572,290.2336571428571,8.779,8-9,73.0,290-300
2020-05-02 10:00:00,0.15249073302711877,179.0,8.765027777777778,291.9413055555556,8.733194444444443,8-9,73.0,290-300
2020-05-02 10:10:00,0.12481729189531042,179.0,9.486742857142858,296.24037142857145,9.298057142857143,9-10,49.0,290-300
2020-05-02 10:20:00,0.0816514122576259,179.0,8.926885714285714,297.43974285714285,8.865085714285716,8-9,73.0,290-300
2020-05-02 10:30:00,0.10267390038339633,179.0,8.585611111111112,295.821,8.419194444444445,8-9,73.0,290-300
2020-05-02 10:40:00,0.0888531990195775,179.0,9.183514285714287,304.1600857142857,9.2674,9-10,49.0,300-310
2020-05-02 10:50:00,0.05422662804677473,179.0,8.510428571428571,295.2001714285714,8.316628571428572,8-9,73.0,290-300
2020-05-02 11:00:00,0.1108172335505857,179.0,8.35688888888889,302.4161111111111,8.169111111111112,8-9,73.0,300-310
2020-05-02 11:10:00,0.10468070680100779,179.0,8.097771428571429,296.5555714285714,8.024114285714285,8-9,73.0,290-300
2020-05-02 11:20:00,0.11223972672980537,179.0,8.171999999999999,305.2997142857143,8.0352,8-9,73.0,300-310
2020-05-02 11:30:00,0.15356374858616403,179.0,9.496611111111111,286.3005,9.239916666666666,9-10,49.0,280-290
2020-05-02 11:40:00,0.11499330755931152,179.0,10.5898,281.7677428571429,10.37722857142857,10-11,30.0,280-290
2020-05-02 11:50:00,0.11064415304222286,179.0,9.754257142857142,275.6404,9.658514285714286,9-10,49.0,270-280
2020-05-02 12:00:00,0.13934814410462704,179.0,8.982388888888888,287.86725,8.502944444444445,8-9,73.0,280-290
2020-05-02 12:10:00,0.18086413675943136,179.0,9.18137142857143,290.60137142857144,8.813485714285713,8-9,73.0,290-300
2020-05-02 12:20:00,0.10533165567484609,179.0,9.165342857142859,301.2583714285714,9.245771428571429,9-10,49.0,300-310
2020-05-02 12:30:00,0.12153244989941094,179.0,9.049722222222222,306.7061111111111,8.750027777777778,8-9,73.0,300-310
2020-05-02 12:40:00,0.11506498993066487,179.0,8.795142857142856,300.5635142857143,8.604142857142856,8-9,73.0,300-310
2020-05-02 12:50:00,0.12551722135203155,179.0,8.572885714285714,301.48254285714285,8.384457142857144,8-9,73.0,300-310
2020-05-02 13:00:00,0.11651935115148979,179.0,8.241416666666668,296.77494444444443,8.280305555555556,8-9,73.0,290-300
2020-05-02 13:10:00,0.1362033433462656,179.0,8.260171428571429,301.9475142857143,8.124228571428572,8-9,73.0,300-310
2020-05-02 13:20:00,0.10905577684423447,179.0,8.62342857142857,301.51831428571427,8.463171428571428,8-9,73.0,300-310
2020-05-02 13:30:00,0.09113923218802546,179.0,8.41025,301.6751111111111,8.18575,8-9,73.0,300-310
2020-05-02 13:40:00,0.13287064479776148,179.0,8.623828571428572,301.72405714285713,8.552714285714284,8-9,73.0,300-310
2020-05-02 13:50:00,0.09825297364969215,179.0,9.146685714285715,300.874,9.263742857142857,9-10,49.0,300-310
2020-05-02 14:00:00,0.10243204386213862,179.0,8.923472222222223,289.82958333333335,8.668055555555556,8-9,73.0,280-290
2020-05-02 14:10:00,0.1254410435152248,179.0,8.9776,300.67105714285714,8.895428571428571,8-9,73.0,300-310
2020-05-02 14:20:00,0.13970476287697325,179.0,8.315142857142856,298.15828571428574,8.387028571428571,8-9,73.0,290-300
2020-05-02 14:30:00,0.06279543438541443,179.0,9.029361111111111,298.49680555555557,8.922805555555556,8-9,73.0,290-300
2020-05-02 14:40:00,0.07246548883335072,179.0,8.604714285714286,299.2960857142857,8.521971428571428,8-9,73.0,290-300
2020-05-02 14:50:00,0.07876108953864101,179.0,8.969457142857143,295.8765714285714,8.963171428571428,8-9,73.0,290-300
2020-05-02 15:00:00,0.08779088851597372,179.0,8.433722222222222,296.6166944444445,8.460333333333333,8-9,73.0,290-300
2020-05-02 15:10:00,0.1019650057639916,179.0,8.464628571428571,303.8348571428571,8.327685714285714,8-9,73.0,300-310
2020-05-02 15:20:00,0.05951296835121018,179.0,8.964285714285714,303.24857142857144,8.931885714285714,8-9,73.0,300-310
2020-05-02 15:30:00,0.09393321248493607,179.0,8.442277777777779,305.45866666666666,8.356361111111111,8-9,73.0,300-310
2020-05-02 15:40:00,0.08617445692840123,179.0,8.668,304.4999142857143,8.524342857142857,8-9,73.0,300-310
2020-05-02 15:50:00,0.05672041183292208,179.0,8.580942857142857,301.695,8.463571428571429,8-9,73.0,300-310
2020-05-02 16:00:00,0.08359244375686997,179.0,8.081194444444444,296.73333333333335,7.851638888888889,7-8,42.0,290-300
2020-05-02 16:10:00,0.10187674098497632,179.0,8.257714285714286,301.6307428571429,8.345085714285716,8-9,73.0,300-310
2020-05-02 16:20:00,0.12403534347368649,179.0,8.128057142857141,303.69834285714285,8.166371428571429,8-9,73.0,300-310
2020-05-02 16:30:00,0.08191973828382533,179.0,8.341111111111111,303.55533333333335,8.188083333333333,8-9,73.0,300-310
2020-05-02 16:40:00,0.06781131136330922,179.0,7.9882,303.0348571428571,7.856171428571429,7-8,42.0,300-310
2020-05-02 16:50:00,0.05311290861371989,179.0,7.9742,302.2340571428571,7.867971428571429,7-8,42.0,300-310
2020-05-02 17:00:00,0.07339007038015749,179.0,7.291944444444444,302.55786111111115,7.184361111111111,7-8,42.0,300-310
2020-05-02 17:10:00,0.07332801468833693,179.0,6.5054,300.08628571428574,6.414828571428572,6-7,45.0,300-310
2020-05-02 17:20:00,0.06219238657823708,179.0,6.440342857142857,293.92137142857143,6.359742857142858,6-7,45.0,290-300
2020-05-02 17:30:00,0.046375976723119265,179.0,6.331444444444444,293.0993055555556,6.333472222222222,6-7,45.0,290-300
2020-05-02 17:40:00,0.05355212019726476,179.0,6.4954285714285716,293.3494,6.355857142857143,6-7,45.0,290-300
2020-05-02 17:50:00,0.05314742159123587,179.0,6.818085714285715,295.5292,6.894228571428571,6-7,45.0,290-300
2020-05-02 18:00:00,0.033683602959926416,179.0,6.3005555555555555,294.9359166666666,6.190666666666667,6-7,45.0,290-300
2020-05-02 18:10:00,0.03657201954590361,179.0,6.451028571428571,294.32514285714285,6.291514285714285,6-7,45.0,290-300
2020-05-02 18:20:00,0.042304172206819715,179.0,6.203742857142857,295.99742857142854,6.038,6-7,45.0,290-300
2020-05-02 18:30:00,0.022552916251767908,179.0,6.243694444444444,293.23502777777776,6.219361111111111,6-7,45.0,290-300
2020-05-02 18:40:00,0.03834982393261266,179.0,6.273485714285714,293.48885714285717,6.344714285714286,6-7,45.0,290-300
2020-05-02 18:50:00,0.030129129919165745,179.0,5.712057142857143,287.99251428571426,5.583285714285714,5-6,3.0,280-290
2020-05-02 19:00:00,0.017866645789990733,179.0,6.054611111111111,284.72544444444446,5.67875,5-6,3.0,280-290
2020-05-02 19:10:00,0.04150166197046415,179.0,6.310657142857143,280.7640857142857,6.2036,6-7,45.0,280-290
2020-05-02 19:20:00,0.012495324361034064,179.0,6.999742857142857,282.1567428571429,6.9268,6-7,45.0,280-290
2020-05-02 19:30:00,0.026865826487254843,179.0,6.71038888888889,277.7336388888889,6.646222222222223,6-7,45.0,270-280
2020-05-02 19:40:00,0.021043954442222776,179.0,6.565742857142856,274.09848571428574,6.3602,6-7,45.0,270-280
2020-05-02 19:50:00,0.030202700189078537,179.0,7.519514285714285,269.6794285714286,7.476914285714286,7-8,42.0,260-270
2020-05-02 20:00:00,0.02271688387049604,179.0,7.7811111111111115,271.5837222222222,7.7155,7-8,42.0,270-280
2020-05-02 20:10:00,0.035836469901021975,179.0,8.601914285714287,270.6522,8.255971428571428,8-9,73.0,270-280
2020-05-02 20:20:00,0.022609347984949714,179.0,9.046628571428572,271.00551428571424,8.688714285714287,8-9,73.0,270-280
2020-05-02 20:30:00,0.012477901226647433,179.0,8.636722222222224,265.43136111111113,8.516833333333333,8-9,73.0,260-270
2020-05-02 20:40:00,0.032063843183859866,179.0,8.171628571428572,263.59691428571426,8.156828571428571,8-9,73.0,260-270
2020-05-02 20:50:00,0.02141167365142274,179.0,7.611800000000001,265.66319999999996,7.472371428571429,7-8,42.0,260-270
2020-05-02 21:00:00,0.010165376677382576,179.0,7.2692499999999995,266.19613888888887,7.176,7-8,42.0,260-270
2020-05-02 21:10:00,0.02171188707979674,179.0,7.475571428571428,268.4425714285714,7.425,7-8,42.0,260-270
2020-05-02 21:20:00,0.012233291387143052,179.0,7.809514285714285,271.1440285714286,7.4644,7-8,42.0,270-280
2020-05-02 21:30:00,0.009655958069125684,179.0,7.640361111111111,270.17347222222224,7.280305555555556,7-8,42.0,270-280
2020-05-02 21:40:00,0.02866639891877266,179.0,7.285799999999999,267.5616,7.009228571428571,7-8,42.0,260-270
2020-05-02 21:50:00,0.015762556077723398,179.0,6.744342857142857,265.4320857142857,6.551514285714286,6-7,45.0,260-270
2020-05-02 22:00:00,0.017801728584458765,179.0,6.509527777777778,263.2274444444445,6.375,6-7,45.0,260-270
2020-05-02 22:10:00,0.029699333927419063,179.0,6.4626,260.2628,6.140257142857142,6-7,45.0,260-270
2020-05-02 22:20:00,0.05527641761462935,179.0,6.914171428571429,256.52042857142857,6.510771428571429,6-7,45.0,250-260
2020-05-02 22:30:00,0.07952153912438222,179.0,6.676166666666667,258.2441388888889,5.8364722222222225,5-6,3.0,250-260
2020-05-02 22:40:00,0.036701128795518796,179.0,6.671285714285714,261.7376857142857,6.030171428571429,6-7,45.0,260-270
2020-05-02 22:50:00,0.04558197912643736,179.0,7.037914285714286,266.9660285714286,6.347742857142857,6-7,45.0,260-270
2020-05-02 23:00:00,0.029270629708899182,179.0,7.075666666666667,270.75072222222224,6.327833333333333,6-7,45.0,270-280
2020-05-02 23:10:00,0.015751526374336314,179.0,7.376257142857142,272.3317142857143,6.805685714285715,6-7,45.0,270-280
2020-05-02 23:20:00,0.021547714599654544,179.0,7.334885714285714,266.3781714285715,6.5668,6-7,45.0,260-270
2020-05-02 23:30:00,0.012324735709688414,179.0,7.61888888888889,266.9505555555555,6.673527777777778,6-7,45.0,260-270
2020-05-02 23:40:00,0.01436886887930499,179.0,7.706485714285714,266.1602571428572,6.702114285714285,6-7,45.0,260-270
2020-05-02 23:50:00,0.025285518686911913,179.0,7.327857142857144,268.1368857142857,6.439058823529412,6-7,45.0,260-270
2020-05-01 00:00:00,0.04265959283186906,139.0,11.425233333333333,215.9344,11.425233333333333,11-12,23.0,210-220
2020-05-01 00:10:00,0.05289057865655057,139.0,10.719199999999999,216.42668571428572,10.719199999999999,10-11,30.0,210-220
2020-05-01 00:20:00,0.07202094952251485,139.0,11.227628571428571,216.2754285714286,11.227628571428571,11-12,23.0,210-220
2020-05-01 00:30:00,0.07598449483542663,139.0,12.253666666666668,218.5878611111111,12.253666666666668,12-13,21.0,210-220
2020-05-01 00:40:00,0.06525779715926369,139.0,11.319228571428571,218.81437142857143,11.319228571428571,11-12,23.0,210-220
2020-05-01 00:50:00,0.07986424391286347,139.0,10.408057142857142,218.01117142857143,10.408057142857142,10-11,30.0,210-220
2020-05-01 01:00:00,0.060994642278058044,139.0,10.861942857142857,218.29682857142856,10.861942857142857,10-11,30.0,210-220
2020-05-01 01:10:00,0.07037568671578216,139.0,11.917228571428572,221.7125714285714,11.917228571428572,11-12,23.0,220-230
2020-05-01 01:20:00,0.04546636434672806,139.0,12.055857142857143,220.68434285714287,12.055857142857143,12-13,21.0,220-230
2020-05-01 01:30:00,0.060725566402747275,139.0,12.37363888888889,221.29002777777777,12.37363888888889,12-13,21.0,220-230
2020-05-01 01:40:00,0.06884255614574648,139.0,11.905057142857144,221.40014285714287,11.905057142857144,11-12,23.0,220-230
2020-05-01 01:50:00,0.09473140006791067,139.0,10.342085714285714,219.51445714285714,10.342085714285714,10-11,30.0,210-220
2020-05-01 02:00:00,0.0506226127735119,139.0,11.140666666666668,218.46838888888888,11.140666666666668,11-12,23.0,210-220
2020-05-01 02:10:00,0.03223512449218232,139.0,12.083714285714287,215.00954285714286,12.083714285714287,12-13,21.0,210-220
2020-05-01 02:20:00,0.02913330468965357,139.0,12.190114285714285,213.41762857142857,12.190114285714285,12-13,21.0,210-220
2020-05-01 02:30:00,0.029064024057886145,139.0,11.651277777777779,212.95522222222223,11.651277777777779,11-12,23.0,210-220
2020-05-01 02:40:00,0.047476683284006956,139.0,11.108485714285715,210.10494285714285,11.108485714285715,11-12,23.0,210-220
2020-05-01 02:50:00,0.046857037199721674,139.0,10.764885714285715,209.31537142857144,10.764885714285715,10-11,30.0,200-210
2020-05-01 03:00:00,0.040076329397777055,139.0,11.058083333333334,210.03472222222223,11.058083333333334,11-12,23.0,210-220
2020-05-01 03:10:00,0.07038335338089986,139.0,10.037485714285715,209.2269142857143,10.037485714285715,10-11,30.0,200-210
2020-05-01 03:20:00,0.053130875472501775,139.0,9.127342857142857,206.13434285714285,9.127342857142857,9-10,49.0,200-210
2020-05-01 03:30:00,0.056638518892118364,139.0,9.131194444444445,206.04983333333334,9.131194444444445,9-10,49.0,200-210
2020-05-01 03:40:00,0.028937197960689703,139.0,9.667742857142857,206.6282285714286,9.667742857142857,9-10,49.0,200-210
2020-05-01 03:50:00,0.030296944960873626,139.0,10.036857142857144,211.53131428571427,10.036857142857144,10-11,30.0,210-220
2020-05-01 04:00:00,0.042289186161166004,139.0,10.07861111111111,212.50158333333331,10.07861111111111,10-11,30.0,210-220
2020-05-01 04:10:00,0.07304742302493747,139.0,10.008085714285714,209.46005714285715,10.008085714285714,10-11,30.0,200-210
2020-05-01 04:20:00,0.051412962533004494,139.0,9.886722222222224,209.2021388888889,9.886722222222224,9-10,49.0,200-210
2020-05-01 04:30:00,0.07058210900691823,139.0,9.09125,208.19899999999998,9.09125,9-10,49.0,200-210
2020-05-01 04:40:00,0.08056764383696587,139.0,8.765714285714287,206.35888571428572,8.765714285714287,8-9,73.0,200-210
2020-05-01 04:50:00,0.08336307913514852,139.0,9.654971428571429,206.92014285714285,9.654971428571429,9-10,49.0,200-210
2020-05-01 05:00:00,0.08481293431263864,139.0,9.551055555555557,206.09508333333332,9.551055555555557,9-10,49.0,200-210
2020-05-01 05:10:00,0.08013690282032442,139.0,9.561657142857143,207.3790857142857,9.561657142857143,9-10,49.0,200-210
2020-05-01 05:20:00,0.10269642890308352,139.0,8.573485714285715,203.72505714285717,8.573485714285715,8-9,73.0,200-210
2020-05-01 05:30:00,0.08671567987708527,139.0,8.297055555555556,200.57458333333332,8.297055555555556,8-9,73.0,200-210
2020-05-01 05:40:00,0.09425183006412276,139.0,8.7322,203.89074285714287,8.7322,8-9,73.0,200-210
2020-05-01 05:50:00,0.09384877074867103,139.0,9.909085714285714,206.26705714285714,9.909085714285714,9-10,49.0,200-210
2020-05-01 06:00:00,0.10133352085924796,139.0,9.782388888888889,207.2012222222222,9.782388888888889,9-10,49.0,200-210
2020-05-01 06:10:00,0.0992987980752597,139.0,9.22935294117647,214.28517647058823,9.22935294117647,9-10,49.0,210-220
2020-05-01 06:20:00,0.08913438175864646,139.0,9.516333333333334,212.74760606060607,9.516333333333334,9-10,49.0,210-220
2020-05-01 06:30:00,0.13109644002142776,139.0,10.676257142857143,211.62991428571428,10.676257142857143,10-11,30.0,210-220
2020-05-01 06:40:00,0.064359922218522,139.0,11.027000000000001,222.17100000000002,11.027000000000001,11-12,23.0,220-230
2020-05-01 06:50:00,0.11851878886755378,139.0,10.598029411764704,232.04641176470588,10.598029411764704,10-11,30.0,230-240
2020-05-01 07:00:00,0.06869836514663037,139.0,8.723171428571428,222.1507142857143,8.723171428571428,8-9,73.0,220-230
2020-05-01 07:10:00,0.05894101724758013,139.0,9.367199999999999,213.58614285714287,9.367199999999999,9-10,49.0,210-220
2020-05-01 07:20:00,0.09387292209219712,139.0,9.3994,211.97940000000003,9.3994,9-10,49.0,210-220
2020-05-01 07:30:00,0.12021119334004834,139.0,9.979805555555556,213.9818611111111,9.979805555555556,9-10,49.0,210-220
2020-05-01 07:40:00,0.0978250305773787,139.0,10.674685714285713,218.3236,10.674685714285713,10-11,30.0,210-220
2020-05-01 07:50:00,0.07843619754316417,139.0,11.5094,217.57662857142856,11.5094,11-12,23.0,210-220
2020-05-01 08:00:00,0.11155309861144498,139.0,11.450333333333333,220.63627777777776,11.450333333333333,11-12,23.0,220-230
2020-05-01 08:10:00,0.0878802886188585,139.0,12.236242424242423,216.0481212121212,12.236242424242423,12-13,21.0,210-220
2020-05-01 08:20:00,0.1335713690093664,139.0,12.6405625,222.20625,12.6405625,12-13,21.0,220-230
2020-05-01 08:30:00,0.13309212481081886,139.0,12.192666666666668,224.29842424242423,12.192666666666668,12-13,21.0,220-230
2020-05-01 08:40:00,0.10363357666717742,139.0,11.78290625,227.7868125,11.78290625,11-12,23.0,220-230
2020-05-01 08:50:00,0.08411210959441219,139.0,10.371636363636364,227.45836363636363,10.371636363636364,10-11,30.0,220-230
2020-05-01 09:00:00,0.09131036212875587,139.0,11.941638888888889,221.59952777777778,11.941638888888889,11-12,23.0,220-230
2020-05-01 09:10:00,0.13141130392836167,139.0,12.928028571428571,218.33928571428572,12.928028571428571,12-13,21.0,210-220
2020-05-01 09:20:00,0.10702831745999708,139.0,12.694828571428571,219.76691428571428,12.694828571428571,12-13,21.0,210-220
2020-05-01 09:30:00,0.10448238407007379,139.0,12.001555555555555,226.05116666666666,12.001555555555555,12-13,21.0,220-230
2020-05-01 09:40:00,0.13384278491000828,139.0,12.017228571428571,226.97760000000002,12.017228571428571,12-13,21.0,220-230
2020-05-01 09:50:00,0.11912495462186179,139.0,12.64322857142857,226.695,12.64322857142857,12-13,21.0,220-230
2020-05-01 10:00:00,0.10867726235198195,139.0,13.471166666666667,229.0423888888889,13.471166666666667,13-14,2.0,220-230
2020-05-01 10:10:00,0.10252742591444915,139.0,12.8424,229.16962857142858,12.8424,12-13,21.0,220-230
2020-05-01 10:20:00,0.13605445862553212,139.0,13.383882352941177,230.4919705882353,13.383882352941177,13-14,2.0,230-240
2020-05-01 10:30:00,0.10971661133260549,139.0,11.585749999999999,229.0042777777778,11.585749999999999,11-12,23.0,220-230
2020-05-01 10:40:00,0.13469810104925295,139.0,12.33353125,236.572625,12.33353125,12-13,21.0,230-240
2020-05-01 10:50:00,0.09531810020350119,139.0,11.924382352941176,243.7753235294118,11.924382352941176,11-12,23.0,240-250
2020-05-01 11:00:00,0.1322525174008,139.0,12.169305555555557,226.08866666666665,12.169305555555557,12-13,21.0,220-230
2020-05-01 11:10:00,0.14544420076466769,139.0,11.204911764705882,233.68726470588237,11.204911764705882,11-12,23.0,230-240
2020-05-01 11:20:00,0.2045153154507633,139.0,9.726757575757576,250.70545454545456,9.726757575757576,9-10,49.0,250-260
2020-05-01 11:30:00,0.15968088585572138,139.0,12.13025,230.983,12.13025,12-13,21.0,230-240
2020-05-01 11:40:00,0.08968455188851632,139.0,12.269588235294117,219.80291176470587,12.269588235294117,12-13,21.0,210-220
2020-05-01 11:50:00,0.07226032411410428,139.0,11.913714285714287,224.06805714285713,11.913714285714287,11-12,23.0,220-230
2020-05-01 12:00:00,0.09165460403594555,139.0,10.79975,228.9846388888889,10.79975,10-11,30.0,220-230
2020-05-01 12:10:00,0.08417732609131591,139.0,11.040057142857142,237.03822857142856,11.040057142857142,11-12,23.0,230-240
2020-05-01 12:20:00,0.12760974075928377,139.0,10.0682,246.54379999999998,10.0682,10-11,30.0,240-250
2020-05-01 12:30:00,0.11186339323540301,139.0,11.686055555555555,270.6799166666667,11.686055555555555,11-12,23.0,270-280
2020-05-01 12:40:00,0.0824462520739849,139.0,12.621771428571428,270.4638857142857,12.621771428571428,12-13,21.0,270-280
2020-05-01 12:50:00,0.09607656468819863,139.0,12.362285714285715,267.97754285714285,12.362285714285715,12-13,21.0,260-270
2020-05-01 13:00:00,0.07294170024903071,139.0,12.959555555555555,267.5596388888889,12.959555555555555,12-13,21.0,260-270
2020-05-01 13:10:00,0.06891885864591571,139.0,11.824114285714286,262.2817142857143,11.824114285714286,11-12,23.0,260-270
2020-05-01 13:20:00,0.10972529999479037,139.0,10.059685714285715,260.5540571428571,10.059685714285715,10-11,30.0,260-270
2020-05-01 13:30:00,0.12227819870278074,139.0,10.504916666666666,275.0283611111111,10.504916666666666,10-11,30.0,270-280
2020-05-01 13:40:00,0.12243703308774731,139.0,10.180542857142857,269.1779142857143,10.180542857142857,10-11,30.0,260-270
2020-05-01 13:50:00,0.14327386199401365,139.0,10.119428571428571,271.7244285714286,10.119428571428571,10-11,30.0,270-280
2020-05-01 14:00:00,0.10905371348602609,139.0,10.306000000000001,266.9150277777778,10.306000000000001,10-11,30.0,260-270
2020-05-01 14:10:00,0.08259036711670678,139.0,10.498628571428572,272.56345714285715,10.498628571428572,10-11,30.0,270-280
2020-05-01 14:20:00,0.07262942166889605,139.0,11.509857142857143,270.6134285714285,11.509857142857143,11-12,23.0,270-280
2020-05-01 14:30:00,0.06635332660895821,139.0,10.259694444444444,273.77602777777776,10.259694444444444,10-11,30.0,270-280
2020-05-01 14:40:00,0.16008189217162336,139.0,10.271714285714285,266.30625714285713,10.271714285714285,10-11,30.0,260-270
2020-05-01 14:50:00,0.07731066278416372,139.0,11.540228571428571,268.3613142857143,11.540228571428571,11-12,23.0,260-270
2020-05-01 15:00:00,0.06503429754378715,139.0,10.747944444444444,274.76444444444445,10.747944444444444,10-11,30.0,270-280
2020-05-01 15:10:00,0.07511367132256884,139.0,10.197428571428572,271.1593142857143,10.197428571428572,10-11,30.0,270-280
2020-05-01 15:20:00,0.07851301485185473,139.0,9.905485714285714,274.53265714285715,9.905485714285714,9-10,49.0,270-280
2020-05-01 15:30:00,0.08976647375848305,139.0,10.352083333333333,272.1210555555556,10.352083333333333,10-11,30.0,270-280
2020-05-01 15:40:00,0.08776593002568397,139.0,10.393971428571428,274.455,10.393971428571428,10-11,30.0,270-280
2020-05-01 15:50:00,0.08819403123323498,139.0,9.071285714285715,275.23974285714286,9.071285714285715,9-10,49.0,270-280
2020-05-01 16:00:00,0.10268369655774934,139.0,9.625416666666666,268.69519444444444,9.625416666666666,9-10,49.0,260-270
2020-05-01 16:10:00,0.08222039244955968,139.0,9.689257142857144,265.8611142857143,9.689257142857144,9-10,49.0,260-270
2020-05-01 16:20:00,0.057502658660387236,139.0,9.708285714285715,272.68811428571433,9.708285714285715,9-10,49.0,270-280
2020-05-01 16:30:00,0.05054665955970043,139.0,9.485083333333334,279.3401111111111,9.485083333333334,9-10,49.0,270-280
2020-05-01 16:40:00,0.08454347858591972,139.0,8.726171428571428,274.14911428571423,8.726171428571428,8-9,73.0,270-280
2020-05-01 16:50:00,0.08095732722781689,139.0,8.990142857142857,266.98037142857146,8.990142857142857,8-9,73.0,260-270
2020-05-01 17:00:00,0.11810253139364173,139.0,7.507888888888889,274.59058333333337,7.507888888888889,7-8,42.0,270-280
2020-05-01 17:10:00,0.05733279889145919,139.0,8.225085714285713,270.13205714285715,8.225085714285713,8-9,73.0,270-280
2020-05-01 17:20:00,0.06579671167673481,139.0,6.633571428571429,278.82282857142854,6.633571428571429,6-7,45.0,270-280
2020-05-01 17:30:00,0.04395399531523912,139.0,6.899416666666666,284.2893611111111,6.899416666666666,6-7,45.0,280-290
2020-05-01 17:40:00,0.0827939687638437,139.0,6.589200000000001,278.9608857142857,6.589200000000001,6-7,45.0,270-280
2020-05-01 17:50:00,0.0964368974651994,139.0,6.054142857142858,279.0637142857143,6.054142857142858,6-7,45.0,270-280
2020-05-01 18:00:00,0.12532604114943327,139.0,6.546,283.4871388888889,6.546,6-7,45.0,280-290
2020-05-01 18:10:00,0.032995192634057806,139.0,7.641028571428571,282.29817142857144,7.641028571428571,7-8,42.0,280-290
2020-05-01 18:20:00,0.03255978600529265,139.0,8.094942857142856,280.7016571428572,8.094942857142856,8-9,73.0,280-290
2020-05-01 18:30:00,0.04697641104463954,139.0,8.021444444444445,274.7016111111111,8.021444444444445,8-9,73.0,270-280
2020-05-01 18:40:00,0.02662750467953205,139.0,7.628028571428572,270.75814285714284,7.628028571428572,7-8,42.0,270-280
2020-05-01 18:50:00,0.0458423024220072,139.0,7.976428571428571,270.9332,7.976428571428571,7-8,42.0,270-280
2020-05-01 19:00:00,0.04339135253468714,139.0,8.751888888888889,267.7080277777778,8.751888888888889,8-9,73.0,260-270
2020-05-01 19:10:00,0.05372487761101559,139.0,8.4012,266.85574285714284,8.4012,8-9,73.0,260-270
2020-05-01 19:20:00,0.056602266625966784,139.0,8.507457142857143,262.65959999999995,8.507457142857143,8-9,73.0,260-270
2020-05-01 19:30:00,0.04047729399677183,139.0,7.713694444444444,262.5216666666667,7.713694444444444,7-8,42.0,260-270
2020-05-01 19:40:00,0.04073362209524941,139.0,6.908457142857142,263.24217142857145,6.908457142857142,6-7,45.0,260-270
2020-05-01 19:50:00,0.07212495600801548,139.0,8.509028571428571,263.93314285714285,8.509028571428571,8-9,73.0,260-270
2020-05-01 20:00:00,0.06907928057473513,139.0,7.873749999999999,261.1911666666667,7.873749999999999,7-8,42.0,260-270
2020-05-01 20:10:00,0.10262216609326602,139.0,7.696257142857144,260.6949714285714,7.696257142857144,7-8,42.0,260-270
2020-05-01 20:20:00,0.08883820339071313,139.0,8.733828571428571,262.189,8.733828571428571,8-9,73.0,260-270
2020-05-01 20:30:00,0.11271053252495916,139.0,8.467944444444445,261.80319444444444,8.467944444444445,8-9,73.0,260-270
2020-05-01 20:40:00,0.06807758690217873,139.0,7.134057142857143,258.8611714285714,7.134057142857143,7-8,42.0,250-260
2020-05-01 20:50:00,0.03530525098000243,139.0,7.526485714285715,254.92874285714285,7.526485714285715,7-8,42.0,250-260
2020-05-01 21:00:00,0.07148237657744382,139.0,7.220722222222221,253.5378888888889,7.220722222222221,7-8,42.0,250-260
2020-05-01 21:10:00,0.0537388689578882,139.0,7.316171428571428,252.93965714285716,7.316171428571428,7-8,42.0,250-260
2020-05-01 21:20:00,0.0731110729448241,139.0,6.0576,241.61451428571428,6.0576,6-7,45.0,240-250
2020-05-01 21:30:00,0.10031353314313612,139.0,7.340861111111112,237.9614722222222,7.340861111111112,7-8,42.0,230-240
2020-05-01 21:40:00,0.023407159218253367,139.0,8.314342857142858,240.5583714285714,8.314342857142858,8-9,73.0,240-250
2020-05-01 21:50:00,0.02630764977093367,139.0,8.801342857142858,245.00302857142856,8.801342857142858,8-9,73.0,240-250
2020-05-01 22:00:00,0.029838581892772838,139.0,8.187888888888889,241.76347222222225,8.187888888888889,8-9,73.0,240-250
2020-05-01 22:10:00,0.038848471497257245,139.0,7.868428571428571,241.5845142857143,7.868428571428571,7-8,42.0,240-250
2020-05-01 22:20:00,0.043973969379070374,139.0,8.014457142857143,246.12882857142858,8.014457142857143,8-9,73.0,240-250
2020-05-01 22:30:00,0.05962523865276676,139.0,8.054194444444445,248.19822222222223,8.054194444444445,8-9,73.0,240-250
2020-05-01 22:40:00,0.06556887236290271,139.0,7.880285714285715,249.1598857142857,7.880285714285715,7-8,42.0,240-250
2020-05-01 22:50:00,0.055438963196394866,139.0,7.7056571428571425,251.78477142857145,7.7056571428571425,7-8,42.0,250-260
2020-05-01 23:00:00,0.0575357510875301,139.0,7.884222222222222,253.25913888888888,7.884222222222222,7-8,42.0,250-260
2020-05-01 23:10:00,0.027277141132662146,139.0,8.00982857142857,250.29165714285716,8.00982857142857,8-9,73.0,250-260
2020-05-01 23:20:00,0.04106153724292884,139.0,8.178142857142857,251.2186,8.178142857142857,8-9,73.0,250-260
2020-05-01 23:30:00,0.032965553673220134,139.0,8.168083333333334,250.4594166666667,8.168083333333334,8-9,73.0,250-260
2020-05-01 23:40:00,0.040157972477157994,139.0,7.942142857142858,249.56705714285712,7.942142857142858,7-8,42.0,240-250
2020-05-01 23:50:00,0.04727606299833325,139.0,7.2142,252.61262857142856,7.2142,7-8,42.0,250-260
2020-05-02 00:00:00,0.04087498405298289,139.0,6.795068965517241,250.03227586206896,6.795068965517241,6-7,45.0,250-260
2020-05-02 00:10:00,0.025570395246549193,139.0,7.107382352941177,249.1359705882353,7.107382352941177,7-8,42.0,240-250
2020-05-02 00:20:00,0.07238038991387542,139.0,6.767114285714285,248.59631428571427,6.767114285714285,6-7,45.0,240-250
2020-05-02 00:30:00,0.04858011866968548,139.0,6.648055555555556,251.66413888888889,6.648055555555556,6-7,45.0,250-260
2020-05-02 00:40:00,0.0563850998018833,139.0,6.632485714285714,246.2070857142857,6.632485714285714,6-7,45.0,240-250
2020-05-02 00:50:00,0.02996733764845051,139.0,7.326171428571429,247.57997142857144,7.326171428571429,7-8,42.0,240-250
2020-05-02 01:00:00,0.029802209534295437,139.0,7.546138888888889,248.64933333333335,7.546138888888889,7-8,42.0,240-250
2020-05-02 01:10:00,0.0379479073639864,139.0,8.306828571428571,247.29274285714283,8.306828571428571,8-9,73.0,240-250
2020-05-02 01:20:00,0.020078552237923954,139.0,8.894857142857143,244.52599999999998,8.894857142857143,8-9,73.0,240-250
2020-05-02 01:30:00,0.02350618667214414,139.0,9.416888888888888,246.41930555555552,9.416888888888888,9-10,49.0,240-250
2020-05-02 01:40:00,0.03926555314418954,139.0,8.804885714285714,248.6987142857143,8.804885714285714,8-9,73.0,240-250
2020-05-02 01:50:00,0.042819895066416154,139.0,8.292485714285714,249.17077142857144,8.292485714285714,8-9,73.0,240-250
2020-05-02 02:00:00,0.035443559839363085,139.0,9.294333333333334,263.682,9.294333333333334,9-10,49.0,260-270
2020-05-02 02:10:00,0.05306067956868544,139.0,8.492085714285714,258.80574285714283,8.492085714285714,8-9,73.0,250-260
2020-05-02 02:20:00,0.07126459069536434,139.0,7.037657142857143,250.0082285714286,7.037657142857143,7-8,42.0,250-260
2020-05-02 02:30:00,0.053781750416174307,139.0,7.895228571428572,253.98822857142855,7.895228571428572,7-8,42.0,250-260
2020-05-02 02:40:00,0.07613766609368076,139.0,7.991485714285714,254.73722857142857,7.991485714285714,7-8,42.0,250-260
2020-05-02 02:50:00,0.0682025790881419,139.0,7.647257142857143,249.0942,7.647257142857143,7-8,42.0,240-250
2020-05-02 03:00:00,0.06579585566898238,139.0,6.731944444444444,249.89877777777778,6.731944444444444,6-7,45.0,240-250
2020-05-02 03:10:00,0.11871187508838521,139.0,7.5596571428571435,253.75002857142857,7.5596571428571435,7-8,42.0,250-260
2020-05-02 03:20:00,0.08509975871464023,139.0,10.267828571428572,257.6736,10.267828571428572,10-11,30.0,250-260
2020-05-02 03:30:00,0.05882784696277095,139.0,9.6005,258.7903611111111,9.6005,9-10,49.0,250-260
2020-05-02 03:40:00,0.08047598759738776,139.0,8.477411764705883,256.25217647058827,8.477411764705883,8-9,73.0,250-260
2020-05-02 03:50:00,0.07423228106481286,139.0,9.654514285714287,262.62274285714284,9.654514285714287,9-10,49.0,260-270
2020-05-02 04:00:00,0.06514821071976624,139.0,9.897583333333333,261.2474722222222,9.897583333333333,9-10,49.0,260-270
2020-05-02 04:10:00,0.04685675388064375,139.0,9.71422857142857,263.60382857142855,9.71422857142857,9-10,49.0,260-270
2020-05-02 04:20:00,0.04486398747002881,139.0,10.035400000000001,266.23328571428567,10.035400000000001,10-11,30.0,260-270
2020-05-02 04:30:00,0.028045347860617766,139.0,9.672611111111111,265.8876666666667,9.672611111111111,9-10,49.0,260-270
2020-05-02 04:40:00,0.02166603658688645,139.0,9.818085714285713,267.32005714285714,9.818085714285713,9-10,49.0,260-270
2020-05-02 04:50:00,0.04326332076515966,139.0,9.343771428571428,268.0806285714286,9.343771428571428,9-10,49.0,260-270
2020-05-02 05:00:00,0.04555748309274685,139.0,8.562666666666667,264.98541666666665,8.562666666666667,8-9,73.0,260-270
2020-05-02 05:10:00,0.021552694886796227,139.0,9.147885714285714,269.49674285714286,9.147885714285714,9-10,49.0,260-270
2020-05-02 05:20:00,0.03662439578902707,139.0,9.055485714285714,270.47234285714285,9.055485714285714,9-10,49.0,270-280
2020-05-02 05:30:00,0.03742119227594126,139.0,8.508527777777779,277.2505555555556,8.508527777777779,8-9,73.0,270-280
2020-05-02 05:40:00,0.03697452578073132,139.0,7.8872857142857145,281.012,7.8872857142857145,7-8,42.0,280-290
2020-05-02 05:50:00,0.037115978967513716,139.0,7.409514285714287,282.48242857142856,7.409514285714287,7-8,42.0,280-290
2020-05-02 06:00:00,0.05831481254652104,139.0,7.327805555555555,288.1468611111111,7.327805555555555,7-8,42.0,280-290
2020-05-02 06:10:00,0.07827031227452261,139.0,6.211685714285714,287.15871428571427,6.211685714285714,6-7,45.0,280-290
2020-05-02 06:20:00,0.1257837115401934,139.0,6.445457142857143,284.2256285714286,6.445457142857143,6-7,45.0,280-290
2020-05-02 06:30:00,0.1257569042668964,139.0,6.010833333333333,282.5301666666667,6.010833333333333,6-7,45.0,280-290
2020-05-02 06:40:00,0.14812411373666096,139.0,6.190542857142857,281.9602,6.190542857142857,6-7,45.0,280-290
2020-05-02 06:50:00,0.1109789786503345,139.0,6.421171428571429,281.00482857142856,6.421171428571429,6-7,45.0,280-290
2020-05-02 07:00:00,0.1023252612471437,139.0,6.44825,277.23150000000004,6.44825,6-7,45.0,270-280
2020-05-02 07:10:00,0.21125374801097754,139.0,8.038085714285716,285.04168571428573,8.038085714285716,8-9,73.0,280-290
2020-05-02 07:20:00,0.1171644666897154,139.0,9.3438,298.0029142857143,9.3438,9-10,49.0,290-300
2020-05-02 07:30:00,0.07473752670260136,139.0,9.179916666666667,303.42966666666666,9.179916666666667,9-10,49.0,300-310
2020-05-02 07:40:00,0.06633834510170927,139.0,9.370485714285714,294.32311428571427,9.370485714285714,9-10,49.0,290-300
2020-05-02 07:50:00,0.13489638409960483,139.0,9.925588235294116,303.45426470588234,9.925588235294116,9-10,49.0,300-310
2020-05-02 08:00:00,0.1859709058695585,139.0,8.619323529411766,274.1038823529411,8.619323529411766,8-9,73.0,270-280
2020-05-02 08:10:00,0.14587765743624356,139.0,9.108529411764707,283.27620588235294,9.108529411764707,9-10,49.0,280-290
2020-05-02 08:20:00,0.08806948448104816,139.0,9.902457142857143,287.6068571428571,9.902457142857143,9-10,49.0,280-290
2020-05-02 08:30:00,0.11402494872305684,139.0,9.484555555555556,288.43811111111114,9.484555555555556,9-10,49.0,280-290
2020-05-02 08:40:00,0.11571457773457107,139.0,9.634285714285713,278.1334857142857,9.634285714285713,9-10,49.0,270-280
2020-05-02 08:50:00,0.1528346264301394,139.0,9.006742857142857,280.92348571428573,9.006742857142857,9-10,49.0,280-290
2020-05-02 09:00:00,0.12603915583849032,139.0,8.609441176470588,280.7171470588235,8.609441176470588,8-9,73.0,280-290
2020-05-02 09:10:00,0.13996333687869073,139.0,9.8278125,288.51381250000003,9.8278125,9-10,49.0,280-290
2020-05-02 09:20:00,0.06799510819441697,139.0,8.664352941176471,286.73355882352945,8.664352941176471,8-9,73.0,280-290
2020-05-02 09:30:00,0.08231679503648533,139.0,7.4776388888888885,283.1358055555555,7.4776388888888885,7-8,42.0,280-290
2020-05-02 09:40:00,0.18641816534359695,139.0,6.639057142857142,273.23062857142855,6.639057142857142,6-7,45.0,270-280
2020-05-02 09:50:00,0.18797368734961972,139.0,8.779,292.4361714285714,8.779,8-9,73.0,290-300
2020-05-02 10:00:00,0.14594175666121123,139.0,8.733194444444443,292.1225,8.733194444444443,8-9,73.0,290-300
2020-05-02 10:10:00,0.1018305336248667,139.0,9.298057142857143,294.8087428571429,9.298057142857143,9-10,49.0,290-300
2020-05-02 10:20:00,0.08421330821983743,139.0,8.865085714285716,298.1931142857143,8.865085714285716,8-9,73.0,290-300
2020-05-02 10:30:00,0.10161434184154768,139.0,8.419194444444445,296.40425,8.419194444444445,8-9,73.0,290-300
2020-05-02 10:40:00,0.0928814850207717,139.0,9.2674,305.13477142857147,9.2674,9-10,49.0,300-310
2020-05-02 10:50:00,0.06756369199002911,139.0,8.316628571428572,296.944,8.316628571428572,8-9,73.0,290-300
2020-05-02 11:00:00,0.10713686004196611,139.0,8.169111111111112,303.7763611111111,8.169111111111112,8-9,73.0,300-310
2020-05-02 11:10:00,0.08850992490865729,139.0,8.024114285714285,296.2749714285714,8.024114285714285,8-9,73.0,290-300
2020-05-02 11:20:00,0.1485889993902703,139.0,8.0352,305.05168571428567,8.0352,8-9,73.0,300-310
2020-05-02 11:30:00,0.1643025652012683,139.0,9.239916666666666,284.7325,9.239916666666666,9-10,49.0,280-290
2020-05-02 11:40:00,0.1108085029431467,139.0,10.37722857142857,282.2403142857143,10.37722857142857,10-11,30.0,280-290
2020-05-02 11:50:00,0.1136903571276689,139.0,9.658514285714286,274.4879714285714,9.658514285714286,9-10,49.0,270-280
2020-05-02 12:00:00,0.14310718228168828,139.0,8.502944444444445,288.1503611111111,8.502944444444445,8-9,73.0,280-290
2020-05-02 12:10:00,0.20217216100348986,139.0,8.813485714285713,288.48785714285714,8.813485714285713,8-9,73.0,280-290
2020-05-02 12:20:00,0.12799961818087582,139.0,9.245771428571429,300.6274857142857,9.245771428571429,9-10,49.0,300-310
2020-05-02 12:30:00,0.13446457333723735,139.0,8.750027777777778,306.39369444444446,8.750027777777778,8-9,73.0,300-310
2020-05-02 12:40:00,0.11288207156553502,139.0,8.604142857142856,301.9127142857143,8.604142857142856,8-9,73.0,300-310
2020-05-02 12:50:00,0.11653437409331183,139.0,8.384457142857144,301.3108571428571,8.384457142857144,8-9,73.0,300-310
2020-05-02 13:00:00,0.116280653045896,139.0,8.280305555555556,295.8358333333333,8.280305555555556,8-9,73.0,290-300
2020-05-02 13:10:00,0.155605814588813,139.0,8.124228571428572,302.05285714285714,8.124228571428572,8-9,73.0,300-310
2020-05-02 13:20:00,0.12477506581107674,139.0,8.463171428571428,301.0472285714286,8.463171428571428,8-9,73.0,300-310
2020-05-02 13:30:00,0.13062426650849532,139.0,8.18575,302.9914444444445,8.18575,8-9,73.0,300-310
2020-05-02 13:40:00,0.13769908309064302,139.0,8.552714285714284,299.4759714285714,8.552714285714284,8-9,73.0,290-300
2020-05-02 13:50:00,0.0945363518490632,139.0,9.263742857142857,300.43017142857144,9.263742857142857,9-10,49.0,300-310
2020-05-02 14:00:00,0.09765912273776435,139.0,8.668055555555556,293.10400000000004,8.668055555555556,8-9,73.0,290-300
2020-05-02 14:10:00,0.13965259193569832,139.0,8.895428571428571,301.41522857142854,8.895428571428571,8-9,73.0,300-310
2020-05-02 14:20:00,0.13919885052700698,139.0,8.387028571428571,297.799,8.387028571428571,8-9,73.0,290-300
2020-05-02 14:30:00,0.07666422036138537,139.0,8.922805555555556,298.78780555555556,8.922805555555556,8-9,73.0,290-300
2020-05-02 14:40:00,0.08759709841137353,139.0,8.521971428571428,300.9993714285714,8.521971428571428,8-9,73.0,300-310
2020-05-02 14:50:00,0.07921272624283067,139.0,8.963171428571428,296.2553142857143,8.963171428571428,8-9,73.0,290-300
2020-05-02 15:00:00,0.1048307764660363,139.0,8.460333333333333,296.47675000000004,8.460333333333333,8-9,73.0,290-300
2020-05-02 15:10:00,0.11024850224863368,139.0,8.327685714285714,305.83808571428574,8.327685714285714,8-9,73.0,300-310
2020-05-02 15:20:00,0.06743588667299125,139.0,8.931885714285714,304.1483714285714,8.931885714285714,8-9,73.0,300-310
2020-05-02 15:30:00,0.10582812716629525,139.0,8.356361111111111,307.18586111111114,8.356361111111111,8-9,73.0,300-310
2020-05-02 15:40:00,0.11925239603359193,139.0,8.524342857142857,306.4310857142857,8.524342857142857,8-9,73.0,300-310
2020-05-02 15:50:00,0.08032263244579203,139.0,8.463571428571429,302.60065714285713,8.463571428571429,8-9,73.0,300-310
2020-05-02 16:00:00,0.10156940704760072,139.0,7.851638888888889,296.8467777777778,7.851638888888889,7-8,42.0,290-300
2020-05-02 16:10:00,0.10127415340593983,139.0,8.345085714285716,301.5631714285714,8.345085714285716,8-9,73.0,300-310
2020-05-02 16:20:00,0.11551373054237406,139.0,8.166371428571429,303.5299142857143,8.166371428571429,8-9,73.0,300-310
2020-05-02 16:30:00,0.08584846125436311,139.0,8.188083333333333,303.8781388888889,8.188083333333333,8-9,73.0,300-310
2020-05-02 16:40:00,0.07468167598491127,139.0,7.856171428571429,302.79594285714285,7.856171428571429,7-8,42.0,300-310
2020-05-02 16:50:00,0.04793863623909073,139.0,7.867971428571429,301.7593714285714,7.867971428571429,7-8,42.0,300-310
2020-05-02 17:00:00,0.08044446978452079,139.0,7.184361111111111,303.4795555555555,7.184361111111111,7-8,42.0,300-310
2020-05-02 17:10:00,0.07204395360644339,139.0,6.414828571428572,300.89971428571425,6.414828571428572,6-7,45.0,300-310
2020-05-02 17:20:00,0.07664795290971375,139.0,6.359742857142858,294.43665714285714,6.359742857142858,6-7,45.0,290-300
2020-05-02 17:30:00,0.050698864454832564,139.0,6.333472222222222,292.52425,6.333472222222222,6-7,45.0,290-300
2020-05-02 17:40:00,0.0689575333813094,139.0,6.355857142857143,293.5280285714286,6.355857142857143,6-7,45.0,290-300
2020-05-02 17:50:00,0.0501569486236457,139.0,6.894228571428571,295.2279428571428,6.894228571428571,6-7,45.0,290-300
2020-05-02 18:00:00,0.03636251797416457,139.0,6.190666666666667,296.49775,6.190666666666667,6-7,45.0,290-300
2020-05-02 18:10:00,0.03949881397773708,139.0,6.291514285714285,296.12068571428574,6.291514285714285,6-7,45.0,290-300
2020-05-02 18:20:00,0.04290772904830647,139.0,6.038,297.2038857142857,6.038,6-7,45.0,290-300
2020-05-02 18:30:00,0.02269164453056521,139.0,6.219361111111111,295.7704444444445,6.219361111111111,6-7,45.0,290-300
2020-05-02 18:40:00,0.034010086837776295,139.0,6.344714285714286,296.60485714285716,6.344714285714286,6-7,45.0,290-300
2020-05-02 18:50:00,0.042373765589754045,139.0,5.583285714285714,290.54785714285714,5.583285714285714,5-6,3.0,290-300
2020-05-02 19:00:00,0.02743867242531962,139.0,5.67875,285.2572777777778,5.67875,5-6,3.0,280-290
2020-05-02 19:10:00,0.04999239439152432,139.0,6.2036,280.6100857142857,6.2036,6-7,45.0,280-290
2020-05-02 19:20:00,0.009526652249965246,139.0,6.9268,282.6138285714286,6.9268,6-7,45.0,280-290
2020-05-02 19:30:00,0.03545323991796039,139.0,6.646222222222223,277.8412222222222,6.646222222222223,6-7,45.0,270-280
2020-05-02 19:40:00,0.03497597541823126,139.0,6.3602,273.34617142857144,6.3602,6-7,45.0,270-280
2020-05-02 19:50:00,0.029155679755344492,139.0,7.476914285714286,269.25568571428573,7.476914285714286,7-8,42.0,260-270
2020-05-02 20:00:00,0.018808782691708704,139.0,7.7155,270.24111111111114,7.7155,7-8,42.0,270-280
2020-05-02 20:10:00,0.03515404475188705,139.0,8.255971428571428,268.97845714285717,8.255971428571428,8-9,73.0,260-270
2020-05-02 20:20:00,0.014516702917147267,139.0,8.688714285714287,270.58025714285714,8.688714285714287,8-9,73.0,270-280
2020-05-02 20:30:00,0.01482584061340198,139.0,8.516833333333333,266.2658055555555,8.516833333333333,8-9,73.0,260-270
2020-05-02 20:40:00,0.02168657825993106,139.0,8.156828571428571,264.4278,8.156828571428571,8-9,73.0,260-270
2020-05-02 20:50:00,0.027390797870085432,139.0,7.472371428571429,263.5307142857143,7.472371428571429,7-8,42.0,260-270
2020-05-02 21:00:00,0.011884063947036585,139.0,7.176,263.4823333333333,7.176,7-8,42.0,260-270
2020-05-02 21:10:00,0.01876593750573055,139.0,7.425,266.1724,7.425,7-8,42.0,260-270
2020-05-02 21:20:00,0.016949817080226637,139.0,7.4644,267.9096285714286,7.4644,7-8,42.0,260-270
2020-05-02 21:30:00,0.013709793393594237,139.0,7.280305555555556,266.78105555555555,7.280305555555556,7-8,42.0,260-270
2020-05-02 21:40:00,0.027444883524519948,139.0,7.009228571428571,264.0496857142857,7.009228571428571,7-8,42.0,260-270
2020-05-02 21:50:00,0.010895605953426306,139.0,6.551514285714286,262.5002,6.551514285714286,6-7,45.0,260-270
2020-05-02 22:00:00,0.02313684849854351,139.0,6.375,259.9908888888889,6.375,6-7,45.0,250-260
2020-05-02 22:10:00,0.04127427820352662,139.0,6.140257142857142,257.3116857142857,6.140257142857142,6-7,45.0,250-260
2020-05-02 22:20:00,0.05029990495635059,139.0,6.510771428571429,254.4748285714286,6.510771428571429,6-7,45.0,250-260
2020-05-02 22:30:00,0.05128946394207132,139.0,5.8364722222222225,252.7991388888889,5.8364722222222225,5-6,3.0,250-260
2020-05-02 22:40:00,0.03596164032319525,139.0,6.030171428571429,257.0369714285714,6.030171428571429,6-7,45.0,250-260
2020-05-02 22:50:00,0.0243346241613414,139.0,6.347742857142857,263.79148571428567,6.347742857142857,6-7,45.0,260-270
2020-05-02 23:00:00,0.01774196125672211,139.0,6.327833333333333,266.9774444444445,6.327833333333333,6-7,45.0,260-270
2020-05-02 23:10:00,0.02023430140488478,139.0,6.805685714285715,268.9721714285714,6.805685714285715,6-7,45.0,260-270
2020-05-02 23:20:00,0.015466576720152985,139.0,6.5668,263.18428571428575,6.5668,6-7,45.0,260-270
2020-05-02 23:30:00,0.017004595895654742,139.0,6.673527777777778,263.8471111111111,6.673527777777778,6-7,45.0,260-270
2020-05-02 23:40:00,0.011401481411306183,139.0,6.702114285714285,262.2907714285714,6.702114285714285,6-7,45.0,260-270
2020-05-02 23:50:00,0.02658221571334967,139.0,6.439058823529412,264.6030588235294,6.439058823529412,6-7,45.0,260-270
2020-05-01 00:00:00,0.07572071731561571,99.0,10.2952,212.48376666666667,11.425233333333333,11-12,23.0,210-220
2020-05-01 00:10:00,0.07317714464607206,99.0,9.686771428571427,213.8802,10.719199999999999,10-11,30.0,210-220
2020-05-01 00:20:00,0.08181861923742624,99.0,10.287657142857142,214.37162857142857,11.227628571428571,11-12,23.0,210-220
2020-05-01 00:30:00,0.08889903309541927,99.0,11.358916666666666,217.1653611111111,12.253666666666668,12-13,21.0,210-220
2020-05-01 00:40:00,0.06670651483907715,99.0,10.5006,217.66840000000002,11.319228571428571,11-12,23.0,210-220
2020-05-01 00:50:00,0.0675409659955939,99.0,9.564714285714285,215.95642857142857,10.408057142857142,10-11,30.0,210-220
2020-05-01 01:00:00,0.05887889723653506,99.0,9.84297142857143,215.9278857142857,10.861942857142857,10-11,30.0,210-220
2020-05-01 01:10:00,0.0992614147909683,99.0,10.5988,219.75174285714286,11.917228571428572,11-12,23.0,210-220
2020-05-01 01:20:00,0.06570541236893933,99.0,10.993085714285714,218.47797142857144,12.055857142857143,12-13,21.0,210-220
2020-05-01 01:30:00,0.08462231538623731,99.0,11.215694444444445,218.30927777777777,12.37363888888889,12-13,21.0,210-220
2020-05-01 01:40:00,0.08439515003652172,99.0,10.897714285714287,219.9102,11.905057142857144,11-12,23.0,210-220
2020-05-01 01:50:00,0.110987878905204,99.0,9.4698,216.9454857142857,10.342085714285714,10-11,30.0,210-220
2020-05-01 02:00:00,0.06390485330025884,99.0,10.338777777777779,215.21833333333333,11.140666666666668,11-12,23.0,210-220
2020-05-01 02:10:00,0.047040658441870636,99.0,11.031885714285714,211.16994285714287,12.083714285714287,12-13,21.0,210-220
2020-05-01 02:20:00,0.0502935723383995,99.0,11.172257142857143,210.5658,12.190114285714285,12-13,21.0,210-220
2020-05-01 02:30:00,0.049251865045420305,99.0,10.410333333333334,210.6373888888889,11.651277777777779,11-12,23.0,210-220
2020-05-01 02:40:00,0.05585806605205381,99.0,9.91697142857143,207.3077142857143,11.108485714285715,11-12,23.0,200-210
2020-05-01 02:50:00,0.06919636986673104,99.0,9.671257142857144,206.2435714285714,10.764885714285715,10-11,30.0,200-210
2020-05-01 03:00:00,0.061340078308277396,99.0,9.784500000000001,207.96944444444443,11.058083333333334,11-12,23.0,200-210
2020-05-01 03:10:00,0.07854768818048365,99.0,8.832457142857143,207.0254285714286,10.037485714285715,10-11,30.0,200-210
2020-05-01 03:20:00,0.06712338901555433,99.0,8.077285714285713,202.1467714285714,9.127342857142857,9-10,49.0,200-210
2020-05-01 03:30:00,0.07806185844564244,99.0,8.4345,202.55944444444447,9.131194444444445,9-10,49.0,200-210
2020-05-01 03:40:00,0.05576948492046787,99.0,8.850800000000001,203.31965714285715,9.667742857142857,9-10,49.0,200-210
2020-05-01 03:50:00,0.039297793805077905,99.0,8.981142857142856,208.05051428571429,10.036857142857144,10-11,30.0,200-210
2020-05-01 04:00:00,0.07460901236295525,99.0,8.872833333333332,210.75,10.07861111111111,10-11,30.0,210-220
2020-05-01 04:10:00,0.09194832179515934,99.0,8.781571428571429,207.86942857142859,10.008085714285714,10-11,30.0,200-210
2020-05-01 04:20:00,0.059464566682645215,99.0,8.96025,207.09519444444445,9.886722222222224,9-10,49.0,200-210
2020-05-01 04:30:00,0.083092980471854,99.0,8.240388888888889,206.22766666666666,9.09125,9-10,49.0,200-210
2020-05-01 04:40:00,0.09414403235993228,99.0,7.909371428571428,203.2546,8.765714285714287,8-9,73.0,200-210
2020-05-01 04:50:00,0.10452685297233151,99.0,8.6424,204.74705714285713,9.654971428571429,9-10,49.0,200-210
2020-05-01 05:00:00,0.09731881619650619,99.0,8.51613888888889,206.1086388888889,9.551055555555557,9-10,49.0,200-210
2020-05-01 05:10:00,0.0883224768498666,99.0,8.918085714285715,207.6561142857143,9.561657142857143,9-10,49.0,200-210
2020-05-01 05:20:00,0.12800426577418147,99.0,7.6539142857142854,201.73785714285714,8.573485714285715,8-9,73.0,200-210
2020-05-01 05:30:00,0.09003360041631646,99.0,7.572333333333333,198.18330555555556,8.297055555555556,8-9,73.0,190-200
2020-05-01 05:40:00,0.09679905842649915,99.0,7.590057142857143,202.594,8.7322,8-9,73.0,200-210
2020-05-01 05:50:00,0.10258953177662904,99.0,9.221314285714286,204.32448571428571,9.909085714285714,9-10,49.0,200-210
2020-05-01 06:00:00,0.10723413965410757,99.0,8.898361111111111,205.89091666666667,9.782388888888889,9-10,49.0,200-210
2020-05-01 06:10:00,0.11598032528735013,99.0,8.642735294117648,213.02232352941178,9.22935294117647,9-10,49.0,210-220
2020-05-01 06:20:00,0.11717093144091993,99.0,8.844848484848484,211.26630303030302,9.516333333333334,9-10,49.0,210-220
2020-05-01 06:30:00,0.16827994307300598,99.0,10.038114285714286,210.36817142857143,10.676257142857143,10-11,30.0,210-220
2020-05-01 06:40:00,0.07480789288043264,99.0,10.31785294117647,218.24111764705884,11.027000000000001,11-12,23.0,210-220
2020-05-01 06:50:00,0.1457121244506242,99.0,9.686323529411764,229.51076470588237,10.598029411764704,10-11,30.0,220-230
2020-05-01 07:00:00,0.07020253197074873,99.0,7.699942857142857,221.5415142857143,8.723171428571428,8-9,73.0,220-230
2020-05-01 07:10:00,0.08603510152301042,99.0,8.146714285714285,212.55462857142857,9.367199999999999,9-10,49.0,210-220
2020-05-01 07:20:00,0.12359307229874525,99.0,8.718571428571428,210.8718857142857,9.3994,9-10,49.0,210-220
2020-05-01 07:30:00,0.12335336926375712,99.0,9.864972222222223,212.71227777777779,9.979805555555556,9-10,49.0,210-220
2020-05-01 07:40:00,0.09461938552131464,99.0,10.316828571428571,218.64222857142857,10.674685714285713,10-11,30.0,210-220
2020-05-01 07:50:00,0.08420155400867024,99.0,11.354057142857142,218.2202,11.5094,11-12,23.0,210-220
2020-05-01 08:00:00,0.10651912319148724,99.0,11.457888888888888,219.7013333333333,11.450333333333333,11-12,23.0,210-220
2020-05-01 08:10:00,0.10126851963533712,99.0,11.647333333333334,216.6682424242424,12.236242424242423,12-13,21.0,210-220
2020-05-01 08:20:00,0.11225915792001115,99.0,12.2185625,223.12153125,12.6405625,12-13,21.0,220-230
2020-05-01 08:30:00,0.1526077300944427,99.0,11.820909090909092,222.25848484848484,12.192666666666668,12-13,21.0,220-230
2020-05-01 08:40:00,0.11848580151619115,99.0,11.090406250000001,226.811,11.78290625,11-12,23.0,220-230
2020-05-01 08:50:00,0.09378910331862374,99.0,10.018454545454546,227.70712121212122,10.371636363636364,10-11,30.0,220-230
2020-05-01 09:00:00,0.10572159617184497,99.0,11.442944444444445,221.46005555555556,11.941638888888889,11-12,23.0,220-230
2020-05-01 09:10:00,0.14074432381984422,99.0,12.76177142857143,218.87582857142857,12.928028571428571,12-13,21.0,210-220
2020-05-01 09:20:00,0.11167736786345352,99.0,12.783285714285714,219.4629142857143,12.694828571428571,12-13,21.0,210-220
2020-05-01 09:30:00,0.12809084785409133,99.0,11.816416666666667,225.71574999999999,12.001555555555555,12-13,21.0,220-230
2020-05-01 09:40:00,0.133740233600965,99.0,11.571885714285715,227.40854285714286,12.017228571428571,12-13,21.0,220-230
2020-05-01 09:50:00,0.12620799345321418,99.0,12.206428571428573,226.5773142857143,12.64322857142857,12-13,21.0,220-230
2020-05-01 10:00:00,0.10903824410621665,99.0,13.12936111111111,228.82119444444444,13.471166666666667,13-14,2.0,220-230
2020-05-01 10:10:00,0.11654922988938199,99.0,12.406371428571429,229.49494285714286,12.8424,12-13,21.0,220-230
2020-05-01 10:20:00,0.13391253696372588,99.0,12.827323529411766,229.9388823529412,13.383882352941177,13-14,2.0,220-230
2020-05-01 10:30:00,0.11579930987652237,99.0,11.048972222222222,227.04819444444445,11.585749999999999,11-12,23.0,220-230
2020-05-01 10:40:00,0.14475336227277202,99.0,12.268875,236.3498125,12.33353125,12-13,21.0,230-240
2020-05-01 10:50:00,0.10963786737980259,99.0,11.384794117647058,244.59932352941178,11.924382352941176,11-12,23.0,240-250
2020-05-01 11:00:00,0.15196164411510718,99.0,12.0175,225.22283333333334,12.169305555555557,12-13,21.0,220-230
2020-05-01 11:10:00,0.17974993311052206,99.0,10.954411764705881,232.26123529411763,11.204911764705882,11-12,23.0,230-240
2020-05-01 11:20:00,0.1898206884850107,99.0,9.57330303030303,252.60918181818178,9.726757575757576,9-10,49.0,250-260
2020-05-01 11:30:00,0.1734065532373476,99.0,11.73053125,232.6484375,12.13025,12-13,21.0,230-240
2020-05-01 11:40:00,0.1082797743220182,99.0,11.90064705882353,218.1395,12.269588235294117,12-13,21.0,210-220
2020-05-01 11:50:00,0.09831100050556021,99.0,11.5018,221.58914285714286,11.913714285714287,11-12,23.0,220-230
2020-05-01 12:00:00,0.10499955160251119,99.0,10.216944444444444,226.54466666666667,10.79975,10-11,30.0,220-230
2020-05-01 12:10:00,0.11055333957135968,99.0,10.5368,234.37571428571428,11.040057142857142,11-12,23.0,230-240
2020-05-01 12:20:00,0.11522426329926153,99.0,9.7176,246.11557142857143,10.0682,10-11,30.0,240-250
2020-05-01 12:30:00,0.13320500099392663,99.0,11.25838888888889,270.66105555555555,11.686055555555555,11-12,23.0,270-280
2020-05-01 12:40:00,0.10010553697942029,99.0,12.353485714285714,271.5667142857143,12.621771428571428,12-13,21.0,270-280
2020-05-01 12:50:00,0.0970905084723043,99.0,11.515485714285715,268.0452,12.362285714285715,12-13,21.0,260-270
2020-05-01 13:00:00,0.08297821422757562,99.0,12.520944444444446,267.59113888888885,12.959555555555555,12-13,21.0,260-270
2020-05-01 13:10:00,0.08680231364341055,99.0,11.418800000000001,261.9348857142857,11.824114285714286,11-12,23.0,260-270
2020-05-01 13:20:00,0.12492448749071094,99.0,9.905142857142858,258.8516285714286,10.059685714285715,10-11,30.0,250-260
2020-05-01 13:30:00,0.1345958802603632,99.0,10.267000000000001,275.37044444444444,10.504916666666666,10-11,30.0,270-280
2020-05-01 13:40:00,0.14136878508723494,99.0,9.649028571428572,269.8006857142857,10.180542857142857,10-11,30.0,260-270
2020-05-01 13:50:00,0.13245933941134208,99.0,10.26137142857143,275.1482571428572,10.119428571428571,10-11,30.0,270-280
2020-05-01 14:00:00,0.1444920351562857,99.0,9.810333333333334,268.7069166666667,10.306000000000001,10-11,30.0,260-270
2020-05-01 14:10:00,0.09861194790565006,99.0,9.850285714285715,272.22585714285714,10.498628571428572,10-11,30.0,270-280
2020-05-01 14:20:00,0.07390730765371059,99.0,11.369714285714286,271.09031428571427,11.509857142857143,11-12,23.0,270-280
2020-05-01 14:30:00,0.08280936292249087,99.0,9.89075,274.8553333333333,10.259694444444444,10-11,30.0,270-280
2020-05-01 14:40:00,0.16631115523384046,99.0,9.833057142857143,264.88834285714285,10.271714285714285,10-11,30.0,260-270
2020-05-01 14:50:00,0.08360989208237439,99.0,11.403285714285715,268.8621714285714,11.540228571428571,11-12,23.0,260-270
2020-05-01 15:00:00,0.0930442278550304,99.0,10.52588888888889,275.14088888888887,10.747944444444444,10-11,30.0,270-280
2020-05-01 15:10:00,0.07611362670878868,99.0,10.14257142857143,271.2087714285714,10.197428571428572,10-11,30.0,270-280
2020-05-01 15:20:00,0.11624542606580283,99.0,9.666314285714286,274.0362,9.905485714285714,9-10,49.0,270-280
2020-05-01 15:30:00,0.10024890006132098,99.0,10.108333333333333,272.09411111111115,10.352083333333333,10-11,30.0,270-280
2020-05-01 15:40:00,0.11520207040963196,99.0,10.058514285714287,274.5788,10.393971428571428,10-11,30.0,270-280
2020-05-01 15:50:00,0.11241697071467859,99.0,8.751742857142856,276.7351428571428,9.071285714285715,9-10,49.0,270-280
2020-05-01 16:00:00,0.11033872877907498,99.0,9.204749999999999,269.45550000000003,9.625416666666666,9-10,49.0,260-270
2020-05-01 16:10:00,0.09868301717378948,99.0,9.615428571428572,266.3363428571429,9.689257142857144,9-10,49.0,260-270
2020-05-01 16:20:00,0.08908827138116493,99.0,9.507057142857143,272.4081428571429,9.708285714285715,9-10,49.0,270-280
2020-05-01 16:30:00,0.05558167235858006,99.0,9.437194444444444,280.1273611111111,9.485083333333334,9-10,49.0,280-290
2020-05-01 16:40:00,0.11650753670341038,99.0,8.361257142857143,275.4389428571428,8.726171428571428,8-9,73.0,270-280
2020-05-01 16:50:00,0.12553470402317893,99.0,8.5568,267.0941142857143,8.990142857142857,8-9,73.0,260-270
2020-05-01 17:00:00,0.12829618460468578,99.0,7.163777777777778,274.26919444444445,7.507888888888889,7-8,42.0,270-280
2020-05-01 17:10:00,0.06490693389974327,99.0,7.921085714285714,271.0604,8.225085714285713,8-9,73.0,270-280
2020-05-01 17:20:00,0.09576854174053699,99.0,6.162457142857143,279.41711428571426,6.633571428571429,6-7,45.0,270-280
2020-05-01 17:30:00,0.04288529844547586,99.0,6.739083333333333,286.75625,6.899416666666666,6-7,45.0,280-290
2020-05-01 17:40:00,0.08702457272080519,99.0,6.2782857142857145,280.11868571428573,6.589200000000001,6-7,45.0,280-290
2020-05-01 17:50:00,0.1090695043690104,99.0,5.625542857142857,280.4789428571429,6.054142857142858,6-7,45.0,280-290
2020-05-01 18:00:00,0.1862286701999344,99.0,5.9568055555555555,286.5466388888889,6.546,6-7,45.0,280-290
2020-05-01 18:10:00,0.0469644110297369,99.0,7.342457142857143,284.8947428571429,7.641028571428571,7-8,42.0,280-290
2020-05-01 18:20:00,0.037921699995664596,99.0,7.513771428571427,282.3577142857143,8.094942857142856,8-9,73.0,280-290
2020-05-01 18:30:00,0.05917940542855814,99.0,7.450277777777777,276.6503888888889,8.021444444444445,8-9,73.0,270-280
2020-05-01 18:40:00,0.04080743543271706,99.0,7.002971428571429,271.52688571428575,7.628028571428572,7-8,42.0,270-280
2020-05-01 18:50:00,0.05375826936815639,99.0,7.312285714285714,270.8337714285714,7.976428571428571,7-8,42.0,270-280
2020-05-01 19:00:00,0.061316336385434184,99.0,7.980027777777778,266.5207222222222,8.751888888888889,8-9,73.0,260-270
2020-05-01 19:10:00,0.0469957886691421,99.0,7.840657142857143,267.8924285714286,8.4012,8-9,73.0,260-270
2020-05-01 19:20:00,0.07008247127095818,99.0,7.945257142857143,262.0785142857143,8.507457142857143,8-9,73.0,260-270
2020-05-01 19:30:00,0.08677043123070109,99.0,7.296944444444445,262.5368888888889,7.713694444444444,7-8,42.0,260-270
2020-05-01 19:40:00,0.04317665709867322,99.0,5.933742857142858,259.61917142857146,6.908457142857142,6-7,45.0,250-260
2020-05-01 19:50:00,0.08432965056854376,99.0,7.389285714285714,263.7568857142857,8.509028571428571,8-9,73.0,260-270
2020-05-01 20:00:00,0.07665392969061659,99.0,7.20461111111111,259.93266666666665,7.873749999999999,7-8,42.0,250-260
2020-05-01 20:10:00,0.09325999187420218,99.0,6.872571428571429,257.6375428571429,7.696257142857144,7-8,42.0,250-260
2020-05-01 20:20:00,0.11324747313084682,99.0,7.977685714285714,259.88502857142856,8.733828571428571,8-9,73.0,250-260
2020-05-01 20:30:00,0.1145379099519832,99.0,7.667416666666666,258.50177777777776,8.467944444444445,8-9,73.0,250-260
2020-05-01 20:40:00,0.0649691604459233,99.0,6.311828571428571,255.78822857142856,7.134057142857143,7-8,42.0,250-260
2020-05-01 20:50:00,0.055106970858207094,99.0,6.908257142857143,253.14919999999998,7.526485714285715,7-8,42.0,250-260
2020-05-01 21:00:00,0.0713593259324986,99.0,6.179583333333333,249.20300000000003,7.220722222222221,7-8,42.0,240-250
2020-05-01 21:10:00,0.06283951753015882,99.0,6.283542857142858,250.53705714285715,7.316171428571428,7-8,42.0,250-260
2020-05-01 21:20:00,0.06346216010495535,99.0,5.215714285714286,236.84654285714288,6.0576,6-7,45.0,230-240
2020-05-01 21:30:00,0.11005329057354225,99.0,7.100083333333334,234.8023611111111,7.340861111111112,7-8,42.0,230-240
2020-05-01 21:40:00,0.025600455817291763,99.0,7.814685714285715,236.2705142857143,8.314342857142858,8-9,73.0,230-240
2020-05-01 21:50:00,0.03372216420286669,99.0,8.005428571428572,240.4791142857143,8.801342857142858,8-9,73.0,240-250
2020-05-01 22:00:00,0.026974652969155584,99.0,7.693888888888889,238.09597222222223,8.187888888888889,8-9,73.0,230-240
2020-05-01 22:10:00,0.04679765996267383,99.0,7.735485714285715,236.5911142857143,7.868428571428571,7-8,42.0,230-240
2020-05-01 22:20:00,0.0473263089493789,99.0,7.489714285714285,242.6074,8.014457142857143,8-9,73.0,240-250
2020-05-01 22:30:00,0.08567313480626057,99.0,7.032805555555556,245.07466666666667,8.054194444444445,8-9,73.0,240-250
2020-05-01 22:40:00,0.09866012338635474,99.0,6.692857142857143,245.47822857142856,7.880285714285715,7-8,42.0,240-250
2020-05-01 22:50:00,0.08695971848481572,99.0,6.586085714285715,248.72417142857142,7.7056571428571425,7-8,42.0,240-250
2020-05-01 23:00:00,0.05810312327966232,99.0,7.076472222222223,251.04191666666668,7.884222222222222,7-8,42.0,250-260
2020-05-01 23:10:00,0.04002566275569049,99.0,7.275799999999999,247.57571428571427,8.00982857142857,8-9,73.0,240-250
2020-05-01 23:20:00,0.043525411580054046,99.0,7.484914285714285,247.49497142857143,8.178142857142857,8-9,73.0,240-250
2020-05-01 23:30:00,0.04350641031530495,99.0,7.6546666666666665,247.8250833333333,8.168083333333334,8-9,73.0,240-250
2020-05-01 23:40:00,0.0671163072751487,99.0,7.079714285714285,245.94137142857144,7.942142857142858,7-8,42.0,240-250
2020-05-01 23:50:00,0.04799664131905184,99.0,6.360228571428571,247.88462857142855,7.2142,7-8,42.0,240-250
2020-05-02 00:00:00,0.05945693128840622,99.0,5.864827586206896,246.61872413793105,6.795068965517241,6-7,45.0,240-250
2020-05-02 00:10:00,0.05371149742236008,99.0,6.279058823529412,246.41779411764705,7.107382352941177,7-8,42.0,240-250
2020-05-02 00:20:00,0.1485541281308645,99.0,5.1885142857142865,243.7522857142857,6.767114285714285,6-7,45.0,240-250
2020-05-02 00:30:00,0.05255209744069426,99.0,5.759166666666667,247.40175,6.648055555555556,6-7,45.0,240-250
2020-05-02 00:40:00,0.05934194263411097,99.0,6.130914285714286,242.6029714285714,6.632485714285714,6-7,45.0,240-250
2020-05-02 00:50:00,0.028098398150285142,99.0,6.877571428571429,242.62057142857142,7.326171428571429,7-8,42.0,240-250
2020-05-02 01:00:00,0.032187628287330086,99.0,7.07475,242.8646666666667,7.546138888888889,7-8,42.0,240-250
2020-05-02 01:10:00,0.035378651966970466,99.0,7.909628571428571,240.33442857142856,8.306828571428571,8-9,73.0,240-250
2020-05-02 01:20:00,0.023905090544495935,99.0,8.545742857142857,238.23999999999998,8.894857142857143,8-9,73.0,230-240
2020-05-02 01:30:00,0.0350055568842737,99.0,8.457333333333333,240.71033333333332,9.416888888888888,9-10,49.0,240-250
2020-05-02 01:40:00,0.03761730009970227,99.0,8.1202,243.40028571428573,8.804885714285714,8-9,73.0,240-250
2020-05-02 01:50:00,0.03964746623524765,99.0,7.668971428571428,243.96594285714284,8.292485714285714,8-9,73.0,240-250
2020-05-02 02:00:00,0.04090741221452954,99.0,7.878055555555556,257.00325,9.294333333333334,9-10,49.0,250-260
2020-05-02 02:10:00,0.06376013385473804,99.0,7.335742857142857,251.8451142857143,8.492085714285714,8-9,73.0,250-260
2020-05-02 02:20:00,0.0793099571507373,99.0,6.397828571428572,243.33825714285715,7.037657142857143,7-8,42.0,240-250
2020-05-02 02:30:00,0.03530757796287909,99.0,7.1494,249.3084,7.895228571428572,7-8,42.0,240-250
2020-05-02 02:40:00,0.061859632404380104,99.0,6.925571428571429,249.69771428571428,7.991485714285714,7-8,42.0,240-250
2020-05-02 02:50:00,0.0753057881051467,99.0,6.7620000000000005,244.17142857142858,7.647257142857143,7-8,42.0,240-250
2020-05-02 03:00:00,0.046062484868600206,99.0,6.226972222222222,242.94019444444444,6.731944444444444,6-7,45.0,240-250
2020-05-02 03:10:00,0.11238697806909055,99.0,6.5386,250.7903142857143,7.5596571428571435,7-8,42.0,250-260
2020-05-02 03:20:00,0.1033454078712128,99.0,9.301285714285715,255.32505714285716,10.267828571428572,10-11,30.0,250-260
2020-05-02 03:30:00,0.06712481109429509,99.0,8.759083333333333,256.8085555555556,9.6005,9-10,49.0,250-260
2020-05-02 03:40:00,0.08948767108904741,99.0,7.672764705882353,253.80817647058822,8.477411764705883,8-9,73.0,250-260
2020-05-02 03:50:00,0.09330186313972764,99.0,8.508457142857143,260.7834,9.654514285714287,9-10,49.0,260-270
2020-05-02 04:00:00,0.06927763602253842,99.0,9.041777777777778,260.68708333333336,9.897583333333333,9-10,49.0,260-270
2020-05-02 04:10:00,0.07286886552398067,99.0,8.928,262.01599999999996,9.71422857142857,9-10,49.0,260-270
2020-05-02 04:20:00,0.05977927569174659,99.0,9.009542857142858,264.73188571428574,10.035400000000001,10-11,30.0,260-270
2020-05-02 04:30:00,0.05243748052498677,99.0,8.798277777777777,263.6977777777778,9.672611111111111,9-10,49.0,260-270
2020-05-02 04:40:00,0.04431167741262601,99.0,8.8914,264.7146,9.818085714285713,9-10,49.0,260-270
2020-05-02 04:50:00,0.04972993646094022,99.0,8.292171428571429,266.0845428571429,9.343771428571428,9-10,49.0,260-270
2020-05-02 05:00:00,0.061216572779321285,99.0,7.226249999999999,261.8557777777778,8.562666666666667,8-9,73.0,260-270
2020-05-02 05:10:00,0.08274606923106395,99.0,8.03857142857143,265.1735428571429,9.147885714285714,9-10,49.0,260-270
2020-05-02 05:20:00,0.05292102078167771,99.0,8.287685714285715,267.23608571428576,9.055485714285714,9-10,49.0,260-270
2020-05-02 05:30:00,0.06382494559396089,99.0,7.578027777777779,273.0683888888889,8.508527777777779,8-9,73.0,270-280
2020-05-02 05:40:00,0.026561935858437885,99.0,7.103028571428571,277.62408571428574,7.8872857142857145,7-8,42.0,270-280
2020-05-02 05:50:00,0.03917831624484297,99.0,6.8478,279.5036857142857,7.409514285714287,7-8,42.0,270-280
2020-05-02 06:00:00,0.07950191425083453,99.0,6.297000000000001,284.13891666666666,7.327805555555555,7-8,42.0,280-290
2020-05-02 06:10:00,0.08441877158608219,99.0,5.679657142857143,285.25611428571426,6.211685714285714,6-7,45.0,280-290
2020-05-02 06:20:00,0.13723250178949456,99.0,5.8238,282.5535142857143,6.445457142857143,6-7,45.0,280-290
2020-05-02 06:30:00,0.1205765696920437,99.0,5.684694444444444,280.10699999999997,6.010833333333333,6-7,45.0,280-290
2020-05-02 06:40:00,0.16123749816621652,99.0,5.869942857142857,281.0585142857143,6.190542857142857,6-7,45.0,280-290
2020-05-02 06:50:00,0.147343434709066,99.0,6.046457142857143,279.2228,6.421171428571429,6-7,45.0,270-280
2020-05-02 07:00:00,0.1214679792627855,99.0,6.345416666666667,277.4453611111111,6.44825,6-7,45.0,270-280
2020-05-02 07:10:00,0.21689932153575514,99.0,8.070342857142856,285.3957142857143,8.038085714285716,8-9,73.0,280-290
2020-05-02 07:20:00,0.1216767234303639,99.0,8.990714285714287,297.60094285714285,9.3438,9-10,49.0,290-300
2020-05-02 07:30:00,0.0776641878849824,99.0,9.080527777777778,304.2073888888889,9.179916666666667,9-10,49.0,300-310
2020-05-02 07:40:00,0.07932738754145663,99.0,9.048171428571427,293.35082857142856,9.370485714285714,9-10,49.0,290-300
2020-05-02 07:50:00,0.15925964143339386,99.0,9.51635294117647,301.137705882353,9.925588235294116,9-10,49.0,300-310
2020-05-02 08:00:00,0.17386534426970415,99.0,7.730499999999999,288.9420588235294,8.619323529411766,8-9,73.0,280-290
2020-05-02 08:10:00,0.1357974245627882,99.0,8.673941176470588,284.7123823529412,9.108529411764707,9-10,49.0,280-290
2020-05-02 08:20:00,0.10810532571054038,99.0,9.571457142857142,287.7902857142857,9.902457142857143,9-10,49.0,280-290
2020-05-02 08:30:00,0.10581573580637141,99.0,9.435638888888889,281.37363888888893,9.484555555555556,9-10,49.0,280-290
2020-05-02 08:40:00,0.13639287935611918,99.0,9.263942857142856,277.7725142857143,9.634285714285713,9-10,49.0,270-280
2020-05-02 08:50:00,0.1522291442810336,99.0,8.908000000000001,279.8259714285714,9.006742857142857,9-10,49.0,270-280
2020-05-02 09:00:00,0.13029024091860114,99.0,8.461529411764706,281.5555588235294,8.609441176470588,8-9,73.0,280-290
2020-05-02 09:10:00,0.1565368708840516,99.0,9.55328125,291.7964375,9.8278125,9-10,49.0,290-300
2020-05-02 09:20:00,0.06308084592628281,99.0,8.193823529411764,288.1134411764706,8.664352941176471,8-9,73.0,280-290
2020-05-02 09:30:00,0.07765134405679378,99.0,6.891805555555555,283.6043055555555,7.4776388888888885,7-8,42.0,280-290
2020-05-02 09:40:00,0.20201399094802203,99.0,6.292171428571429,275.72985714285716,6.639057142857142,6-7,45.0,270-280
2020-05-02 09:50:00,0.20059479688095722,99.0,8.443800000000001,292.39417142857144,8.779,8-9,73.0,290-300
2020-05-02 10:00:00,0.16508077729962262,99.0,8.434222222222223,292.6906388888889,8.733194444444443,8-9,73.0,290-300
2020-05-02 10:10:00,0.11028146724860781,99.0,9.046028571428572,295.56440000000003,9.298057142857143,9-10,49.0,290-300
2020-05-02 10:20:00,0.09631776981276902,99.0,8.833342857142856,299.7391428571429,8.865085714285716,8-9,73.0,290-300
2020-05-02 10:30:00,0.13451360669225304,99.0,7.975388888888888,297.5806111111111,8.419194444444445,8-9,73.0,290-300
2020-05-02 10:40:00,0.11605510320876239,99.0,9.212571428571428,304.6610285714286,9.2674,9-10,49.0,300-310
2020-05-02 10:50:00,0.0946725050648076,99.0,8.044457142857143,298.52637142857145,8.316628571428572,8-9,73.0,290-300
2020-05-02 11:00:00,0.11832173773530662,99.0,7.83275,303.9965555555556,8.169111111111112,8-9,73.0,300-310
2020-05-02 11:10:00,0.09834653013539119,99.0,7.793857142857144,297.26797142857146,8.024114285714285,8-9,73.0,290-300
2020-05-02 11:20:00,0.1629267713539763,99.0,7.621914285714285,304.1382,8.0352,8-9,73.0,300-310
2020-05-02 11:30:00,0.1594331554003296,99.0,8.85575,282.8363611111111,9.239916666666666,9-10,49.0,280-290
2020-05-02 11:40:00,0.11857174385549044,99.0,9.9744,282.24742857142854,10.37722857142857,10-11,30.0,280-290
2020-05-02 11:50:00,0.12253211121105499,99.0,9.52022857142857,272.5271428571429,9.658514285714286,9-10,49.0,270-280
2020-05-02 12:00:00,0.1689933638346108,99.0,8.114083333333333,285.1486944444444,8.502944444444445,8-9,73.0,280-290
2020-05-02 12:10:00,0.20520502289419065,99.0,8.671714285714286,286.3601428571428,8.813485714285713,8-9,73.0,280-290
2020-05-02 12:20:00,0.12200728591822455,99.0,9.016428571428571,302.82005714285714,9.245771428571429,9-10,49.0,300-310
2020-05-02 12:30:00,0.14668701048101132,99.0,8.757222222222222,307.6942777777778,8.750027777777778,8-9,73.0,300-310
2020-05-02 12:40:00,0.14001085433219523,99.0,8.167285714285715,304.80837142857143,8.604142857142856,8-9,73.0,300-310
2020-05-02 12:50:00,0.11161401278491104,99.0,8.1918,302.6926285714286,8.384457142857144,8-9,73.0,300-310
2020-05-02 13:00:00,0.11670664410350033,99.0,8.361722222222221,295.5753611111111,8.280305555555556,8-9,73.0,290-300
2020-05-02 13:10:00,0.17080948826146483,99.0,7.8646,303.07439999999997,8.124228571428572,8-9,73.0,300-310
2020-05-02 13:20:00,0.17128669797099264,99.0,8.0114,301.4177142857143,8.463171428571428,8-9,73.0,300-310
2020-05-02 13:30:00,0.15789553031555054,99.0,7.674555555555555,302.5372222222222,8.18575,8-9,73.0,300-310
2020-05-02 13:40:00,0.1343757781994803,99.0,8.609857142857143,297.9500857142857,8.552714285714284,8-9,73.0,290-300
2020-05-02 13:50:00,0.13427202532548976,99.0,8.992142857142857,299.76745714285715,9.263742857142857,9-10,49.0,290-300
2020-05-02 14:00:00,0.11769387690939312,99.0,8.1895,293.94758333333334,8.668055555555556,8-9,73.0,290-300
2020-05-02 14:10:00,0.15047921173670192,99.0,8.521857142857142,301.28434285714286,8.895428571428571,8-9,73.0,300-310
2020-05-02 14:20:00,0.1549567632067358,99.0,8.241542857142857,299.36974285714285,8.387028571428571,8-9,73.0,290-300
2020-05-02 14:30:00,0.08672101659771754,99.0,8.833777777777778,299.0358333333333,8.922805555555556,8-9,73.0,290-300
2020-05-02 14:40:00,0.10516877426616815,99.0,8.449057142857143,301.45505714285713,8.521971428571428,8-9,73.0,300-310
2020-05-02 14:50:00,0.08208958621817836,99.0,8.78637142857143,297.06517142857143,8.963171428571428,8-9,73.0,290-300
2020-05-02 15:00:00,0.11823169125234387,99.0,8.190777777777777,297.51325,8.460333333333333,8-9,73.0,290-300
2020-05-02 15:10:00,0.11912857642718164,99.0,8.091714285714286,306.3074,8.327685714285714,8-9,73.0,300-310
2020-05-02 15:20:00,0.08803784945758679,99.0,8.720571428571427,305.3526,8.931885714285714,8-9,73.0,300-310
2020-05-02 15:30:00,0.11554351289019886,99.0,7.9175555555555555,308.1968611111111,8.356361111111111,8-9,73.0,300-310
2020-05-02 15:40:00,0.1552990746613984,99.0,8.145028571428572,307.95685714285713,8.524342857142857,8-9,73.0,300-310
2020-05-02 15:50:00,0.09429711161423988,99.0,8.284314285714286,301.70831428571427,8.463571428571429,8-9,73.0,300-310
2020-05-02 16:00:00,0.13418724960343703,99.0,7.648694444444445,297.96233333333333,7.851638888888889,7-8,42.0,290-300
2020-05-02 16:10:00,0.1286198568663803,99.0,8.084542857142857,301.9302285714286,8.345085714285716,8-9,73.0,300-310
2020-05-02 16:20:00,0.1450076168246752,99.0,7.770571428571429,300.2960857142857,8.166371428571429,8-9,73.0,300-310
2020-05-02 16:30:00,0.10677948519046677,99.0,8.092888888888888,303.09441666666663,8.188083333333333,8-9,73.0,300-310
2020-05-02 16:40:00,0.07625357642779175,99.0,7.908514285714285,303.2794285714286,7.856171428571429,7-8,42.0,300-310
2020-05-02 16:50:00,0.06883598403971708,99.0,7.735771428571429,301.87782857142855,7.867971428571429,7-8,42.0,300-310
2020-05-02 17:00:00,0.1174985221653106,99.0,6.9823611111111115,303.26700000000005,7.184361111111111,7-8,42.0,300-310
2020-05-02 17:10:00,0.07444343783806993,99.0,6.3438,301.34617142857144,6.414828571428572,6-7,45.0,300-310
2020-05-02 17:20:00,0.08525719379945178,99.0,6.163742857142857,295.0857142857143,6.359742857142858,6-7,45.0,290-300
2020-05-02 17:30:00,0.06303812240371075,99.0,6.299083333333333,292.55680555555557,6.333472222222222,6-7,45.0,290-300
2020-05-02 17:40:00,0.07925749596577394,99.0,6.114942857142857,293.4555142857143,6.355857142857143,6-7,45.0,290-300
2020-05-02 17:50:00,0.04425761523403066,99.0,6.919942857142857,294.77360000000004,6.894228571428571,6-7,45.0,290-300
2020-05-02 18:00:00,0.03597239182866608,99.0,6.009833333333334,297.74888888888887,6.190666666666667,6-7,45.0,290-300
2020-05-02 18:10:00,0.04476712047411298,99.0,6.0366,297.2009428571428,6.291514285714285,6-7,45.0,290-300
2020-05-02 18:20:00,0.049920640195557815,99.0,5.656628571428572,298.23697142857145,6.038,6-7,45.0,290-300
2020-05-02 18:30:00,0.02295128752274744,99.0,6.089,298.9132777777778,6.219361111111111,6-7,45.0,290-300
2020-05-02 18:40:00,0.040677997312610494,99.0,6.215028571428571,299.64511428571427,6.344714285714286,6-7,45.0,290-300
2020-05-02 18:50:00,0.042374539744338385,99.0,5.430342857142858,294.0824,5.583285714285714,5-6,3.0,290-300
2020-05-02 19:00:00,0.03321785796810688,99.0,5.000416666666666,285.56152777777777,5.67875,5-6,3.0,280-290
2020-05-02 19:10:00,0.04986978009262188,99.0,5.881200000000001,280.10862857142854,6.2036,6-7,45.0,280-290
2020-05-02 19:20:00,0.01835302739869957,99.0,6.6326,282.9626571428571,6.9268,6-7,45.0,280-290
2020-05-02 19:30:00,0.05017872677051022,99.0,6.376972222222222,277.6315,6.646222222222223,6-7,45.0,270-280
2020-05-02 19:40:00,0.04779900051485243,99.0,6.033714285714286,272.2956571428571,6.3602,6-7,45.0,270-280
2020-05-02 19:50:00,0.03540373512576818,99.0,7.231942857142857,268.71674285714283,7.476914285714286,7-8,42.0,260-270
2020-05-02 20:00:00,0.018841501687488903,99.0,7.478249999999999,269.06522222222225,7.7155,7-8,42.0,260-270
2020-05-02 20:10:00,0.02671391173748189,99.0,7.787142857142857,267.3538571428571,8.255971428571428,8-9,73.0,260-270
2020-05-02 20:20:00,0.022618181781104446,99.0,8.057571428571428,270.0238857142857,8.688714285714287,8-9,73.0,270-280
2020-05-02 20:30:00,0.030696255346779958,99.0,8.162805555555556,268.64525,8.516833333333333,8-9,73.0,260-270
2020-05-02 20:40:00,0.01787564206221838,99.0,8.173085714285714,266.62757142857146,8.156828571428571,8-9,73.0,260-270
2020-05-02 20:50:00,0.04003171327956148,99.0,7.391571428571428,263.5546,7.472371428571429,7-8,42.0,260-270
2020-05-02 21:00:00,0.01225909791515521,99.0,6.914111111111111,261.7686388888889,7.176,7-8,42.0,260-270
2020-05-02 21:10:00,0.022278339492620924,99.0,7.104257142857143,263.6700857142857,7.425,7-8,42.0,260-270
2020-05-02 21:20:00,0.023268395310208422,99.0,7.0565999999999995,265.025,7.4644,7-8,42.0,260-270
2020-05-02 21:30:00,0.01720806453546513,99.0,6.932083333333334,264.4917222222222,7.280305555555556,7-8,42.0,260-270
2020-05-02 21:40:00,0.027888512062111695,99.0,6.632428571428571,260.3859428571429,7.009228571428571,7-8,42.0,260-270
2020-05-02 21:50:00,0.04022972777150689,99.0,6.013657142857143,258.39828571428575,6.551514285714286,6-7,45.0,250-260
2020-05-02 22:00:00,0.043559977243575174,99.0,5.302027777777777,253.03127777777777,6.375,6-7,45.0,250-260
2020-05-02 22:10:00,0.039326629193783484,99.0,5.292542857142857,252.79420000000002,6.140257142857142,6-7,45.0,250-260
2020-05-02 22:20:00,0.03609509854600227,99.0,5.442857142857143,248.49211428571428,6.510771428571429,6-7,45.0,240-250
2020-05-02 22:30:00,0.019923744344965435,99.0,5.364944444444444,247.14086111111112,5.8364722222222225,5-6,3.0,240-250
2020-05-02 22:40:00,0.05801658403142905,99.0,5.808599999999999,252.13162857142856,6.030171428571429,6-7,45.0,250-260
2020-05-02 22:50:00,0.02317099105614437,99.0,6.206885714285714,259.2429714285715,6.347742857142857,6-7,45.0,250-260
2020-05-02 23:00:00,0.02443284713349129,99.0,6.024472222222222,263.0239166666667,6.327833333333333,6-7,45.0,260-270
2020-05-02 23:10:00,0.016537723251813678,99.0,5.926228571428571,265.20862857142856,6.805685714285715,6-7,45.0,260-270
2020-05-02 23:20:00,0.032268107608532486,99.0,6.042057142857143,257.57874285714286,6.5668,6-7,45.0,250-260
2020-05-02 23:30:00,0.016192122588563673,99.0,6.082416666666666,257.74058333333335,6.673527777777778,6-7,45.0,250-260
2020-05-02 23:40:00,0.030446386134029658,99.0,6.412742857142857,257.0208285714286,6.702114285714285,6-7,45.0,250-260
2020-05-02 23:50:00,0.028538568544883843,99.0,5.936352941176471,259.85347058823527,6.439058823529412,6-7,45.0,250-260
2020-05-01 00:00:00,0.0952573096568678,79.0,9.585566666666667,211.23173333333335,11.425233333333333,11-12,23.0,210-220
2020-05-01 00:10:00,0.07829914349172226,79.0,9.248971428571428,212.4536,10.719199999999999,10-11,30.0,210-220
2020-05-01 00:20:00,0.08386600923149704,79.0,9.836885714285714,213.4402,11.227628571428571,11-12,23.0,210-220
2020-05-01 00:30:00,0.09379792273848069,79.0,10.767083333333334,216.72877777777776,12.253666666666668,12-13,21.0,210-220
2020-05-01 00:40:00,0.08056864695190544,79.0,9.998628571428572,216.0848,11.319228571428571,11-12,23.0,210-220
2020-05-01 00:50:00,0.07376522084675202,79.0,9.140114285714285,214.51757142857142,10.408057142857142,10-11,30.0,210-220
2020-05-01 01:00:00,0.06729310376475565,79.0,9.200914285714285,215.14745714285715,10.861942857142857,10-11,30.0,210-220
2020-05-01 01:10:00,0.10257411041620161,79.0,10.013457142857144,218.8694857142857,11.917228571428572,11-12,23.0,210-220
2020-05-01 01:20:00,0.07777283959196997,79.0,10.390828571428571,217.4458857142857,12.055857142857143,12-13,21.0,210-220
2020-05-01 01:30:00,0.08624234411482716,79.0,10.67913888888889,216.95969444444444,12.37363888888889,12-13,21.0,210-220
2020-05-01 01:40:00,0.0904943613946768,79.0,10.327085714285714,219.43460000000002,11.905057142857144,11-12,23.0,210-220
2020-05-01 01:50:00,0.10847093263697075,79.0,8.8732,215.23877142857143,10.342085714285714,10-11,30.0,210-220
2020-05-01 02:00:00,0.07108418422286267,79.0,9.756555555555556,212.46033333333332,11.140666666666668,11-12,23.0,210-220
2020-05-01 02:10:00,0.0484664884062784,79.0,10.204057142857144,210.1522,12.083714285714287,12-13,21.0,210-220
2020-05-01 02:20:00,0.057231322840471596,79.0,10.387599999999999,208.52505714285715,12.190114285714285,12-13,21.0,200-210
2020-05-01 02:30:00,0.053650551393594065,79.0,9.586555555555556,210.00408333333334,11.651277777777779,11-12,23.0,210-220
2020-05-01 02:40:00,0.07835493785816663,79.0,9.135342857142858,206.1968857142857,11.108485714285715,11-12,23.0,200-210
2020-05-01 02:50:00,0.0689902676297301,79.0,8.910857142857143,205.61831428571426,10.764885714285715,10-11,30.0,200-210
2020-05-01 03:00:00,0.07132215728110193,79.0,9.222055555555555,207.52766666666668,11.058083333333334,11-12,23.0,200-210
2020-05-01 03:10:00,0.08259790584406355,79.0,8.256371428571429,205.97445714285715,10.037485714285715,10-11,30.0,200-210
2020-05-01 03:20:00,0.07127595459230535,79.0,7.4438,200.83925714285715,9.127342857142857,9-10,49.0,200-210
2020-05-01 03:30:00,0.0971655458812699,79.0,7.760888888888889,200.80730555555556,9.131194444444445,9-10,49.0,200-210
2020-05-01 03:40:00,0.08170363933970944,79.0,8.199657142857143,200.2341142857143,9.667742857142857,9-10,49.0,200-210
2020-05-01 03:50:00,0.05686207159944311,79.0,8.2664,205.1648,10.036857142857144,10-11,30.0,200-210
2020-05-01 04:00:00,0.07787009014691801,79.0,8.121472222222222,209.96116666666666,10.07861111111111,10-11,30.0,200-210
2020-05-01 04:10:00,0.11039920968699855,79.0,8.199257142857142,207.17808571428571,10.008085714285714,10-11,30.0,200-210
2020-05-01 04:20:00,0.07201453235016535,79.0,8.310027777777778,205.5411388888889,9.886722222222224,9-10,49.0,200-210
2020-05-01 04:30:00,0.09361175391128924,79.0,7.758916666666668,204.87177777777777,9.09125,9-10,49.0,200-210
2020-05-01 04:40:00,0.10461919102498271,79.0,7.486171428571429,202.12545714285713,8.765714285714287,8-9,73.0,200-210
2020-05-01 04:50:00,0.0999279291845994,79.0,8.144685714285714,201.96317142857143,9.654971428571429,9-10,49.0,200-210
2020-05-01 05:00:00,0.10353557027303885,79.0,7.986416666666666,206.34591666666665,9.551055555555557,9-10,49.0,200-210
2020-05-01 05:10:00,0.09785998959633065,79.0,8.2912,207.08614285714287,9.561657142857143,9-10,49.0,200-210
2020-05-01 05:20:00,0.13154311109591826,79.0,7.248885714285715,201.59528571428572,8.573485714285715,8-9,73.0,200-210
2020-05-01 05:30:00,0.0866393773349946,79.0,7.035166666666666,196.66947222222223,8.297055555555556,8-9,73.0,190-200
2020-05-01 05:40:00,0.10585283073185296,79.0,7.078228571428571,201.63457142857143,8.7322,8-9,73.0,200-210
2020-05-01 05:50:00,0.09932408979047178,79.0,8.666142857142857,202.67428571428573,9.909085714285714,9-10,49.0,200-210
2020-05-01 06:00:00,0.10701204897188274,79.0,8.329638888888889,205.1918888888889,9.782388888888889,9-10,49.0,200-210
2020-05-01 06:10:00,0.11241793396773714,79.0,8.427029411764707,211.9415,9.22935294117647,9-10,49.0,210-220
2020-05-01 06:20:00,0.114494015698231,79.0,8.578151515151516,210.15918181818182,9.516333333333334,9-10,49.0,210-220
2020-05-01 06:30:00,0.15045455791056778,79.0,9.753114285714284,209.67691428571428,10.676257142857143,10-11,30.0,200-210
2020-05-01 06:40:00,0.10259486906944947,79.0,9.798735294117646,217.1295882352941,11.027000000000001,11-12,23.0,210-220
2020-05-01 06:50:00,0.1358314487379499,79.0,8.93135294117647,229.06197058823528,10.598029411764704,10-11,30.0,220-230
2020-05-01 07:00:00,0.09124610391372245,79.0,7.1492571428571425,222.00745714285716,8.723171428571428,8-9,73.0,220-230
2020-05-01 07:10:00,0.08948162297256246,79.0,7.636771428571428,212.2712857142857,9.367199999999999,9-10,49.0,210-220
2020-05-01 07:20:00,0.11799614423548974,79.0,8.471514285714285,210.96274285714284,9.3994,9-10,49.0,210-220
2020-05-01 07:30:00,0.12074836819246217,79.0,9.75525,212.23525,9.979805555555556,9-10,49.0,210-220
2020-05-01 07:40:00,0.09583675084891763,79.0,10.270285714285714,218.86608571428573,10.674685714285713,10-11,30.0,210-220
2020-05-01 07:50:00,0.08707829800073268,79.0,11.121428571428572,218.00545714285713,11.5094,11-12,23.0,210-220
2020-05-01 08:00:00,0.11006071438819733,79.0,11.353916666666667,219.27730555555556,11.450333333333333,11-12,23.0,210-220
2020-05-01 08:10:00,0.10732864430059895,79.0,11.51560606060606,216.1691818181818,12.236242424242423,12-13,21.0,210-220
2020-05-01 08:20:00,0.1362222267032916,79.0,11.91409375,220.6056875,12.6405625,12-13,21.0,220-230
2020-05-01 08:30:00,0.1498777014627465,79.0,11.499212121212121,221.51136363636363,12.192666666666668,12-13,21.0,220-230
2020-05-01 08:40:00,0.11757097302955229,79.0,10.64903125,227.40846875,11.78290625,11-12,23.0,220-230
2020-05-01 08:50:00,0.08772337673316193,79.0,9.825333333333333,227.54757575757574,10.371636363636364,10-11,30.0,220-230
2020-05-01 09:00:00,0.10257061411838853,79.0,11.154194444444444,223.27366666666666,11.941638888888889,11-12,23.0,220-230
2020-05-01 09:10:00,0.14580854639004953,79.0,12.61277142857143,218.51397142857144,12.928028571428571,12-13,21.0,210-220
2020-05-01 09:20:00,0.11613333411905649,79.0,12.6732,219.9606,12.694828571428571,12-13,21.0,210-220
2020-05-01 09:30:00,0.14111431531289276,79.0,11.802916666666667,226.17686111111112,12.001555555555555,12-13,21.0,220-230
2020-05-01 09:40:00,0.1370892687677669,79.0,11.357371428571428,227.33137142857143,12.017228571428571,12-13,21.0,220-230
2020-05-01 09:50:00,0.11363136769815449,79.0,11.941942857142857,227.8823142857143,12.64322857142857,12-13,21.0,220-230
2020-05-01 10:00:00,0.1116767304764246,79.0,12.9565,228.62136111111113,13.471166666666667,13-14,2.0,220-230
2020-05-01 10:10:00,0.10938527323950985,79.0,12.240057142857143,228.16857142857143,12.8424,12-13,21.0,220-230
2020-05-01 10:20:00,0.12959188601595112,79.0,12.578117647058823,228.77367647058824,13.383882352941177,13-14,2.0,220-230
2020-05-01 10:30:00,0.11784466933634613,79.0,10.889027777777777,227.64175000000003,11.585749999999999,11-12,23.0,220-230
2020-05-01 10:40:00,0.15350756685493272,79.0,12.2058125,235.03,12.33353125,12-13,21.0,230-240
2020-05-01 10:50:00,0.1101931527171091,79.0,11.227205882352942,243.57102941176473,11.924382352941176,11-12,23.0,240-250
2020-05-01 11:00:00,0.14041918461220856,79.0,12.134027777777778,224.5830277777778,12.169305555555557,12-13,21.0,220-230
2020-05-01 11:10:00,0.15164866082923403,79.0,10.891882352941177,234.17600000000002,11.204911764705882,11-12,23.0,230-240
2020-05-01 11:20:00,0.18946135444951204,79.0,9.250666666666666,252.71184848484847,9.726757575757576,9-10,49.0,250-260
2020-05-01 11:30:00,0.1931162698483094,79.0,11.3725,233.595375,12.13025,12-13,21.0,230-240
2020-05-01 11:40:00,0.11615778475876566,79.0,11.485911764705882,217.56279411764706,12.269588235294117,12-13,21.0,210-220
2020-05-01 11:50:00,0.08916284252605355,79.0,11.350942857142858,220.0056857142857,11.913714285714287,11-12,23.0,220-230
2020-05-01 12:00:00,0.1133448739370031,79.0,10.025138888888888,226.37844444444443,10.79975,10-11,30.0,220-230
2020-05-01 12:10:00,0.1314817516529268,79.0,10.240657142857144,232.40528571428572,11.040057142857142,11-12,23.0,230-240
2020-05-01 12:20:00,0.1049597417817585,79.0,9.694942857142857,246.69780000000003,10.0682,10-11,30.0,240-250
2020-05-01 12:30:00,0.13565073934548189,79.0,11.098472222222222,270.81008333333335,11.686055555555555,11-12,23.0,270-280
2020-05-01 12:40:00,0.09777682139678627,79.0,12.124942857142857,271.94502857142857,12.621771428571428,12-13,21.0,270-280
2020-05-01 12:50:00,0.10220943043553647,79.0,10.957057142857144,266.4665428571428,12.362285714285715,12-13,21.0,260-270
2020-05-01 13:00:00,0.11010194990837524,79.0,12.055638888888888,267.24530555555555,12.959555555555555,12-13,21.0,260-270
2020-05-01 13:10:00,0.11851639352649249,79.0,10.9774,261.46597142857144,11.824114285714286,11-12,23.0,260-270
2020-05-01 13:20:00,0.12520441444436758,79.0,9.717571428571429,258.4037714285714,10.059685714285715,10-11,30.0,250-260
2020-05-01 13:30:00,0.13832199265935344,79.0,10.191777777777778,275.00780555555554,10.504916666666666,10-11,30.0,270-280
2020-05-01 13:40:00,0.15643850503854972,79.0,9.274314285714286,270.46074285714286,10.180542857142857,10-11,30.0,270-280
2020-05-01 13:50:00,0.1185534075352617,79.0,10.334428571428571,276.7866571428571,10.119428571428571,10-11,30.0,270-280
2020-05-01 14:00:00,0.12430729429407746,79.0,9.673861111111112,270.2140277777778,10.306000000000001,10-11,30.0,270-280
2020-05-01 14:10:00,0.10860831443610233,79.0,9.701314285714286,271.87714285714287,10.498628571428572,10-11,30.0,270-280
2020-05-01 14:20:00,0.0827205753149714,79.0,11.037485714285715,271.3186857142857,11.509857142857143,11-12,23.0,270-280
2020-05-01 14:30:00,0.10385354016456437,79.0,9.468861111111112,275.90486111111113,10.259694444444444,10-11,30.0,270-280
2020-05-01 14:40:00,0.14882771608089224,79.0,9.515942857142857,266.75017142857143,10.271714285714285,10-11,30.0,260-270
2020-05-01 14:50:00,0.09806671891627608,79.0,10.965399999999999,268.5292,11.540228571428571,11-12,23.0,260-270
2020-05-01 15:00:00,0.09676239515679896,79.0,10.450472222222222,275.40683333333334,10.747944444444444,10-11,30.0,270-280
2020-05-01 15:10:00,0.09307177369067109,79.0,9.883342857142857,271.8646,10.197428571428572,10-11,30.0,270-280
2020-05-01 15:20:00,0.13805510586137387,79.0,9.546828571428572,274.92754285714284,9.905485714285714,9-10,49.0,270-280
2020-05-01 15:30:00,0.10905791634412243,79.0,9.881666666666668,271.21633333333335,10.352083333333333,10-11,30.0,270-280
2020-05-01 15:40:00,0.12695471497706395,79.0,9.794514285714286,274.3218,10.393971428571428,10-11,30.0,270-280
2020-05-01 15:50:00,0.12240692647594459,79.0,8.65942857142857,277.31145714285714,9.071285714285715,9-10,49.0,270-280
2020-05-01 16:00:00,0.1111037394873819,79.0,9.226027777777778,269.6363333333333,9.625416666666666,9-10,49.0,260-270
2020-05-01 16:10:00,0.09658925966048654,79.0,9.494685714285716,266.26054285714287,9.689257142857144,9-10,49.0,260-270
2020-05-01 16:20:00,0.11531884169853474,79.0,9.344285714285714,272.2199142857143,9.708285714285715,9-10,49.0,270-280
2020-05-01 16:30:00,0.07760960368563971,79.0,9.21861111111111,280.6348888888889,9.485083333333334,9-10,49.0,280-290
2020-05-01 16:40:00,0.1377916016908008,79.0,8.126457142857143,275.8703428571428,8.726171428571428,8-9,73.0,270-280
2020-05-01 16:50:00,0.12792342411619256,79.0,8.313314285714286,267.2351428571428,8.990142857142857,8-9,73.0,260-270
2020-05-01 17:00:00,0.12536990527946226,79.0,6.859861111111112,274.8511111111111,7.507888888888889,7-8,42.0,270-280
2020-05-01 17:10:00,0.07860565120115769,79.0,7.494200000000001,272.7180571428571,8.225085714285713,8-9,73.0,270-280
2020-05-01 17:20:00,0.09907242695753922,79.0,5.796542857142857,280.26397142857144,6.633571428571429,6-7,45.0,280-290
2020-05-01 17:30:00,0.0501981390019097,79.0,6.503666666666667,287.66433333333333,6.899416666666666,6-7,45.0,280-290
2020-05-01 17:40:00,0.07997433338124171,79.0,5.9953142857142865,280.41105714285715,6.589200000000001,6-7,45.0,280-290
2020-05-01 17:50:00,0.12064774824637793,79.0,5.326285714285714,280.4105714285715,6.054142857142858,6-7,45.0,280-290
2020-05-01 18:00:00,0.19296946912424587,79.0,5.550027777777777,287.1781388888889,6.546,6-7,45.0,280-290
2020-05-01 18:10:00,0.047812124576938425,79.0,7.038771428571429,286.002,7.641028571428571,7-8,42.0,280-290
2020-05-01 18:20:00,0.04886823564971146,79.0,7.077085714285714,282.9264285714286,8.094942857142856,8-9,73.0,280-290
2020-05-01 18:30:00,0.08082997282605393,79.0,6.909611111111111,276.6007222222222,8.021444444444445,8-9,73.0,270-280
2020-05-01 18:40:00,0.04362694641369643,79.0,6.5323714285714285,271.3144857142857,7.628028571428572,7-8,42.0,270-280
2020-05-01 18:50:00,0.053908894262334354,79.0,6.805000000000001,270.58265714285716,7.976428571428571,7-8,42.0,270-280
2020-05-01 19:00:00,0.05335555441475792,79.0,7.1874166666666675,265.48013888888886,8.751888888888889,8-9,73.0,260-270
2020-05-01 19:10:00,0.04692551623301985,79.0,7.2334000000000005,267.6799714285714,8.4012,8-9,73.0,260-270
2020-05-01 19:20:00,0.07379856365479737,79.0,7.360371428571429,262.1225428571429,8.507457142857143,8-9,73.0,260-270
2020-05-01 19:30:00,0.10496009527516847,79.0,6.67038888888889,261.9702222222222,7.713694444444444,7-8,42.0,260-270
2020-05-01 19:40:00,0.04078414912055764,79.0,5.333371428571429,257.14317142857146,6.908457142857142,6-7,45.0,250-260
2020-05-01 19:50:00,0.08026356801239673,79.0,6.531314285714286,262.14500000000004,8.509028571428571,8-9,73.0,260-270
2020-05-01 20:00:00,0.0625097951523348,79.0,6.585916666666666,259.2066666666667,7.873749999999999,7-8,42.0,250-260
2020-05-01 20:10:00,0.07345919577945935,79.0,6.22,254.07182857142854,7.696257142857144,7-8,42.0,250-260
2020-05-01 20:20:00,0.11394751677593719,79.0,7.305485714285714,257.69825714285713,8.733828571428571,8-9,73.0,250-260
2020-05-01 20:30:00,0.1136323235235516,79.0,7.117749999999999,256.45799999999997,8.467944444444445,8-9,73.0,250-260
2020-05-01 20:40:00,0.046485493481151226,79.0,5.891857142857143,253.6055714285714,7.134057142857143,7-8,42.0,250-260
2020-05-01 20:50:00,0.05882751509683847,79.0,6.457542857142857,251.37222857142856,7.526485714285715,7-8,42.0,250-260
2020-05-01 21:00:00,0.07446085846278426,79.0,5.574694444444444,246.40502777777778,7.220722222222221,7-8,42.0,240-250
2020-05-01 21:10:00,0.05653391863365927,79.0,5.696542857142857,249.7714,7.316171428571428,7-8,42.0,240-250
2020-05-01 21:20:00,0.06868881860453342,79.0,4.845457142857143,234.44657142857142,6.0576,6-7,45.0,230-240
2020-05-01 21:30:00,0.07454358837689369,79.0,6.7036388888888885,232.20830555555554,7.340861111111112,7-8,42.0,230-240
2020-05-01 21:40:00,0.028038597448872965,79.0,6.934914285714286,232.37294285714285,8.314342857142858,8-9,73.0,230-240
2020-05-01 21:50:00,0.04640811074442816,79.0,7.352857142857143,237.6804285714286,8.801342857142858,8-9,73.0,230-240
2020-05-01 22:00:00,0.03424876895795101,79.0,7.338055555555556,235.56719444444445,8.187888888888889,8-9,73.0,230-240
2020-05-01 22:10:00,0.05167275341088658,79.0,7.515542857142857,234.00671428571428,7.868428571428571,7-8,42.0,230-240
2020-05-01 22:20:00,0.056920503960793685,79.0,7.197628571428571,239.82642857142855,8.014457142857143,8-9,73.0,230-240
2020-05-01 22:30:00,0.0979702614648433,79.0,6.518472222222222,243.59277777777777,8.054194444444445,8-9,73.0,240-250
2020-05-01 22:40:00,0.10146396431871683,79.0,6.050485714285714,243.3234857142857,7.880285714285715,7-8,42.0,240-250
2020-05-01 22:50:00,0.08917285053622166,79.0,5.983771428571428,246.87785714285715,7.7056571428571425,7-8,42.0,240-250
2020-05-01 23:00:00,0.05570753487929992,79.0,6.592861111111111,249.71991666666665,7.884222222222222,7-8,42.0,240-250
2020-05-01 23:10:00,0.03806136274471796,79.0,6.7490571428571435,246.67794285714282,8.00982857142857,8-9,73.0,240-250
2020-05-01 23:20:00,0.056368935014960826,79.0,7.143228571428572,246.20662857142858,8.178142857142857,8-9,73.0,240-250
2020-05-01 23:30:00,0.04453893632512156,79.0,7.299777777777779,247.10830555555555,8.168083333333334,8-9,73.0,240-250
2020-05-01 23:40:00,0.07489223196899324,79.0,6.674371428571429,244.82865714285717,7.942142857142858,7-8,42.0,240-250
2020-05-01 23:50:00,0.061135284672481235,79.0,5.80735294117647,246.33958823529412,7.2142,7-8,42.0,240-250
2020-05-02 00:00:00,0.08242793844893151,79.0,5.367413793103449,245.39144827586207,6.795068965517241,6-7,45.0,240-250
2020-05-02 00:10:00,0.06957609998503776,79.0,5.673264705882353,244.97726470588236,7.107382352941177,7-8,42.0,240-250
2020-05-02 00:20:00,0.15176073383162567,79.0,4.734114285714285,242.15385714285716,6.767114285714285,6-7,45.0,240-250
2020-05-02 00:30:00,0.06265477296981505,79.0,5.413388888888889,243.76022222222224,6.648055555555556,6-7,45.0,240-250
2020-05-02 00:40:00,0.06120231852008325,79.0,5.934742857142857,239.70537142857142,6.632485714285714,6-7,45.0,230-240
2020-05-02 00:50:00,0.029685155757628593,79.0,6.6486,239.6557714285714,7.326171428571429,7-8,42.0,230-240
2020-05-02 01:00:00,0.03228700834009983,79.0,6.788194444444445,239.1220277777778,7.546138888888889,7-8,42.0,230-240
2020-05-02 01:10:00,0.032405851067305064,79.0,7.586285714285713,236.7086857142857,8.306828571428571,8-9,73.0,230-240
2020-05-02 01:20:00,0.02705687081942317,79.0,7.9515142857142855,235.42434285714288,8.894857142857143,8-9,73.0,230-240
2020-05-02 01:30:00,0.04190025842371442,79.0,7.808055555555555,239.02141666666668,9.416888888888888,9-10,49.0,230-240
2020-05-02 01:40:00,0.03320842886860973,79.0,7.658457142857142,240.84431428571426,8.804885714285714,8-9,73.0,240-250
2020-05-02 01:50:00,0.032393579435949865,79.0,7.373942857142858,241.1217142857143,8.292485714285714,8-9,73.0,240-250
2020-05-02 02:00:00,0.03616147926536687,79.0,7.1386111111111115,253.25616666666667,9.294333333333334,9-10,49.0,250-260
2020-05-02 02:10:00,0.07922970820807872,79.0,6.651742857142858,248.4914285714286,8.492085714285714,8-9,73.0,240-250
2020-05-02 02:20:00,0.08236456767212857,79.0,6.3831428571428575,239.33739999999997,7.037657142857143,7-8,42.0,230-240
2020-05-02 02:30:00,0.02988778676342702,79.0,6.672714285714286,246.13217142857144,7.895228571428572,7-8,42.0,240-250
2020-05-02 02:40:00,0.03713065801292541,79.0,6.402771428571429,246.43971428571427,7.991485714285714,7-8,42.0,240-250
2020-05-02 02:50:00,0.06793496042580995,79.0,6.4432,240.99031428571428,7.647257142857143,7-8,42.0,240-250
2020-05-02 03:00:00,0.045919518314299024,79.0,6.101305555555555,238.31841666666665,6.731944444444444,6-7,45.0,230-240
2020-05-02 03:10:00,0.11334715715602836,79.0,6.084371428571429,248.2465714285714,7.5596571428571435,7-8,42.0,240-250
2020-05-02 03:20:00,0.12227520904973382,79.0,8.48377142857143,255.07602857142857,10.267828571428572,10-11,30.0,250-260
2020-05-02 03:30:00,0.07751512658676647,79.0,8.24861111111111,257.14261111111114,9.6005,9-10,49.0,250-260
2020-05-02 03:40:00,0.09614158637762742,79.0,7.32485294117647,251.94841176470587,8.477411764705883,8-9,73.0,250-260
2020-05-02 03:50:00,0.10951132832146847,79.0,7.852571428571429,259.99305714285714,9.654514285714287,9-10,49.0,250-260
2020-05-02 04:00:00,0.08247577035691372,79.0,8.598555555555556,260.7781111111111,9.897583333333333,9-10,49.0,260-270
2020-05-02 04:10:00,0.0880378924429553,79.0,8.418571428571427,260.8476857142857,9.71422857142857,9-10,49.0,260-270
2020-05-02 04:20:00,0.08111093126742684,79.0,8.1576,263.36974285714285,10.035400000000001,10-11,30.0,260-270
2020-05-02 04:30:00,0.07495112262862871,79.0,8.12138888888889,262.6289444444444,9.672611111111111,9-10,49.0,260-270
2020-05-02 04:40:00,0.06740649346053285,79.0,8.170857142857143,262.4852,9.818085714285713,9-10,49.0,260-270
2020-05-02 04:50:00,0.07254269083900021,79.0,7.443085714285714,264.61080000000004,9.343771428571428,9-10,49.0,260-270
2020-05-02 05:00:00,0.0787252945236745,79.0,6.564472222222222,262.09263888888887,8.562666666666667,8-9,73.0,260-270
2020-05-02 05:10:00,0.10413527230954923,79.0,7.047942857142857,262.6271142857143,9.147885714285714,9-10,49.0,260-270
2020-05-02 05:20:00,0.06984704098260908,79.0,7.438171428571429,265.4157142857143,9.055485714285714,9-10,49.0,260-270
2020-05-02 05:30:00,0.07550429521403382,79.0,6.7901388888888885,270.8467777777778,8.508527777777779,8-9,73.0,270-280
2020-05-02 05:40:00,0.057292109734453936,79.0,6.338571428571428,275.45108571428574,7.8872857142857145,7-8,42.0,270-280
2020-05-02 05:50:00,0.04948653096477468,79.0,6.509742857142857,278.0712285714286,7.409514285714287,7-8,42.0,270-280
2020-05-02 06:00:00,0.09708491694150992,79.0,5.7076111111111105,281.81108333333333,7.327805555555555,7-8,42.0,280-290
2020-05-02 06:10:00,0.11289559043095608,79.0,5.369342857142857,283.03065714285714,6.211685714285714,6-7,45.0,280-290
2020-05-02 06:20:00,0.1437442925759754,79.0,5.278428571428572,279.75145714285713,6.445457142857143,6-7,45.0,270-280
2020-05-02 06:30:00,0.1230885732509452,79.0,5.502611111111111,278.16816666666665,6.010833333333333,6-7,45.0,270-280
2020-05-02 06:40:00,0.18813878643594428,79.0,5.579942857142857,282.32605714285717,6.190542857142857,6-7,45.0,280-290
2020-05-02 06:50:00,0.14916686532720236,79.0,5.822457142857143,278.22702857142855,6.421171428571429,6-7,45.0,270-280
2020-05-02 07:00:00,0.12343533807268774,79.0,6.320055555555555,278.00891666666666,6.44825,6-7,45.0,270-280
2020-05-02 07:10:00,0.22476957066945763,79.0,7.706142857142856,286.26422857142853,8.038085714285716,8-9,73.0,280-290
2020-05-02 07:20:00,0.1349628312741173,79.0,8.6246,299.62908571428574,9.3438,9-10,49.0,290-300
2020-05-02 07:30:00,0.08303813498711159,79.0,8.873944444444444,303.2298055555555,9.179916666666667,9-10,49.0,300-310
2020-05-02 07:40:00,0.08265971311727632,79.0,8.896771428571428,293.50985714285713,9.370485714285714,9-10,49.0,290-300
2020-05-02 07:50:00,0.19124168229234317,79.0,9.329588235294118,301.66911764705884,9.925588235294116,9-10,49.0,300-310
2020-05-02 08:00:00,0.15719336670846695,79.0,7.320735294117647,293.67567647058826,8.619323529411766,8-9,73.0,290-300
2020-05-02 08:10:00,0.13787945425503412,79.0,8.411,284.6420294117647,9.108529411764707,9-10,49.0,280-290
2020-05-02 08:20:00,0.11361155427741475,79.0,9.3606,288.51374285714286,9.902457142857143,9-10,49.0,280-290
2020-05-02 08:30:00,0.11745716044996654,79.0,9.484722222222222,290.7408888888889,9.484555555555556,9-10,49.0,290-300
2020-05-02 08:40:00,0.13577918610583622,79.0,9.139657142857143,278.53317142857145,9.634285714285713,9-10,49.0,270-280
2020-05-02 08:50:00,0.13585489511141888,79.0,8.670542857142857,280.3955142857143,9.006742857142857,9-10,49.0,280-290
2020-05-02 09:00:00,0.14872440655141816,79.0,8.504235294117647,279.90020588235296,8.609441176470588,8-9,73.0,270-280
2020-05-02 09:10:00,0.18695475109954135,79.0,9.26009375,290.04484375,9.8278125,9-10,49.0,290-300
2020-05-02 09:20:00,0.06933532316383184,79.0,8.018117647058823,288.7185588235294,8.664352941176471,8-9,73.0,280-290
2020-05-02 09:30:00,0.08867219684244981,79.0,6.452833333333333,284.22394444444444,7.4776388888888885,7-8,42.0,280-290
2020-05-02 09:40:00,0.19986851511284537,79.0,6.190828571428572,276.312,6.639057142857142,6-7,45.0,270-280
2020-05-02 09:50:00,0.20213586401658426,79.0,8.114028571428571,294.8945142857143,8.779,8-9,73.0,290-300
2020-05-02 10:00:00,0.1982080732347758,79.0,8.208861111111112,292.2385277777778,8.733194444444443,8-9,73.0,290-300
2020-05-02 10:10:00,0.12866742059535932,79.0,8.879514285714286,295.3582857142857,9.298057142857143,9-10,49.0,290-300
2020-05-02 10:20:00,0.1113251667355,79.0,8.793742857142858,298.87422857142855,8.865085714285716,8-9,73.0,290-300
2020-05-02 10:30:00,0.14327830685067502,79.0,7.807666666666667,298.1255277777778,8.419194444444445,8-9,73.0,290-300
2020-05-02 10:40:00,0.1365762560781768,79.0,9.14342857142857,303.95054285714286,9.2674,9-10,49.0,300-310
2020-05-02 10:50:00,0.10382793407166743,79.0,7.790857142857143,298.20514285714285,8.316628571428572,8-9,73.0,290-300
2020-05-02 11:00:00,0.12229127144955036,79.0,7.7866388888888896,305.0444444444445,8.169111111111112,8-9,73.0,300-310
2020-05-02 11:10:00,0.1003690526532348,79.0,7.785514285714285,300.2859142857143,8.024114285714285,8-9,73.0,300-310
2020-05-02 11:20:00,0.14558019171513675,79.0,7.216257142857143,305.1159142857143,8.0352,8-9,73.0,300-310
2020-05-02 11:30:00,0.16583778308866295,79.0,8.715111111111112,285.20275000000004,9.239916666666666,9-10,49.0,280-290
2020-05-02 11:40:00,0.14290197913633856,79.0,9.610371428571428,281.375,10.37722857142857,10-11,30.0,280-290
2020-05-02 11:50:00,0.1406663555613734,79.0,9.30337142857143,273.0598285714286,9.658514285714286,9-10,49.0,270-280
2020-05-02 12:00:00,0.16937630429483905,79.0,8.093194444444444,282.7878333333333,8.502944444444445,8-9,73.0,280-290
2020-05-02 12:10:00,0.20116320432710627,79.0,8.719342857142857,286.42654285714286,8.813485714285713,8-9,73.0,280-290
2020-05-02 12:20:00,0.1389986204080831,79.0,8.505057142857144,303.47765714285714,9.245771428571429,9-10,49.0,300-310
2020-05-02 12:30:00,0.14462685780447634,79.0,8.755027777777777,309.3830555555556,8.750027777777778,8-9,73.0,300-310
2020-05-02 12:40:00,0.13725665609136337,79.0,7.9193428571428575,307.2787714285714,8.604142857142856,8-9,73.0,300-310
2020-05-02 12:50:00,0.11190065508556676,79.0,8.218171428571429,303.9958857142857,8.384457142857144,8-9,73.0,300-310
2020-05-02 13:00:00,0.10802908420902387,79.0,8.393388888888888,296.77208333333334,8.280305555555556,8-9,73.0,290-300
2020-05-02 13:10:00,0.1786118715776498,79.0,7.441342857142857,302.5066857142857,8.124228571428572,8-9,73.0,300-310
2020-05-02 13:20:00,0.18972854303721193,79.0,7.563771428571428,303.52074285714286,8.463171428571428,8-9,73.0,300-310
2020-05-02 13:30:00,0.1651633191407566,79.0,7.264027777777778,303.7225,8.18575,8-9,73.0,300-310
2020-05-02 13:40:00,0.13139188193760093,79.0,8.347914285714287,299.1627142857143,8.552714285714284,8-9,73.0,290-300
2020-05-02 13:50:00,0.12711774488828484,79.0,8.756371428571429,300.6093714285714,9.263742857142857,9-10,49.0,300-310
2020-05-02 14:00:00,0.13616920925436282,79.0,7.975472222222223,295.0299444444444,8.668055555555556,8-9,73.0,290-300
2020-05-02 14:10:00,0.13563962490314163,79.0,8.217857142857143,302.5444,8.895428571428571,8-9,73.0,300-310
2020-05-02 14:20:00,0.16693842658232672,79.0,8.19337142857143,299.72254285714286,8.387028571428571,8-9,73.0,290-300
2020-05-02 14:30:00,0.10401057267237625,79.0,8.633944444444445,299.85797222222226,8.922805555555556,8-9,73.0,290-300
2020-05-02 14:40:00,0.11612726512001237,79.0,8.438971428571428,301.8611142857143,8.521971428571428,8-9,73.0,300-310
2020-05-02 14:50:00,0.09600770780284724,79.0,8.649828571428571,297.03425714285714,8.963171428571428,8-9,73.0,290-300
2020-05-02 15:00:00,0.11881457959611397,79.0,8.097333333333333,298.77825,8.460333333333333,8-9,73.0,290-300
2020-05-02 15:10:00,0.10196076263096943,79.0,7.925542857142857,307.44122857142855,8.327685714285714,8-9,73.0,300-310
2020-05-02 15:20:00,0.10450488430649643,79.0,8.513428571428571,306.85831428571424,8.931885714285714,8-9,73.0,300-310
2020-05-02 15:30:00,0.15171770153722378,79.0,7.523944444444445,306.7028888888889,8.356361111111111,8-9,73.0,300-310
2020-05-02 15:40:00,0.17886180818885675,79.0,7.885914285714286,309.126,8.524342857142857,8-9,73.0,300-310
2020-05-02 15:50:00,0.10877485380024698,79.0,8.066828571428571,301.3608285714286,8.463571428571429,8-9,73.0,300-310
2020-05-02 16:00:00,0.1569127671399981,79.0,7.494138888888888,299.2356388888889,7.851638888888889,7-8,42.0,290-300
2020-05-02 16:10:00,0.14981250947482178,79.0,7.644942857142857,301.1791142857143,8.345085714285716,8-9,73.0,300-310
2020-05-02 16:20:00,0.17883234600065245,79.0,7.463428571428572,302.1020571428571,8.166371428571429,8-9,73.0,300-310
2020-05-02 16:30:00,0.12743210300705915,79.0,7.888861111111112,302.27549999999997,8.188083333333333,8-9,73.0,300-310
2020-05-02 16:40:00,0.07463528830234013,79.0,7.9068,302.6353142857143,7.856171428571429,7-8,42.0,300-310
2020-05-02 16:50:00,0.0882269608310366,79.0,7.627028571428572,300.5722,7.867971428571429,7-8,42.0,300-310
2020-05-02 17:00:00,0.12922459115596588,79.0,6.846638888888889,302.9016388888889,7.184361111111111,7-8,42.0,300-310
2020-05-02 17:10:00,0.07895944016847305,79.0,6.255514285714286,302.26608571428574,6.414828571428572,6-7,45.0,300-310
2020-05-02 17:20:00,0.08107388759791236,79.0,6.010771428571429,296.24314285714286,6.359742857142858,6-7,45.0,290-300
2020-05-02 17:30:00,0.06963997049517462,79.0,6.195305555555556,292.31208333333336,6.333472222222222,6-7,45.0,290-300
2020-05-02 17:40:00,0.09527342205428958,79.0,5.892485714285714,292.834,6.355857142857143,6-7,45.0,290-300
2020-05-02 17:50:00,0.05065323816262007,79.0,6.737114285714286,294.7918285714286,6.894228571428571,6-7,45.0,290-300
2020-05-02 18:00:00,0.05195332904515517,79.0,5.906638888888889,298.5095555555556,6.190666666666667,6-7,45.0,290-300
2020-05-02 18:10:00,0.054433972777318575,79.0,5.7796,297.3626857142857,6.291514285714285,6-7,45.0,290-300
2020-05-02 18:20:00,0.04670221430669579,79.0,5.382885714285715,298.5730285714286,6.038,6-7,45.0,290-300
2020-05-02 18:30:00,0.030384543219229676,79.0,5.796638888888889,300.0828055555555,6.219361111111111,6-7,45.0,300-310
2020-05-02 18:40:00,0.04374407044764174,79.0,5.989171428571429,300.76162857142856,6.344714285714286,6-7,45.0,300-310
2020-05-02 18:50:00,0.03797684639139366,79.0,5.2262,296.30485714285714,5.583285714285714,5-6,3.0,290-300
2020-05-02 19:00:00,0.028722254367055906,79.0,4.6498888888888885,286.56747222222225,5.67875,5-6,3.0,280-290
2020-05-02 19:10:00,0.049598648685120476,79.0,5.532971428571429,279.35191428571426,6.2036,6-7,45.0,270-280
2020-05-02 19:20:00,0.02209330888676284,79.0,6.158,282.1578285714286,6.9268,6-7,45.0,280-290
2020-05-02 19:30:00,0.048722532769457046,79.0,5.959361111111111,276.89630555555556,6.646222222222223,6-7,45.0,270-280
2020-05-02 19:40:00,0.042900615724592805,79.0,5.658485714285714,271.6605714285715,6.3602,6-7,45.0,270-280
2020-05-02 19:50:00,0.0447876622416906,79.0,6.897485714285715,268.32277142857146,7.476914285714286,7-8,42.0,260-270
2020-05-02 20:00:00,0.023494749282482127,79.0,7.236194444444444,268.4777777777778,7.7155,7-8,42.0,260-270
2020-05-02 20:10:00,0.031235785143025708,79.0,7.393742857142858,266.29234285714284,8.255971428571428,8-9,73.0,260-270
2020-05-02 20:20:00,0.03189559150349202,79.0,7.621742857142858,269.05008571428573,8.688714285714287,8-9,73.0,260-270
2020-05-02 20:30:00,0.045082389546008156,79.0,7.67575,269.4428333333333,8.516833333333333,8-9,73.0,260-270
2020-05-02 20:40:00,0.018286970419413632,79.0,8.012,268.24462857142856,8.156828571428571,8-9,73.0,260-270
2020-05-02 20:50:00,0.041168078264243464,79.0,7.269142857142858,264.52925714285715,7.472371428571429,7-8,42.0,260-270
2020-05-02 21:00:00,0.018317596184175142,79.0,6.677388888888888,261.85980555555557,7.176,7-8,42.0,260-270
2020-05-02 21:10:00,0.02530955799746374,79.0,6.653971428571428,262.39939999999996,7.425,7-8,42.0,260-270
2020-05-02 21:20:00,0.01524110114583676,79.0,6.7218,263.54168571428573,7.4644,7-8,42.0,260-270
2020-05-02 21:30:00,0.022579489657122823,79.0,6.6681944444444445,263.7203333333334,7.280305555555556,7-8,42.0,260-270
2020-05-02 21:40:00,0.032969752704750714,79.0,6.279828571428571,258.7328,7.009228571428571,7-8,42.0,250-260
2020-05-02 21:50:00,0.09276340099860152,79.0,5.265000000000001,253.74585714285712,6.551514285714286,6-7,45.0,250-260
2020-05-02 22:00:00,0.04666825128974456,79.0,4.613027777777777,248.419,6.375,6-7,45.0,240-250
2020-05-02 22:10:00,0.040936068055191996,79.0,4.752257142857143,249.86885714285714,6.140257142857142,6-7,45.0,240-250
2020-05-02 22:20:00,0.04431918869917196,79.0,5.027171428571428,244.69005714285714,6.510771428571429,6-7,45.0,240-250
2020-05-02 22:30:00,0.026427376339544978,79.0,5.231361111111111,244.08605555555556,5.8364722222222225,5-6,3.0,240-250
2020-05-02 22:40:00,0.058162972216186715,79.0,5.610285714285713,249.7856857142857,6.030171428571429,6-7,45.0,240-250
2020-05-02 22:50:00,0.023335062533530487,79.0,6.150828571428572,256.4823714285714,6.347742857142857,6-7,45.0,250-260
2020-05-02 23:00:00,0.02515747832245021,79.0,5.997055555555556,259.5928333333334,6.327833333333333,6-7,45.0,250-260
2020-05-02 23:10:00,0.020413785837876394,79.0,5.733542857142857,261.66785714285714,6.805685714285715,6-7,45.0,260-270
2020-05-02 23:20:00,0.018455218906281493,79.0,5.7992,252.16879999999998,6.5668,6-7,45.0,250-260
2020-05-02 23:30:00,0.020573913910132784,79.0,6.012972222222222,252.81058333333334,6.673527777777778,6-7,45.0,250-260
2020-05-02 23:40:00,0.018184108018491584,79.0,6.429885714285714,252.22074285714288,6.702114285714285,6-7,45.0,250-260
2020-05-02 23:50:00,0.020093441694362394,79.0,5.815514285714286,254.29837142857141,6.439058823529412,6-7,45.0,250-260
2020-05-01 00:00:00,0.10845671152955742,59.0,9.075266666666666,209.6898,11.425233333333333,11-12,23.0,200-210
2020-05-01 00:10:00,0.0873814831388444,59.0,8.643485714285713,211.19288571428572,10.719199999999999,10-11,30.0,210-220
2020-05-01 00:20:00,0.11316901099884015,59.0,9.2556,212.90588571428572,11.227628571428571,11-12,23.0,210-220
2020-05-01 00:30:00,0.11903310272270887,59.0,10.31175,214.88133333333334,12.253666666666668,12-13,21.0,210-220
2020-05-01 00:40:00,0.07708283155946058,59.0,9.60742857142857,214.59462857142856,11.319228571428571,11-12,23.0,210-220
2020-05-01 00:50:00,0.07279451001062356,59.0,8.586942857142857,212.19017142857143,10.408057142857142,10-11,30.0,210-220
2020-05-01 01:00:00,0.07979521746374987,59.0,8.3676,213.03331428571428,10.861942857142857,10-11,30.0,210-220
2020-05-01 01:10:00,0.10626488644694217,59.0,9.366485714285714,217.68311428571428,11.917228571428572,11-12,23.0,210-220
2020-05-01 01:20:00,0.08316794955617043,59.0,9.599571428571428,216.7344857142857,12.055857142857143,12-13,21.0,210-220
2020-05-01 01:30:00,0.09341020530333739,59.0,10.19188888888889,217.71047222222222,12.37363888888889,12-13,21.0,210-220
2020-05-01 01:40:00,0.09149461088381657,59.0,9.90542857142857,219.81322857142857,11.905057142857144,11-12,23.0,210-220
2020-05-01 01:50:00,0.11501128967196322,59.0,8.40017142857143,214.67637142857143,10.342085714285714,10-11,30.0,210-220
2020-05-01 02:00:00,0.10138004725265451,59.0,9.123,211.7051111111111,11.140666666666668,11-12,23.0,210-220
2020-05-01 02:10:00,0.059859165368940155,59.0,9.410314285714286,208.34071428571428,12.083714285714287,12-13,21.0,200-210
2020-05-01 02:20:00,0.06991047742607387,59.0,9.493142857142857,207.00682857142857,12.190114285714285,12-13,21.0,200-210
2020-05-01 02:30:00,0.06257346962685831,59.0,8.872083333333332,208.21466666666666,11.651277777777779,11-12,23.0,200-210
2020-05-01 02:40:00,0.09235086213328779,59.0,8.471457142857142,205.12194285714287,11.108485714285715,11-12,23.0,200-210
2020-05-01 02:50:00,0.11534248715774825,59.0,8.139085714285715,203.52234285714286,10.764885714285715,10-11,30.0,200-210
2020-05-01 03:00:00,0.0742195430512731,59.0,8.384555555555556,205.08638888888888,11.058083333333334,11-12,23.0,200-210
2020-05-01 03:10:00,0.09132234857826081,59.0,7.626485714285715,204.30154285714286,10.037485714285715,10-11,30.0,200-210
2020-05-01 03:20:00,0.10386712007473578,59.0,6.831371428571429,197.07054285714287,9.127342857142857,9-10,49.0,190-200
2020-05-01 03:30:00,0.09771818312034268,59.0,7.0664444444444445,199.3136388888889,9.131194444444445,9-10,49.0,190-200
2020-05-01 03:40:00,0.08901802139114497,59.0,7.3989142857142856,197.58074285714287,9.667742857142857,9-10,49.0,190-200
2020-05-01 03:50:00,0.06630507540150235,59.0,7.4274000000000004,203.60142857142858,10.036857142857144,10-11,30.0,200-210
2020-05-01 04:00:00,0.0974741888350221,59.0,7.305111111111111,208.14980555555556,10.07861111111111,10-11,30.0,200-210
2020-05-01 04:10:00,0.1051408483218674,59.0,7.5803714285714285,205.52191428571427,10.008085714285714,10-11,30.0,200-210
2020-05-01 04:20:00,0.09062545887286677,59.0,7.577333333333333,203.86927777777777,9.886722222222224,9-10,49.0,200-210
2020-05-01 04:30:00,0.11490963103663863,59.0,7.1577222222222225,202.67902777777778,9.09125,9-10,49.0,200-210
2020-05-01 04:40:00,0.11667314726688326,59.0,6.979057142857143,201.34685714285715,8.765714285714287,8-9,73.0,200-210
2020-05-01 04:50:00,0.10359857459517328,59.0,7.478257142857142,200.07837142857144,9.654971428571429,9-10,49.0,200-210
2020-05-01 05:00:00,0.09818152311801888,59.0,7.685333333333334,205.10830555555557,9.551055555555557,9-10,49.0,200-210
2020-05-01 05:10:00,0.09855770796667122,59.0,7.720885714285714,205.28082857142857,9.561657142857143,9-10,49.0,200-210
2020-05-01 05:20:00,0.1236474846096376,59.0,6.936857142857143,201.7345142857143,8.573485714285715,8-9,73.0,200-210
2020-05-01 05:30:00,0.09745398395345861,59.0,6.545861111111112,196.43786111111112,8.297055555555556,8-9,73.0,190-200
2020-05-01 05:40:00,0.1203942758502257,59.0,6.658085714285714,202.74282857142856,8.7322,8-9,73.0,200-210
2020-05-01 05:50:00,0.11013521161551808,59.0,8.209771428571429,202.96325714285715,9.909085714285714,9-10,49.0,200-210
2020-05-01 06:00:00,0.12327048689931933,59.0,7.814166666666667,205.7925,9.782388888888889,9-10,49.0,200-210
2020-05-01 06:10:00,0.10943344501911137,59.0,8.117823529411764,211.3260882352941,9.22935294117647,9-10,49.0,210-220
2020-05-01 06:20:00,0.1282266637372665,59.0,8.127272727272727,210.3137575757576,9.516333333333334,9-10,49.0,210-220
2020-05-01 06:30:00,0.15039127484517667,59.0,9.264142857142858,208.79337142857142,10.676257142857143,10-11,30.0,200-210
2020-05-01 06:40:00,0.11609925160595051,59.0,9.341617647058824,216.05861764705884,11.027000000000001,11-12,23.0,210-220
2020-05-01 06:50:00,0.13227551590707343,59.0,8.462529411764706,223.9219705882353,10.598029411764704,10-11,30.0,220-230
2020-05-01 07:00:00,0.10164233299094352,59.0,6.743228571428571,221.18848571428572,8.723171428571428,8-9,73.0,220-230
2020-05-01 07:10:00,0.12510206007321586,59.0,7.165685714285715,211.1815142857143,9.367199999999999,9-10,49.0,210-220
2020-05-01 07:20:00,0.1316900127683219,59.0,7.942114285714285,211.37571428571428,9.3994,9-10,49.0,210-220
2020-05-01 07:30:00,0.11886826494748275,59.0,9.524694444444444,211.2478888888889,9.979805555555556,9-10,49.0,210-220
2020-05-01 07:40:00,0.09970457170182827,59.0,10.317285714285715,218.51794285714286,10.674685714285713,10-11,30.0,210-220
2020-05-01 07:50:00,0.09749143370351492,59.0,10.890742857142858,218.30745714285715,11.5094,11-12,23.0,210-220
2020-05-01 08:00:00,0.09722570529991156,59.0,11.248194444444444,218.88516666666666,11.450333333333333,11-12,23.0,210-220
2020-05-01 08:10:00,0.1139351091534801,59.0,11.285939393939394,215.66942424242424,12.236242424242423,12-13,21.0,210-220
2020-05-01 08:20:00,0.13805750454121388,59.0,11.3594375,220.307625,12.6405625,12-13,21.0,220-230
2020-05-01 08:30:00,0.17593354005993653,59.0,11.19351515151515,220.38627272727274,12.192666666666668,12-13,21.0,220-230
2020-05-01 08:40:00,0.12551356324584861,59.0,10.38290625,226.11140625,11.78290625,11-12,23.0,220-230
2020-05-01 08:50:00,0.1047945311191619,59.0,9.466939393939393,226.80084848484847,10.371636363636364,10-11,30.0,220-230
2020-05-01 09:00:00,0.10738954276749887,59.0,10.676055555555557,223.5170277777778,11.941638888888889,11-12,23.0,220-230
2020-05-01 09:10:00,0.14539693063506512,59.0,12.3626,218.60882857142857,12.928028571428571,12-13,21.0,210-220
2020-05-01 09:20:00,0.1265283165451666,59.0,12.493742857142857,219.1386,12.694828571428571,12-13,21.0,210-220
2020-05-01 09:30:00,0.14072173738985919,59.0,11.740166666666667,225.51441666666668,12.001555555555555,12-13,21.0,220-230
2020-05-01 09:40:00,0.1363520124434564,59.0,11.085828571428571,228.03740000000002,12.017228571428571,12-13,21.0,220-230
2020-05-01 09:50:00,0.10982889072969314,59.0,11.602457142857142,227.1397142857143,12.64322857142857,12-13,21.0,220-230
2020-05-01 10:00:00,0.12348635629691974,59.0,12.706527777777778,227.66463888888887,13.471166666666667,13-14,2.0,220-230
2020-05-01 10:10:00,0.12427921099827687,59.0,11.941542857142858,228.29240000000001,12.8424,12-13,21.0,220-230
2020-05-01 10:20:00,0.12367284046127487,59.0,12.334529411764706,228.08876470588234,13.383882352941177,13-14,2.0,220-230
2020-05-01 10:30:00,0.12076055679518179,59.0,10.74936111111111,226.96666666666667,11.585749999999999,11-12,23.0,220-230
2020-05-01 10:40:00,0.152034599786726,59.0,11.77115625,234.42721875,12.33353125,12-13,21.0,230-240
2020-05-01 10:50:00,0.11012483243461187,59.0,11.037294117647058,244.51258823529412,11.924382352941176,11-12,23.0,240-250
2020-05-01 11:00:00,0.1343703661233226,59.0,11.912500000000001,225.12047222222225,12.169305555555557,12-13,21.0,220-230
2020-05-01 11:10:00,0.17382502720111176,59.0,10.832529411764705,232.4180588235294,11.204911764705882,11-12,23.0,230-240
2020-05-01 11:20:00,0.1945870790604937,59.0,9.470424242424242,252.90554545454546,9.726757575757576,9-10,49.0,250-260
2020-05-01 11:30:00,0.2123479767026667,59.0,11.27353125,231.99215625,12.13025,12-13,21.0,230-240
2020-05-01 11:40:00,0.1214493297491203,59.0,10.960647058823529,216.74867647058824,12.269588235294117,12-13,21.0,210-220
2020-05-01 11:50:00,0.10842777097065533,59.0,11.102942857142857,218.1158,11.913714285714287,11-12,23.0,210-220
2020-05-01 12:00:00,0.12016469625861519,59.0,9.63211111111111,225.83652777777777,10.79975,10-11,30.0,220-230
2020-05-01 12:10:00,0.1437608272226802,59.0,9.888428571428571,230.52957142857142,11.040057142857142,11-12,23.0,230-240
2020-05-01 12:20:00,0.1121371965008375,59.0,9.492,244.54262857142857,10.0682,10-11,30.0,240-250
2020-05-01 12:30:00,0.15313074409875616,59.0,10.989305555555555,271.7076388888889,11.686055555555555,11-12,23.0,270-280
2020-05-01 12:40:00,0.09876896974831359,59.0,11.780685714285715,272.5145428571429,12.621771428571428,12-13,21.0,270-280
2020-05-01 12:50:00,0.11350106038403975,59.0,10.293771428571429,266.0604285714286,12.362285714285715,12-13,21.0,260-270
2020-05-01 13:00:00,0.13092872025870647,59.0,11.37736111111111,267.03161111111115,12.959555555555555,12-13,21.0,260-270
2020-05-01 13:10:00,0.10817396515085693,59.0,10.462228571428572,261.39851428571427,11.824114285714286,11-12,23.0,260-270
2020-05-01 13:20:00,0.12450623140572228,59.0,9.648142857142858,258.79442857142857,10.059685714285715,10-11,30.0,250-260
2020-05-01 13:30:00,0.14298448710740438,59.0,9.754861111111111,273.8606666666667,10.504916666666666,10-11,30.0,270-280
2020-05-01 13:40:00,0.15135046830901103,59.0,9.021857142857142,270.74771428571427,10.180542857142857,10-11,30.0,270-280
2020-05-01 13:50:00,0.13117246471781177,59.0,10.111857142857144,276.5222857142857,10.119428571428571,10-11,30.0,270-280
2020-05-01 14:00:00,0.12064031197426861,59.0,9.452944444444444,270.9372777777778,10.306000000000001,10-11,30.0,270-280
2020-05-01 14:10:00,0.11514954872552487,59.0,9.574371428571428,272.7364857142857,10.498628571428572,10-11,30.0,270-280
2020-05-01 14:20:00,0.08759537669579194,59.0,10.710457142857143,270.8630857142857,11.509857142857143,11-12,23.0,270-280
2020-05-01 14:30:00,0.1130927227717698,59.0,9.224722222222221,276.66819444444445,10.259694444444444,10-11,30.0,270-280
2020-05-01 14:40:00,0.1496035529868885,59.0,9.3458,268.3611142857143,10.271714285714285,10-11,30.0,260-270
2020-05-01 14:50:00,0.11547632783942133,59.0,10.524571428571429,267.65665714285717,11.540228571428571,11-12,23.0,260-270
2020-05-01 15:00:00,0.11119162978662205,59.0,10.228638888888888,274.49058333333335,10.747944444444444,10-11,30.0,270-280
2020-05-01 15:10:00,0.1160410043699205,59.0,9.4204,272.6469142857143,10.197428571428572,10-11,30.0,270-280
2020-05-01 15:20:00,0.13555996624742234,59.0,9.251457142857143,275.37225714285717,9.905485714285714,9-10,49.0,270-280
2020-05-01 15:30:00,0.11386990893467672,59.0,9.465638888888888,270.3539166666667,10.352083333333333,10-11,30.0,270-280
2020-05-01 15:40:00,0.1283223215523441,59.0,9.408885714285713,273.4771142857143,10.393971428571428,10-11,30.0,270-280
2020-05-01 15:50:00,0.12644648277340587,59.0,8.563371428571429,276.5407714285714,9.071285714285715,9-10,49.0,270-280
2020-05-01 16:00:00,0.13124997084955484,59.0,8.585444444444445,269.4058611111111,9.625416666666666,9-10,49.0,260-270
2020-05-01 16:10:00,0.09666335339438853,59.0,9.088,266.5394285714286,9.689257142857144,9-10,49.0,260-270
2020-05-01 16:20:00,0.1394633012945339,59.0,9.065257142857142,272.8460857142857,9.708285714285715,9-10,49.0,270-280
2020-05-01 16:30:00,0.09119839884865656,59.0,8.949305555555556,281.54275,9.485083333333334,9-10,49.0,280-290
2020-05-01 16:40:00,0.15930751875404636,59.0,7.774714285714286,276.5507714285714,8.726171428571428,8-9,73.0,270-280
2020-05-01 16:50:00,0.1299854735445738,59.0,7.964857142857142,267.3073428571428,8.990142857142857,8-9,73.0,260-270
2020-05-01 17:00:00,0.14295682844055124,59.0,6.619777777777778,274.9236111111111,7.507888888888889,7-8,42.0,270-280
2020-05-01 17:10:00,0.08055991562507554,59.0,7.0640857142857145,272.6817142857143,8.225085714285713,8-9,73.0,270-280
2020-05-01 17:20:00,0.11225048507252242,59.0,5.575571428571429,281.63537142857143,6.633571428571429,6-7,45.0,280-290
2020-05-01 17:30:00,0.08769763402027521,59.0,6.006888888888889,288.59866666666665,6.899416666666666,6-7,45.0,280-290
2020-05-01 17:40:00,0.09549115704759939,59.0,5.698914285714285,279.58265714285716,6.589200000000001,6-7,45.0,270-280
2020-05-01 17:50:00,0.11197100436161245,59.0,4.963314285714286,281.1576857142857,6.054142857142858,6-7,45.0,280-290
2020-05-01 18:00:00,0.18808622620110635,59.0,5.118472222222222,287.9983055555556,6.546,6-7,45.0,280-290
2020-05-01 18:10:00,0.053165142120965,59.0,6.603085714285714,287.14917142857144,7.641028571428571,7-8,42.0,280-290
2020-05-01 18:20:00,0.04842829452557119,59.0,6.501971428571429,283.15097142857144,8.094942857142856,8-9,73.0,280-290
2020-05-01 18:30:00,0.1050369606695228,59.0,6.258694444444444,275.9619722222222,8.021444444444445,8-9,73.0,270-280
2020-05-01 18:40:00,0.07438352169696927,59.0,5.832342857142858,271.33948571428573,7.628028571428572,7-8,42.0,270-280
2020-05-01 18:50:00,0.0613268754283438,59.0,5.7459428571428575,269.1689428571429,7.976428571428571,7-8,42.0,260-270
2020-05-01 19:00:00,0.06702538492076726,59.0,6.27975,264.2724722222222,8.751888888888889,8-9,73.0,260-270
2020-05-01 19:10:00,0.04547923406609439,59.0,6.445028571428571,266.193,8.4012,8-9,73.0,260-270
2020-05-01 19:20:00,0.06122111918547842,59.0,6.522171428571429,260.95862857142856,8.507457142857143,8-9,73.0,260-270
2020-05-01 19:30:00,0.11670513660489516,59.0,5.777805555555556,262.0852222222222,7.713694444444444,7-8,42.0,260-270
2020-05-01 19:40:00,0.049826539225400465,59.0,4.729342857142858,256.3582285714286,6.908457142857142,6-7,45.0,250-260
2020-05-01 19:50:00,0.06494636815518046,59.0,5.6051142857142855,259.3656571428572,8.509028571428571,8-9,73.0,250-260
2020-05-01 20:00:00,0.053903291365068,59.0,5.737527777777777,258.0945277777778,7.873749999999999,7-8,42.0,250-260
2020-05-01 20:10:00,0.0640163870887896,59.0,5.5365714285714285,250.06285714285715,7.696257142857144,7-8,42.0,250-260
2020-05-01 20:20:00,0.10827570886912365,59.0,6.507171428571429,254.75645714285716,8.733828571428571,8-9,73.0,250-260
2020-05-01 20:30:00,0.11488454832754627,59.0,6.529083333333333,255.00575,8.467944444444445,8-9,73.0,250-260
2020-05-01 20:40:00,0.03869381449511326,59.0,5.438628571428572,250.0980857142857,7.134057142857143,7-8,42.0,250-260
2020-05-01 20:50:00,0.054163197238226005,59.0,5.8913714285714285,249.28462857142856,7.526485714285715,7-8,42.0,240-250
2020-05-01 21:00:00,0.07825937151910424,59.0,4.7916944444444445,241.6598611111111,7.220722222222221,7-8,42.0,240-250
2020-05-01 21:10:00,0.05738234958670725,59.0,5.1766000000000005,248.7814,7.316171428571428,7-8,42.0,240-250
2020-05-01 21:20:00,0.0661419206967544,59.0,4.498371428571428,231.3084857142857,6.0576,6-7,45.0,230-240
2020-05-01 21:30:00,0.055604835969629396,59.0,6.070694444444445,228.72738888888887,7.340861111111112,7-8,42.0,220-230
2020-05-01 21:40:00,0.0376685705180576,59.0,6.117971428571428,228.91485714285713,8.314342857142858,8-9,73.0,220-230
2020-05-01 21:50:00,0.04801437510547252,59.0,6.637542857142857,234.55842857142858,8.801342857142858,8-9,73.0,230-240
2020-05-01 22:00:00,0.042095795938456713,59.0,6.809,232.61886111111113,8.187888888888889,8-9,73.0,230-240
2020-05-01 22:10:00,0.042231174528549284,59.0,7.1684,230.54154285714284,7.868428571428571,7-8,42.0,230-240
2020-05-01 22:20:00,0.06964477500107766,59.0,6.843571428571429,236.4150857142857,8.014457142857143,8-9,73.0,230-240
2020-05-01 22:30:00,0.09095142360222322,59.0,5.957750000000001,239.84816666666666,8.054194444444445,8-9,73.0,230-240
2020-05-01 22:40:00,0.10618288628690802,59.0,5.443742857142857,241.80822857142857,7.880285714285715,7-8,42.0,240-250
2020-05-01 22:50:00,0.08431968290211539,59.0,5.4436857142857145,243.35242857142853,7.7056571428571425,7-8,42.0,240-250
2020-05-01 23:00:00,0.07123775793569033,59.0,6.125638888888889,248.15827777777778,7.884222222222222,7-8,42.0,240-250
2020-05-01 23:10:00,0.06833706117248563,59.0,6.252142857142857,245.74205714285713,8.00982857142857,8-9,73.0,240-250
2020-05-01 23:20:00,0.05362068524928668,59.0,6.718114285714285,245.3896,8.178142857142857,8-9,73.0,240-250
2020-05-01 23:30:00,0.04012891765191469,59.0,6.900666666666667,245.98494444444447,8.168083333333334,8-9,73.0,240-250
2020-05-01 23:40:00,0.11054306749618086,59.0,6.204685714285714,243.621,7.942142857142858,7-8,42.0,240-250
2020-05-01 23:50:00,0.07699993847168732,59.0,5.157823529411765,244.13199999999998,7.2142,7-8,42.0,240-250
2020-05-02 00:00:00,0.07066689569920183,59.0,4.762827586206896,243.59868965517242,6.795068965517241,6-7,45.0,240-250
2020-05-02 00:10:00,0.07712906752073509,59.0,5.113470588235295,243.7615294117647,7.107382352941177,7-8,42.0,240-250
2020-05-02 00:20:00,0.1212950646488527,59.0,4.400028571428572,238.13914285714287,6.767114285714285,6-7,45.0,230-240
2020-05-02 00:30:00,0.06151085909840405,59.0,5.027694444444445,239.83686111111112,6.648055555555556,6-7,45.0,230-240
2020-05-02 00:40:00,0.05175648727091053,59.0,5.751257142857143,235.78337142857143,6.632485714285714,6-7,45.0,230-240
2020-05-02 00:50:00,0.03281142261163987,59.0,6.356742857142857,236.2271142857143,7.326171428571429,7-8,42.0,230-240
2020-05-02 01:00:00,0.03802510611055466,59.0,6.396944444444444,235.56061111111114,7.546138888888889,7-8,42.0,230-240
2020-05-02 01:10:00,0.036437514848557354,59.0,7.056857142857143,233.65897142857145,8.306828571428571,8-9,73.0,230-240
2020-05-02 01:20:00,0.035665332805378286,59.0,7.361685714285714,233.70851428571427,8.894857142857143,8-9,73.0,230-240
2020-05-02 01:30:00,0.0437492364933762,59.0,7.138055555555557,237.03844444444445,9.416888888888888,9-10,49.0,230-240
2020-05-02 01:40:00,0.04215300075601975,59.0,7.069485714285714,238.30162857142858,8.804885714285714,8-9,73.0,230-240
2020-05-02 01:50:00,0.04025214238628224,59.0,6.913685714285715,238.53205714285713,8.292485714285714,8-9,73.0,230-240
2020-05-02 02:00:00,0.06098344882567832,59.0,6.432777777777778,250.11219444444447,9.294333333333334,9-10,49.0,250-260
2020-05-02 02:10:00,0.07245167616859621,59.0,5.849457142857143,243.69525714285717,8.492085714285714,8-9,73.0,240-250
2020-05-02 02:20:00,0.05950760185834973,59.0,6.4758,234.91005714285717,7.037657142857143,7-8,42.0,230-240
2020-05-02 02:30:00,0.02650656455454082,59.0,6.130657142857143,242.2134857142857,7.895228571428572,7-8,42.0,240-250
2020-05-02 02:40:00,0.04252403743108079,59.0,5.989114285714286,242.34074285714283,7.991485714285714,7-8,42.0,240-250
2020-05-02 02:50:00,0.049710193700735046,59.0,6.114514285714286,237.04791428571428,7.647257142857143,7-8,42.0,230-240
2020-05-02 03:00:00,0.06024360388366828,59.0,5.9485,233.0537222222222,6.731944444444444,6-7,45.0,230-240
2020-05-02 03:10:00,0.10055050686387733,59.0,5.709457142857143,245.15205714285716,7.5596571428571435,7-8,42.0,240-250
2020-05-02 03:20:00,0.13783091749496315,59.0,7.893742857142858,254.49065714285717,10.267828571428572,10-11,30.0,250-260
2020-05-02 03:30:00,0.0875872666374512,59.0,7.73525,256.60769444444446,9.6005,9-10,49.0,250-260
2020-05-02 03:40:00,0.10957129524456631,59.0,6.9846176470588235,250.67217647058823,8.477411764705883,8-9,73.0,250-260
2020-05-02 03:50:00,0.12281636989133995,59.0,7.343914285714285,259.7421142857143,9.654514285714287,9-10,49.0,250-260
2020-05-02 04:00:00,0.08720920868364265,59.0,8.008194444444445,260.9127777777778,9.897583333333333,9-10,49.0,260-270
2020-05-02 04:10:00,0.09600922417034671,59.0,7.941371428571428,261.0392,9.71422857142857,9-10,49.0,260-270
2020-05-02 04:20:00,0.0954641285477723,59.0,7.257228571428571,262.1956285714286,10.035400000000001,10-11,30.0,260-270
2020-05-02 04:30:00,0.07832642271765924,59.0,7.330722222222223,261.30983333333336,9.672611111111111,9-10,49.0,260-270
2020-05-02 04:40:00,0.07985807840417776,59.0,7.402428571428571,261.06617142857147,9.818085714285713,9-10,49.0,260-270
2020-05-02 04:50:00,0.09398770793771438,59.0,6.685542857142857,262.6767142857143,9.343771428571428,9-10,49.0,260-270
2020-05-02 05:00:00,0.07920660555629198,59.0,5.897916666666666,260.63169444444446,8.562666666666667,8-9,73.0,260-270
2020-05-02 05:10:00,0.09672006655320971,59.0,6.233771428571428,261.9655142857143,9.147885714285714,9-10,49.0,260-270
2020-05-02 05:20:00,0.07705060494277428,59.0,6.541799999999999,263.2272857142857,9.055485714285714,9-10,49.0,260-270
2020-05-02 05:30:00,0.08802290342187385,59.0,6.072,268.01119444444447,8.508527777777779,8-9,73.0,260-270
2020-05-02 05:40:00,0.09215254732723127,59.0,5.580685714285715,274.50800000000004,7.8872857142857145,7-8,42.0,270-280
2020-05-02 05:50:00,0.07052533407923654,59.0,5.836228571428571,276.3105428571429,7.409514285714287,7-8,42.0,270-280
2020-05-02 06:00:00,0.09558911883150296,59.0,4.978083333333334,279.5028611111111,7.327805555555555,7-8,42.0,270-280
2020-05-02 06:10:00,0.1358581871919985,59.0,5.119828571428571,281.4894857142857,6.211685714285714,6-7,45.0,280-290
2020-05-02 06:20:00,0.13098736949897405,59.0,4.970142857142857,279.7613142857143,6.445457142857143,6-7,45.0,270-280
2020-05-02 06:30:00,0.11977349428580905,59.0,5.4383333333333335,275.15161111111115,6.010833333333333,6-7,45.0,270-280
2020-05-02 06:40:00,0.1865047238420376,59.0,5.477314285714286,280.8856285714285,6.190542857142857,6-7,45.0,280-290
2020-05-02 06:50:00,0.14688910158206728,59.0,5.7705714285714285,279.17542857142854,6.421171428571429,6-7,45.0,270-280
2020-05-02 07:00:00,0.13182376304971805,59.0,6.223416666666667,278.77080555555557,6.44825,6-7,45.0,270-280
2020-05-02 07:10:00,0.22822872611167103,59.0,7.592457142857143,287.02237142857143,8.038085714285716,8-9,73.0,280-290
2020-05-02 07:20:00,0.15365786461145267,59.0,8.095657142857144,299.6039142857143,9.3438,9-10,49.0,290-300
2020-05-02 07:30:00,0.09890822549568438,59.0,8.426083333333333,303.3463888888889,9.179916666666667,9-10,49.0,300-310
2020-05-02 07:40:00,0.10010452261831038,59.0,8.367142857142857,293.58425714285715,9.370485714285714,9-10,49.0,290-300
2020-05-02 07:50:00,0.19174278503405745,59.0,9.229558823529413,299.5505294117647,9.925588235294116,9-10,49.0,290-300
2020-05-02 08:00:00,0.15736750730001003,59.0,7.024735294117647,283.0264411764706,8.619323529411766,8-9,73.0,280-290
2020-05-02 08:10:00,0.14337842997298408,59.0,8.073588235294118,286.0845294117647,9.108529411764707,9-10,49.0,280-290
2020-05-02 08:20:00,0.1324233955554362,59.0,8.846342857142858,288.90728571428576,9.902457142857143,9-10,49.0,280-290
2020-05-02 08:30:00,0.15093832966038395,59.0,9.16713888888889,290.4301944444444,9.484555555555556,9-10,49.0,290-300
2020-05-02 08:40:00,0.13982439679199152,59.0,8.596428571428572,279.7611714285714,9.634285714285713,9-10,49.0,270-280
2020-05-02 08:50:00,0.13352052950878823,59.0,8.563714285714287,281.576,9.006742857142857,9-10,49.0,280-290
2020-05-02 09:00:00,0.14772349204060062,59.0,8.200588235294118,283.14388235294115,8.609441176470588,8-9,73.0,280-290
2020-05-02 09:10:00,0.19627285304258457,59.0,8.9641875,289.827625,9.8278125,9-10,49.0,280-290
2020-05-02 09:20:00,0.08742987807721095,59.0,7.578941176470587,289.98841176470586,8.664352941176471,8-9,73.0,280-290
2020-05-02 09:30:00,0.10502522241357261,59.0,5.849111111111111,284.4148055555555,7.4776388888888885,7-8,42.0,280-290
2020-05-02 09:40:00,0.21329800907742455,59.0,6.252085714285714,274.92557142857146,6.639057142857142,6-7,45.0,270-280
2020-05-02 09:50:00,0.17764213468631807,59.0,7.5043999999999995,294.0182857142857,8.779,8-9,73.0,290-300
2020-05-02 10:00:00,0.18478641335412538,59.0,7.8269166666666665,296.7013333333333,8.733194444444443,8-9,73.0,290-300
2020-05-02 10:10:00,0.12859736199962055,59.0,8.662514285714286,296.01034285714286,9.298057142857143,9-10,49.0,290-300
2020-05-02 10:20:00,0.1281224211223698,59.0,8.71,300.21362857142856,8.865085714285716,8-9,73.0,300-310
2020-05-02 10:30:00,0.15176036635384452,59.0,7.457777777777778,300.4077222222222,8.419194444444445,8-9,73.0,300-310
2020-05-02 10:40:00,0.1635445345421937,59.0,8.795771428571427,304.55568571428574,9.2674,9-10,49.0,300-310
2020-05-02 10:50:00,0.12399607039804271,59.0,7.4193999999999996,297.31188571428567,8.316628571428572,8-9,73.0,290-300
2020-05-02 11:00:00,0.12078120356554964,59.0,7.781638888888889,304.81966666666665,8.169111111111112,8-9,73.0,300-310
2020-05-02 11:10:00,0.11688174257801157,59.0,7.5274,302.7493142857143,8.024114285714285,8-9,73.0,300-310
2020-05-02 11:20:00,0.13244453790187513,59.0,6.953142857142858,305.6263142857143,8.0352,8-9,73.0,300-310
2020-05-02 11:30:00,0.18499168902532032,59.0,8.491472222222221,286.9964444444444,9.239916666666666,9-10,49.0,280-290
2020-05-02 11:40:00,0.16215609119200852,59.0,9.727571428571428,283.0478857142857,10.37722857142857,10-11,30.0,280-290
2020-05-02 11:50:00,0.15349939939200413,59.0,9.226028571428571,273.76077142857145,9.658514285714286,9-10,49.0,270-280
2020-05-02 12:00:00,0.13648112353051817,59.0,7.8583333333333325,282.8809722222222,8.502944444444445,8-9,73.0,280-290
2020-05-02 12:10:00,0.2302154083141046,59.0,8.312285714285714,285.9954285714286,8.813485714285713,8-9,73.0,280-290
2020-05-02 12:20:00,0.1728216184883116,59.0,8.210857142857142,303.7844285714286,9.245771428571429,9-10,49.0,300-310
2020-05-02 12:30:00,0.15407482546309184,59.0,8.323749999999999,309.579,8.750027777777778,8-9,73.0,300-310
2020-05-02 12:40:00,0.15663974857584576,59.0,7.6658857142857135,309.4283142857143,8.604142857142856,8-9,73.0,300-310
2020-05-02 12:50:00,0.12015536872847457,59.0,8.1562,304.76322857142856,8.384457142857144,8-9,73.0,300-310
2020-05-02 13:00:00,0.10858327116880297,59.0,8.328833333333334,295.9112777777778,8.280305555555556,8-9,73.0,290-300
2020-05-02 13:10:00,0.1918487012828738,59.0,7.128,304.73179999999996,8.124228571428572,8-9,73.0,300-310
2020-05-02 13:20:00,0.1884825770329659,59.0,7.335571428571429,304.85679999999996,8.463171428571428,8-9,73.0,300-310
2020-05-02 13:30:00,0.19030759647832435,59.0,6.668694444444444,303.5646111111111,8.18575,8-9,73.0,300-310
2020-05-02 13:40:00,0.15146228092360509,59.0,7.572114285714286,304.43202857142853,8.552714285714284,8-9,73.0,300-310
2020-05-02 13:50:00,0.15597360981057198,59.0,8.448828571428571,302.5785714285714,9.263742857142857,9-10,49.0,300-310
2020-05-02 14:00:00,0.13696968045628422,59.0,8.033055555555556,294.75669444444446,8.668055555555556,8-9,73.0,290-300
2020-05-02 14:10:00,0.17089014867778807,59.0,7.638,303.98031428571426,8.895428571428571,8-9,73.0,300-310
2020-05-02 14:20:00,0.176740006404323,59.0,8.207314285714284,299.96851428571426,8.387028571428571,8-9,73.0,290-300
2020-05-02 14:30:00,0.1158128131188723,59.0,8.433666666666667,300.28825,8.922805555555556,8-9,73.0,300-310
2020-05-02 14:40:00,0.130553091598279,59.0,8.301514285714285,301.19174285714286,8.521971428571428,8-9,73.0,300-310
2020-05-02 14:50:00,0.12527559953888284,59.0,8.3664,297.1611142857143,8.963171428571428,8-9,73.0,290-300
2020-05-02 15:00:00,0.1577428421515714,59.0,7.819583333333333,299.024,8.460333333333333,8-9,73.0,290-300
2020-05-02 15:10:00,0.11351479872706029,59.0,7.421285714285714,306.1243428571429,8.327685714285714,8-9,73.0,300-310
2020-05-02 15:20:00,0.13634244663640235,59.0,8.1424,306.61228571428575,8.931885714285714,8-9,73.0,300-310
2020-05-02 15:30:00,0.1630787625279737,59.0,7.317083333333334,304.4145833333333,8.356361111111111,8-9,73.0,300-310
2020-05-02 15:40:00,0.18416573256373978,59.0,7.753314285714286,310.76217142857143,8.524342857142857,8-9,73.0,310-320
2020-05-02 15:50:00,0.13356710426539212,59.0,7.698,302.39917142857144,8.463571428571429,8-9,73.0,300-310
2020-05-02 16:00:00,0.19844432375571683,59.0,7.177722222222223,298.83894444444445,7.851638888888889,7-8,42.0,290-300
2020-05-02 16:10:00,0.17089260965202985,59.0,7.320885714285714,301.8234857142857,8.345085714285716,8-9,73.0,300-310
2020-05-02 16:20:00,0.1488926164731025,59.0,7.111514285714286,302.3549428571429,8.166371428571429,8-9,73.0,300-310
2020-05-02 16:30:00,0.11372706854915236,59.0,7.494888888888888,301.16058333333336,8.188083333333333,8-9,73.0,300-310
2020-05-02 16:40:00,0.0953252351509891,59.0,7.748171428571428,302.5687142857143,7.856171428571429,7-8,42.0,300-310
2020-05-02 16:50:00,0.11977182643540848,59.0,7.380342857142858,300.655,7.867971428571429,7-8,42.0,300-310
2020-05-02 17:00:00,0.13296820514496138,59.0,6.362444444444445,302.8510833333333,7.184361111111111,7-8,42.0,300-310
2020-05-02 17:10:00,0.10495433554011115,59.0,6.025914285714286,301.49548571428573,6.414828571428572,6-7,45.0,300-310
2020-05-02 17:20:00,0.09163695508535731,59.0,5.766885714285714,297.3306285714286,6.359742857142858,6-7,45.0,290-300
2020-05-02 17:30:00,0.07545260047695022,59.0,6.066805555555556,292.34558333333337,6.333472222222222,6-7,45.0,290-300
2020-05-02 17:40:00,0.10868932975452325,59.0,5.642057142857143,292.5362,6.355857142857143,6-7,45.0,290-300
2020-05-02 17:50:00,0.07055293206408843,59.0,6.425542857142857,294.86042857142854,6.894228571428571,6-7,45.0,290-300
2020-05-02 18:00:00,0.07156510600406196,59.0,5.617972222222223,298.77275,6.190666666666667,6-7,45.0,290-300
2020-05-02 18:10:00,0.06151060834827086,59.0,5.303685714285714,297.6296,6.291514285714285,6-7,45.0,290-300
2020-05-02 18:20:00,0.05883478811782668,59.0,4.92,299.50517142857143,6.038,6-7,45.0,290-300
2020-05-02 18:30:00,0.04181999424146781,59.0,5.278111111111111,301.06600000000003,6.219361111111111,6-7,45.0,300-310
2020-05-02 18:40:00,0.05359195427658029,59.0,5.402914285714286,300.85568571428576,6.344714285714286,6-7,45.0,300-310
2020-05-02 18:50:00,0.02725088470911495,59.0,4.8186857142857145,296.97594285714285,5.583285714285714,5-6,3.0,290-300
2020-05-02 19:00:00,0.05121810162261007,59.0,4.375416666666667,288.16080555555556,5.67875,5-6,3.0,280-290
2020-05-02 19:10:00,0.06242732847821847,59.0,4.930771428571428,279.0476857142857,6.2036,6-7,45.0,270-280
2020-05-02 19:20:00,0.02332604406739932,59.0,5.4872,280.26162857142856,6.9268,6-7,45.0,280-290
2020-05-02 19:30:00,0.04406032578374253,59.0,5.419361111111112,275.2436388888889,6.646222222222223,6-7,45.0,270-280
2020-05-02 19:40:00,0.04915117083914116,59.0,5.244971428571429,270.02311428571426,6.3602,6-7,45.0,270-280
2020-05-02 19:50:00,0.03954439030844847,59.0,6.1664,265.7118857142857,7.476914285714286,7-8,42.0,260-270
2020-05-02 20:00:00,0.04324712973543606,59.0,6.400611111111111,266.5686666666667,7.7155,7-8,42.0,260-270
2020-05-02 20:10:00,0.05109845605778968,59.0,6.3951714285714285,263.9957428571429,8.255971428571428,8-9,73.0,260-270
2020-05-02 20:20:00,0.04018346145617584,59.0,6.761828571428571,266.6406857142857,8.688714285714287,8-9,73.0,260-270
2020-05-02 20:30:00,0.03943083517231415,59.0,6.591388888888889,268.2275277777778,8.516833333333333,8-9,73.0,260-270
2020-05-02 20:40:00,0.024301743679884986,59.0,7.3036,269.03105714285715,8.156828571428571,8-9,73.0,260-270
2020-05-02 20:50:00,0.05882742474454363,59.0,6.744028571428571,265.50939999999997,7.472371428571429,7-8,42.0,260-270
2020-05-02 21:00:00,0.05559811026903897,59.0,5.83425,260.8485277777778,7.176,7-8,42.0,260-270
2020-05-02 21:10:00,0.0402609354911291,59.0,5.616514285714286,259.57311428571427,7.425,7-8,42.0,250-260
2020-05-02 21:20:00,0.021552971349920593,59.0,5.848,260.8951714285714,7.4644,7-8,42.0,260-270
2020-05-02 21:30:00,0.032438637299470566,59.0,5.732222222222223,260.78569444444446,7.280305555555556,7-8,42.0,260-270
2020-05-02 21:40:00,0.04141497350465924,59.0,5.347142857142857,254.5241714285714,7.009228571428571,7-8,42.0,250-260
2020-05-02 21:50:00,0.08670829609257838,59.0,4.438428571428571,247.25265714285717,6.551514285714286,6-7,45.0,240-250
2020-05-02 22:00:00,0.03664499223747395,59.0,4.133083333333333,243.61327777777777,6.375,6-7,45.0,240-250
2020-05-02 22:10:00,0.03461636486094343,59.0,4.2722,245.93888571428573,6.140257142857142,6-7,45.0,240-250
2020-05-02 22:20:00,0.0588991522676829,59.0,4.679485714285715,239.9917714285714,6.510771428571429,6-7,45.0,230-240
2020-05-02 22:30:00,0.04897295553557088,59.0,5.228027777777778,241.03786111111108,5.8364722222222225,5-6,3.0,240-250
2020-05-02 22:40:00,0.02246172189415309,59.0,5.346,245.63100000000003,6.030171428571429,6-7,45.0,240-250
2020-05-02 22:50:00,0.015627628822701457,59.0,5.2716,252.2136,6.347742857142857,6-7,45.0,250-260
2020-05-02 23:00:00,0.0288644867709531,59.0,5.023305555555556,255.01708333333332,6.327833333333333,6-7,45.0,250-260
2020-05-02 23:10:00,0.026615060847515984,59.0,5.160342857142857,255.55431428571427,6.805685714285715,6-7,45.0,250-260
2020-05-02 23:20:00,0.029162656985691458,59.0,4.843542857142857,246.6937714285714,6.5668,6-7,45.0,240-250
2020-05-02 23:30:00,0.0345035108011249,59.0,5.318972222222222,248.48097222222225,6.673527777777778,6-7,45.0,240-250
2020-05-02 23:40:00,0.019333901014511885,59.0,5.6026,247.8590857142857,6.702114285714285,6-7,45.0,240-250
2020-05-02 23:50:00,0.028038203893158656,59.0,5.168628571428571,247.73065714285715,6.439058823529412,6-7,45.0,240-250
2020-05-01 00:00:00,0.09862878855042043,38.0,8.617700000000001,211.02669999999998,11.425233333333333,11-12,23.0,210-220
2020-05-01 00:10:00,0.10377056877814674,38.0,8.047657142857142,210.59545714285716,10.719199999999999,10-11,30.0,210-220
2020-05-01 00:20:00,0.14028278898127614,38.0,8.651857142857143,209.98214285714286,11.227628571428571,11-12,23.0,200-210
2020-05-01 00:30:00,0.11775870114600645,38.0,9.49863888888889,213.66080555555556,12.253666666666668,12-13,21.0,210-220
2020-05-01 00:40:00,0.09152856782169354,38.0,8.959714285714284,214.10194285714286,11.319228571428571,11-12,23.0,210-220
2020-05-01 00:50:00,0.09625216140740979,38.0,7.818514285714286,211.22722857142858,10.408057142857142,10-11,30.0,210-220
2020-05-01 01:00:00,0.1041152165378139,38.0,7.7042,211.979,10.861942857142857,10-11,30.0,210-220
2020-05-01 01:10:00,0.08726219414416687,38.0,8.673714285714285,217.53282857142858,11.917228571428572,11-12,23.0,210-220
2020-05-01 01:20:00,0.08522269921179755,38.0,8.727457142857142,215.40102857142858,12.055857142857143,12-13,21.0,210-220
2020-05-01 01:30:00,0.08164687369613684,38.0,9.325305555555556,216.57844444444444,12.37363888888889,12-13,21.0,210-220
2020-05-01 01:40:00,0.12022479996027795,38.0,9.1156,218.59842857142857,11.905057142857144,11-12,23.0,210-220
2020-05-01 01:50:00,0.12350809205134455,38.0,7.824057142857143,214.85211428571426,10.342085714285714,10-11,30.0,210-220
2020-05-01 02:00:00,0.1141029284847395,38.0,8.249027777777778,210.1966111111111,11.140666666666668,11-12,23.0,210-220
2020-05-01 02:10:00,0.06769311738443978,38.0,8.502742857142858,207.89371428571428,12.083714285714287,12-13,21.0,200-210
2020-05-01 02:20:00,0.08387035743997073,38.0,8.732514285714286,206.4163142857143,12.190114285714285,12-13,21.0,200-210
2020-05-01 02:30:00,0.06924368090117944,38.0,7.962472222222222,207.3336111111111,11.651277777777779,11-12,23.0,200-210
2020-05-01 02:40:00,0.10644714928012117,38.0,7.442114285714285,201.21439999999998,11.108485714285715,11-12,23.0,200-210
2020-05-01 02:50:00,0.12812827460120382,38.0,7.248371428571429,200.9666,10.764885714285715,10-11,30.0,200-210
2020-05-01 03:00:00,0.0925778310331763,38.0,7.320583333333333,204.51611111111112,11.058083333333334,11-12,23.0,200-210
2020-05-01 03:10:00,0.09645759768535196,38.0,6.9711428571428575,204.0181142857143,10.037485714285715,10-11,30.0,200-210
2020-05-01 03:20:00,0.13352355492403678,38.0,6.2444,195.84297142857142,9.127342857142857,9-10,49.0,190-200
2020-05-01 03:30:00,0.12360121593630741,38.0,6.50075,194.77963888888888,9.131194444444445,9-10,49.0,190-200
2020-05-01 03:40:00,0.09636666772383429,38.0,6.804485714285715,195.51977142857143,9.667742857142857,9-10,49.0,190-200
2020-05-01 03:50:00,0.10392088774038007,38.0,6.4516,201.42402857142858,10.036857142857144,10-11,30.0,200-210
2020-05-01 04:00:00,0.10965811145745162,38.0,6.465944444444444,207.3153888888889,10.07861111111111,10-11,30.0,200-210
2020-05-01 04:10:00,0.11596144323441315,38.0,6.606085714285714,203.92874285714288,10.008085714285714,10-11,30.0,200-210
2020-05-01 04:20:00,0.11319047892733151,38.0,6.508388888888889,204.75244444444445,9.886722222222224,9-10,49.0,200-210
2020-05-01 04:30:00,0.09691436212404385,38.0,6.697527777777777,201.9796111111111,9.09125,9-10,49.0,200-210
2020-05-01 04:40:00,0.11751530616586948,38.0,6.274542857142857,200.80457142857142,8.765714285714287,8-9,73.0,200-210
2020-05-01 04:50:00,0.1103828165621001,38.0,6.9680285714285715,200.2188857142857,9.654971428571429,9-10,49.0,200-210
2020-05-01 05:00:00,0.1221207792161451,38.0,7.098388888888889,202.51877777777779,9.551055555555557,9-10,49.0,200-210
2020-05-01 05:10:00,0.12321736435786633,38.0,7.095571428571429,205.31137142857142,9.561657142857143,9-10,49.0,200-210
2020-05-01 05:20:00,0.1563643495207729,38.0,6.495742857142857,199.5838857142857,8.573485714285715,8-9,73.0,190-200
2020-05-01 05:30:00,0.09869968015358666,38.0,6.189777777777778,195.0907777777778,8.297055555555556,8-9,73.0,190-200
2020-05-01 05:40:00,0.11113121410910771,38.0,6.461685714285714,198.43268571428572,8.7322,8-9,73.0,190-200
2020-05-01 05:50:00,0.12900550256083865,38.0,7.5792,201.5460857142857,9.909085714285714,9-10,49.0,200-210
2020-05-01 06:00:00,0.12454704718004357,38.0,7.624194444444445,203.73697222222222,9.782388888888889,9-10,49.0,200-210
2020-05-01 06:10:00,0.1448542141376866,38.0,7.61514705882353,209.62382352941177,9.22935294117647,9-10,49.0,200-210
2020-05-01 06:20:00,0.13768178132939668,38.0,7.806424242424243,208.69063636363637,9.516333333333334,9-10,49.0,200-210
2020-05-01 06:30:00,0.19396899471040888,38.0,9.0818,207.22220000000002,10.676257142857143,10-11,30.0,200-210
2020-05-01 06:40:00,0.1336795667397068,38.0,9.003441176470588,214.17932352941176,11.027000000000001,11-12,23.0,210-220
2020-05-01 06:50:00,0.14558695062212623,38.0,7.988588235294118,226.69038235294119,10.598029411764704,10-11,30.0,220-230
2020-05-01 07:00:00,0.14794741440633163,38.0,6.436628571428572,219.68088571428572,8.723171428571428,8-9,73.0,210-220
2020-05-01 07:10:00,0.1289652172287802,38.0,6.739971428571429,209.03097142857143,9.367199999999999,9-10,49.0,200-210
2020-05-01 07:20:00,0.1417462513866783,38.0,7.356742857142857,210.9462,9.3994,9-10,49.0,210-220
2020-05-01 07:30:00,0.12638052129782265,38.0,9.134888888888888,211.60058333333333,9.979805555555556,9-10,49.0,210-220
2020-05-01 07:40:00,0.11524682764520822,38.0,10.2646,218.02654285714286,10.674685714285713,10-11,30.0,210-220
2020-05-01 07:50:00,0.12781455071164102,38.0,10.396857142857142,218.50045714285713,11.5094,11-12,23.0,210-220
2020-05-01 08:00:00,0.09569409635325453,38.0,10.921,220.0213611111111,11.450333333333333,11-12,23.0,220-230
2020-05-01 08:10:00,0.14080566025105345,38.0,10.967575757575759,215.64381818181818,12.236242424242423,12-13,21.0,210-220
2020-05-01 08:20:00,0.13907205838913797,38.0,10.91415625,222.2343125,12.6405625,12-13,21.0,220-230
2020-05-01 08:30:00,0.13870412498047222,38.0,10.962969696969697,219.32727272727274,12.192666666666668,12-13,21.0,210-220
2020-05-01 08:40:00,0.14445318728449055,38.0,9.661125,224.920375,11.78290625,11-12,23.0,220-230
2020-05-01 08:50:00,0.1339467851949618,38.0,9.180151515151515,224.19133333333335,10.371636363636364,10-11,30.0,220-230
2020-05-01 09:00:00,0.11555358029040635,38.0,10.320611111111111,223.56902777777776,11.941638888888889,11-12,23.0,220-230
2020-05-01 09:10:00,0.14860838226033773,38.0,11.737599999999999,218.5996,12.928028571428571,12-13,21.0,210-220
2020-05-01 09:20:00,0.12054132346713349,38.0,11.999942857142857,218.58334285714287,12.694828571428571,12-13,21.0,210-220
2020-05-01 09:30:00,0.1416564194043873,38.0,11.259916666666665,225.73166666666668,12.001555555555555,12-13,21.0,220-230
2020-05-01 09:40:00,0.1537361208644764,38.0,10.951628571428571,228.10625714285715,12.017228571428571,12-13,21.0,220-230
2020-05-01 09:50:00,0.14166604357506957,38.0,11.121571428571428,227.4241142857143,12.64322857142857,12-13,21.0,220-230
2020-05-01 10:00:00,0.13962636846928764,38.0,12.405388888888888,227.95397222222223,13.471166666666667,13-14,2.0,220-230
2020-05-01 10:10:00,0.15168510433464255,38.0,11.674314285714285,229.34305714285713,12.8424,12-13,21.0,220-230
2020-05-01 10:20:00,0.1147518342374935,38.0,11.68364705882353,229.757,13.383882352941177,13-14,2.0,220-230
2020-05-01 10:30:00,0.10365899213795145,38.0,10.519583333333333,227.4214166666667,11.585749999999999,11-12,23.0,220-230
2020-05-01 10:40:00,0.1503561779185303,38.0,11.55296875,238.34934375,12.33353125,12-13,21.0,230-240
2020-05-01 10:50:00,0.14809488565834383,38.0,10.373529411764705,243.48152941176468,11.924382352941176,11-12,23.0,240-250
2020-05-01 11:00:00,0.16439709482509865,38.0,11.325361111111112,225.48236111111112,12.169305555555557,12-13,21.0,220-230
2020-05-01 11:10:00,0.1675967247952251,38.0,10.478,233.42135294117648,11.204911764705882,11-12,23.0,230-240
2020-05-01 11:20:00,0.2428056298212,38.0,9.131181818181819,255.90121212121213,9.726757575757576,9-10,49.0,250-260
2020-05-01 11:30:00,0.1769314819484474,38.0,11.09103125,235.103625,12.13025,12-13,21.0,230-240
2020-05-01 11:40:00,0.12861666175060432,38.0,10.52435294117647,213.92588235294116,12.269588235294117,12-13,21.0,210-220
2020-05-01 11:50:00,0.09790121904469146,38.0,10.561542857142857,218.3673142857143,11.913714285714287,11-12,23.0,210-220
2020-05-01 12:00:00,0.11612485264391875,38.0,9.322722222222222,226.03147222222222,10.79975,10-11,30.0,220-230
2020-05-01 12:10:00,0.13580582446113826,38.0,9.652542857142857,228.9382,11.040057142857142,11-12,23.0,220-230
2020-05-01 12:20:00,0.11772384722932434,38.0,9.230857142857142,242.91534285714286,10.0682,10-11,30.0,240-250
2020-05-01 12:30:00,0.19889858846132794,38.0,10.099499999999999,270.54072222222226,11.686055555555555,11-12,23.0,270-280
2020-05-01 12:40:00,0.13427325046236743,38.0,10.960285714285714,272.70545714285714,12.621771428571428,12-13,21.0,270-280
2020-05-01 12:50:00,0.13839971084761715,38.0,9.8266,267.44537142857143,12.362285714285715,12-13,21.0,260-270
2020-05-01 13:00:00,0.13685590597510924,38.0,10.69838888888889,267.59077777777776,12.959555555555555,12-13,21.0,260-270
2020-05-01 13:10:00,0.10549732293000896,38.0,10.119057142857145,260.35454285714286,11.824114285714286,11-12,23.0,260-270
2020-05-01 13:20:00,0.13284572747969675,38.0,9.693571428571428,257.82442857142854,10.059685714285715,10-11,30.0,250-260
2020-05-01 13:30:00,0.15882419950489285,38.0,9.353833333333334,274.76944444444445,10.504916666666666,10-11,30.0,270-280
2020-05-01 13:40:00,0.16719130128199375,38.0,8.593771428571428,268.6558285714286,10.180542857142857,10-11,30.0,260-270
2020-05-01 13:50:00,0.1524513888505663,38.0,9.532485714285714,275.13505714285714,10.119428571428571,10-11,30.0,270-280
2020-05-01 14:00:00,0.10821634540296102,38.0,9.395583333333333,268.19675,10.306000000000001,10-11,30.0,260-270
2020-05-01 14:10:00,0.12509635637416994,38.0,9.221314285714286,272.284,10.498628571428572,10-11,30.0,270-280
2020-05-01 14:20:00,0.1104100421546417,38.0,10.315685714285713,271.42622857142857,11.509857142857143,11-12,23.0,270-280
2020-05-01 14:30:00,0.11971223761218423,38.0,8.75461111111111,277.21230555555553,10.259694444444444,10-11,30.0,270-280
2020-05-01 14:40:00,0.18492725182556213,38.0,9.165771428571428,267.07282857142854,10.271714285714285,10-11,30.0,260-270
2020-05-01 14:50:00,0.13057159453613912,38.0,9.923085714285714,268.2379142857143,11.540228571428571,11-12,23.0,260-270
2020-05-01 15:00:00,0.13088561633603563,38.0,9.485111111111111,274.67322222222225,10.747944444444444,10-11,30.0,270-280
2020-05-01 15:10:00,0.1474927752839041,38.0,8.9902,271.3482,10.197428571428572,10-11,30.0,270-280
2020-05-01 15:20:00,0.13754889913634152,38.0,8.945371428571429,275.54571428571427,9.905485714285714,9-10,49.0,270-280
2020-05-01 15:30:00,0.1084103356636564,38.0,8.934861111111111,270.8079722222222,10.352083333333333,10-11,30.0,270-280
2020-05-01 15:40:00,0.14117502900325582,38.0,8.904657142857143,274.0122857142857,10.393971428571428,10-11,30.0,270-280
2020-05-01 15:50:00,0.10972012463142537,38.0,8.014942857142858,275.99497142857143,9.071285714285715,9-10,49.0,270-280
2020-05-01 16:00:00,0.13728636426053809,38.0,8.126694444444444,268.5204444444445,9.625416666666666,9-10,49.0,260-270
2020-05-01 16:10:00,0.10841608777350187,38.0,8.57237142857143,267.4474,9.689257142857144,9-10,49.0,260-270
2020-05-01 16:20:00,0.14614446138252427,38.0,8.618028571428571,273.30325714285715,9.708285714285715,9-10,49.0,270-280
2020-05-01 16:30:00,0.1101299941135585,38.0,8.430805555555557,281.4836666666667,9.485083333333334,9-10,49.0,280-290
2020-05-01 16:40:00,0.16595541501236458,38.0,7.178314285714285,278.70385714285715,8.726171428571428,8-9,73.0,270-280
2020-05-01 16:50:00,0.15091263569345686,38.0,7.634771428571428,268.0322571428572,8.990142857142857,8-9,73.0,260-270
2020-05-01 17:00:00,0.16210690726439714,38.0,6.332583333333333,275.13294444444443,7.507888888888889,7-8,42.0,270-280
2020-05-01 17:10:00,0.10216458486045135,38.0,6.649714285714286,272.92645714285715,8.225085714285713,8-9,73.0,270-280
2020-05-01 17:20:00,0.12369528880978974,38.0,5.533914285714286,282.39911428571423,6.633571428571429,6-7,45.0,280-290
2020-05-01 17:30:00,0.0793234492459869,38.0,5.627472222222222,289.8905833333333,6.899416666666666,6-7,45.0,280-290
2020-05-01 17:40:00,0.0982616150458467,38.0,5.374457142857143,279.6111142857143,6.589200000000001,6-7,45.0,270-280
2020-05-01 17:50:00,0.12269129527965232,38.0,4.4792,281.3692857142857,6.054142857142858,6-7,45.0,280-290
2020-05-01 18:00:00,0.17017134547882906,38.0,4.558972222222222,287.7598333333333,6.546,6-7,45.0,280-290
2020-05-01 18:10:00,0.08868422080595637,38.0,5.933971428571429,287.5115714285715,7.641028571428571,7-8,42.0,280-290
2020-05-01 18:20:00,0.07147637108777945,38.0,5.614371428571428,283.3359142857143,8.094942857142856,8-9,73.0,280-290
2020-05-01 18:30:00,0.11237574858177253,38.0,5.400805555555555,274.8325277777778,8.021444444444445,8-9,73.0,270-280
2020-05-01 18:40:00,0.09036520505086432,38.0,4.915885714285714,268.9524285714285,7.628028571428572,7-8,42.0,260-270
2020-05-01 18:50:00,0.0855684220351141,38.0,4.6701999999999995,266.3290857142857,7.976428571428571,7-8,42.0,260-270
2020-05-01 19:00:00,0.07171228056106849,38.0,5.394722222222223,261.05861111111113,8.751888888888889,8-9,73.0,260-270
2020-05-01 19:10:00,0.06539444896333539,38.0,5.594428571428572,264.99251428571426,8.4012,8-9,73.0,260-270
2020-05-01 19:20:00,0.07944444111328022,38.0,5.7264,258.45834285714284,8.507457142857143,8-9,73.0,250-260
2020-05-01 19:30:00,0.12855263843544845,38.0,5.000916666666666,262.7365555555555,7.713694444444444,7-8,42.0,260-270
2020-05-01 19:40:00,0.040049740667688655,38.0,3.9285142857142854,257.53774285714286,6.908457142857142,6-7,45.0,250-260
2020-05-01 19:50:00,0.09102625412124057,38.0,4.823085714285714,256.81985714285713,8.509028571428571,8-9,73.0,250-260
2020-05-01 20:00:00,0.059076531041144326,38.0,4.880083333333333,255.37694444444443,7.873749999999999,7-8,42.0,250-260
2020-05-01 20:10:00,0.06230309125767338,38.0,4.802971428571429,246.5475142857143,7.696257142857144,7-8,42.0,240-250
2020-05-01 20:20:00,0.1144495933620915,38.0,5.597714285714285,252.04208571428572,8.733828571428571,8-9,73.0,250-260
2020-05-01 20:30:00,0.09974134549785255,38.0,5.732555555555556,252.22288888888886,8.467944444444445,8-9,73.0,250-260
2020-05-01 20:40:00,0.06029986348724149,38.0,4.768628571428571,247.11720000000003,7.134057142857143,7-8,42.0,240-250
2020-05-01 20:50:00,0.043457462594411585,38.0,5.1410285714285715,247.19271428571432,7.526485714285715,7-8,42.0,240-250
2020-05-01 21:00:00,0.07268606659560348,38.0,4.126361111111112,234.12838888888888,7.220722222222221,7-8,42.0,230-240
2020-05-01 21:10:00,0.05167324411150625,38.0,4.553514285714286,247.25859999999997,7.316171428571428,7-8,42.0,240-250
2020-05-01 21:20:00,0.056801639228734324,38.0,3.9881999999999995,226.21328571428572,6.0576,6-7,45.0,220-230
2020-05-01 21:30:00,0.061954086729691014,38.0,5.246444444444445,224.57958333333332,7.340861111111112,7-8,42.0,220-230
2020-05-01 21:40:00,0.04184964926480845,38.0,5.229342857142857,225.76039999999998,8.314342857142858,8-9,73.0,220-230
2020-05-01 21:50:00,0.06307366644747203,38.0,5.6612,230.31288571428573,8.801342857142858,8-9,73.0,230-240
2020-05-01 22:00:00,0.03973523598297501,38.0,5.911111111111111,228.6191388888889,8.187888888888889,8-9,73.0,220-230
2020-05-01 22:10:00,0.06159734625650084,38.0,6.624771428571428,226.78608571428572,7.868428571428571,7-8,42.0,220-230
2020-05-01 22:20:00,0.07881617828976412,38.0,6.2782857142857145,232.55502857142858,8.014457142857143,8-9,73.0,230-240
2020-05-01 22:30:00,0.09956689438136619,38.0,5.3465,237.58838888888891,8.054194444444445,8-9,73.0,230-240
2020-05-01 22:40:00,0.086774399008763,38.0,4.829057142857143,239.01274285714285,7.880285714285715,7-8,42.0,230-240
2020-05-01 22:50:00,0.06806057675853272,38.0,4.718971428571428,240.26031428571432,7.7056571428571425,7-8,42.0,240-250
2020-05-01 23:00:00,0.07004708753036827,38.0,5.511472222222222,245.89280555555555,7.884222222222222,7-8,42.0,240-250
2020-05-01 23:10:00,0.06914417764148954,38.0,5.4965142857142855,244.54642857142858,8.00982857142857,8-9,73.0,240-250
2020-05-01 23:20:00,0.058792118727990755,38.0,5.970828571428572,245.32745714285713,8.178142857142857,8-9,73.0,240-250
2020-05-01 23:30:00,0.06589118997657169,38.0,6.252472222222222,244.1403611111111,8.168083333333334,8-9,73.0,240-250
2020-05-01 23:40:00,0.14369988834516764,38.0,5.538628571428571,240.91797142857146,7.942142857142858,7-8,42.0,240-250
2020-05-01 23:50:00,0.11673478798212489,38.0,4.370470588235294,240.73629411764705,7.2142,7-8,42.0,240-250
2020-05-02 00:00:00,0.07280686614960087,38.0,4.061137931034483,239.69344827586207,6.795068965517241,6-7,45.0,230-240
2020-05-02 00:10:00,0.05708687081963325,38.0,4.314441176470588,242.24132352941177,7.107382352941177,7-8,42.0,240-250
2020-05-02 00:20:00,0.07880755042345561,38.0,3.9370285714285713,233.09131428571428,6.767114285714285,6-7,45.0,230-240
2020-05-02 00:30:00,0.05438087400593465,38.0,4.606833333333333,233.73236111111112,6.648055555555556,6-7,45.0,230-240
2020-05-02 00:40:00,0.043837973409497036,38.0,5.291142857142857,229.7496,6.632485714285714,6-7,45.0,220-230
2020-05-02 00:50:00,0.04904104481948348,38.0,5.764914285714285,232.1935142857143,7.326171428571429,7-8,42.0,230-240
2020-05-02 01:00:00,0.045347330893345625,38.0,5.7940555555555555,231.82247222222225,7.546138888888889,7-8,42.0,230-240
2020-05-02 01:10:00,0.04871655481761947,38.0,6.240028571428572,231.0879142857143,8.306828571428571,8-9,73.0,230-240
2020-05-02 01:20:00,0.038014791389414555,38.0,6.443742857142857,230.31765714285714,8.894857142857143,8-9,73.0,230-240
2020-05-02 01:30:00,0.04781205058548733,38.0,6.208083333333333,234.60608333333332,9.416888888888888,9-10,49.0,230-240
2020-05-02 01:40:00,0.0672627712007636,38.0,6.146714285714285,236.74294285714288,8.804885714285714,8-9,73.0,230-240
2020-05-02 01:50:00,0.05047695610302819,38.0,6.142971428571428,235.33722857142857,8.292485714285714,8-9,73.0,230-240
2020-05-02 02:00:00,0.058726117608712707,38.0,5.448138888888889,245.2517777777778,9.294333333333334,9-10,49.0,240-250
2020-05-02 02:10:00,0.04356348355770284,38.0,5.107314285714286,237.07925714285713,8.492085714285714,8-9,73.0,230-240
2020-05-02 02:20:00,0.04415499589580734,38.0,6.167885714285714,229.94568571428573,7.037657142857143,7-8,42.0,220-230
2020-05-02 02:30:00,0.04197148029816892,38.0,5.436571428571429,235.7864857142857,7.895228571428572,7-8,42.0,230-240
2020-05-02 02:40:00,0.04197708084008019,38.0,5.596457142857143,236.1121714285714,7.991485714285714,7-8,42.0,230-240
2020-05-02 02:50:00,0.054842412997972566,38.0,5.632428571428571,231.1363142857143,7.647257142857143,7-8,42.0,230-240
2020-05-02 03:00:00,0.05649647821986416,38.0,5.521416666666666,228.61827777777776,6.731944444444444,6-7,45.0,220-230
2020-05-02 03:10:00,0.1339280086955878,38.0,5.151857142857143,240.90182857142858,7.5596571428571435,7-8,42.0,240-250
2020-05-02 03:20:00,0.19840794609187803,38.0,7.212171428571428,253.45748571428572,10.267828571428572,10-11,30.0,250-260
2020-05-02 03:30:00,0.09943016566685367,38.0,7.057611111111111,254.99619444444443,9.6005,9-10,49.0,250-260
2020-05-02 03:40:00,0.1319789160499882,38.0,6.629235294117647,250.45670588235294,8.477411764705883,8-9,73.0,250-260
2020-05-02 03:50:00,0.14178811119440254,38.0,6.650885714285715,259.30834285714286,9.654514285714287,9-10,49.0,250-260
2020-05-02 04:00:00,0.1213395335928234,38.0,7.392916666666666,257.74083333333334,9.897583333333333,9-10,49.0,250-260
2020-05-02 04:10:00,0.13127634597287732,38.0,7.444371428571428,259.77954285714287,9.71422857142857,9-10,49.0,250-260
2020-05-02 04:20:00,0.1113222455141698,38.0,6.525514285714285,262.05105714285713,10.035400000000001,10-11,30.0,260-270
2020-05-02 04:30:00,0.10218613625131989,38.0,6.519111111111111,259.72625,9.672611111111111,9-10,49.0,250-260
2020-05-02 04:40:00,0.0696371962475323,38.0,6.517971428571428,260.70545714285714,9.818085714285713,9-10,49.0,260-270
2020-05-02 04:50:00,0.1181590146099093,38.0,6.038971428571429,263.02914285714286,9.343771428571428,9-10,49.0,260-270
2020-05-02 05:00:00,0.07550147575783235,38.0,5.177944444444445,257.85419444444443,8.562666666666667,8-9,73.0,250-260
2020-05-02 05:10:00,0.09798391714757519,38.0,5.5034,261.67214285714283,9.147885714285714,9-10,49.0,260-270
2020-05-02 05:20:00,0.11206413892507892,38.0,5.7573428571428575,262.63494285714285,9.055485714285714,9-10,49.0,260-270
2020-05-02 05:30:00,0.1333392798649121,38.0,5.250666666666667,267.87519444444445,8.508527777777779,8-9,73.0,260-270
2020-05-02 05:40:00,0.11876689827508258,38.0,5.087485714285715,270.9151142857143,7.8872857142857145,7-8,42.0,270-280
2020-05-02 05:50:00,0.10891237844292873,38.0,4.9154857142857145,274.9871714285714,7.409514285714287,7-8,42.0,270-280
2020-05-02 06:00:00,0.12166270470296303,38.0,4.192166666666667,276.13491666666664,7.327805555555555,7-8,42.0,270-280
2020-05-02 06:10:00,0.1382107147386593,38.0,4.860485714285714,276.51514285714285,6.211685714285714,6-7,45.0,270-280
2020-05-02 06:20:00,0.12771346166476755,38.0,4.545714285714285,280.28662857142854,6.445457142857143,6-7,45.0,280-290
2020-05-02 06:30:00,0.1306469696254936,38.0,5.372361111111111,273.90722222222223,6.010833333333333,6-7,45.0,270-280
2020-05-02 06:40:00,0.1856469127381073,38.0,5.0522,279.16837142857145,6.190542857142857,6-7,45.0,270-280
2020-05-02 06:50:00,0.17568358140030677,38.0,5.452514285714286,281.13654285714284,6.421171428571429,6-7,45.0,280-290
2020-05-02 07:00:00,0.1389752813762328,38.0,6.036944444444445,278.1670555555555,6.44825,6-7,45.0,270-280
2020-05-02 07:10:00,0.19716719504072208,38.0,7.467371428571429,286.3368571428572,8.038085714285716,8-9,73.0,280-290
2020-05-02 07:20:00,0.19120672765416893,38.0,7.419828571428572,294.61622857142856,9.3438,9-10,49.0,290-300
2020-05-02 07:30:00,0.10994799813438653,38.0,7.791055555555555,304.13644444444446,9.179916666666667,9-10,49.0,300-310
2020-05-02 07:40:00,0.12536244089487902,38.0,8.031057142857142,293.9632,9.370485714285714,9-10,49.0,290-300
2020-05-02 07:50:00,0.18004742675195518,38.0,8.415382352941176,296.7403235294118,9.925588235294116,9-10,49.0,290-300
2020-05-02 08:00:00,0.19819645751581078,38.0,6.97735294117647,285.1335,8.619323529411766,8-9,73.0,280-290
2020-05-02 08:10:00,0.17094995536454768,38.0,7.422235294117647,284.6904117647059,9.108529411764707,9-10,49.0,280-290
2020-05-02 08:20:00,0.1215913632306405,38.0,8.275142857142857,290.3717142857143,9.902457142857143,9-10,49.0,290-300
2020-05-02 08:30:00,0.17202433271987883,38.0,8.477722222222221,289.6786666666667,9.484555555555556,9-10,49.0,280-290
2020-05-02 08:40:00,0.13172452561572856,38.0,8.169314285714286,275.76588571428573,9.634285714285713,9-10,49.0,270-280
2020-05-02 08:50:00,0.16034194015179545,38.0,8.33837142857143,280.41531428571426,9.006742857142857,9-10,49.0,280-290
2020-05-02 09:00:00,0.16641783352442135,38.0,7.623,280.8116470588235,8.609441176470588,8-9,73.0,280-290
2020-05-02 09:10:00,0.1923266307463519,38.0,8.68096875,290.992,9.8278125,9-10,49.0,290-300
2020-05-02 09:20:00,0.1393180369970948,38.0,6.819117647058824,288.86044117647054,8.664352941176471,8-9,73.0,280-290
2020-05-02 09:30:00,0.1322492801612917,38.0,5.173916666666667,285.03805555555556,7.4776388888888885,7-8,42.0,280-290
2020-05-02 09:40:00,0.18264934520095655,38.0,5.891057142857143,274.07734285714287,6.639057142857142,6-7,45.0,270-280
2020-05-02 09:50:00,0.16324211891061552,38.0,7.2130857142857145,290.1602,8.779,8-9,73.0,290-300
2020-05-02 10:00:00,0.17111411706457472,38.0,7.671694444444444,293.8598611111111,8.733194444444443,8-9,73.0,290-300
2020-05-02 10:10:00,0.15843014938095976,38.0,8.262028571428571,292.8843714285714,9.298057142857143,9-10,49.0,290-300
2020-05-02 10:20:00,0.1508035836994541,38.0,8.281857142857143,299.84934285714286,8.865085714285716,8-9,73.0,290-300
2020-05-02 10:30:00,0.15212891525052294,38.0,7.156027777777778,300.3068888888889,8.419194444444445,8-9,73.0,300-310
2020-05-02 10:40:00,0.18106516883183713,38.0,7.908114285714285,304.8293142857143,9.2674,9-10,49.0,300-310
2020-05-02 10:50:00,0.12935395913063835,38.0,7.181742857142857,295.2772,8.316628571428572,8-9,73.0,290-300
2020-05-02 11:00:00,0.14301746999041162,38.0,7.642222222222222,303.0945555555556,8.169111111111112,8-9,73.0,300-310
2020-05-02 11:10:00,0.09619656288739865,38.0,7.195685714285714,302.13565714285716,8.024114285714285,8-9,73.0,300-310
2020-05-02 11:20:00,0.18519238936380306,38.0,6.430171428571429,302.0354857142857,8.0352,8-9,73.0,300-310
2020-05-02 11:30:00,0.20236556357275254,38.0,8.00775,286.24888888888887,9.239916666666666,9-10,49.0,280-290
2020-05-02 11:40:00,0.1367557817786003,38.0,9.007171428571429,282.9520857142857,10.37722857142857,10-11,30.0,280-290
2020-05-02 11:50:00,0.12872398088520468,38.0,9.227257142857143,272.45894285714286,9.658514285714286,9-10,49.0,270-280
2020-05-02 12:00:00,0.1733788363952154,38.0,7.537833333333334,282.0230555555556,8.502944444444445,8-9,73.0,280-290
2020-05-02 12:10:00,0.2266629514617725,38.0,7.957857142857142,287.52522857142856,8.813485714285713,8-9,73.0,280-290
2020-05-02 12:20:00,0.17277173606427335,38.0,7.896514285714285,305.66797142857143,9.245771428571429,9-10,49.0,300-310
2020-05-02 12:30:00,0.1490662379209161,38.0,7.886555555555556,308.59569444444446,8.750027777777778,8-9,73.0,300-310
2020-05-02 12:40:00,0.15387034800076313,38.0,6.993542857142857,306.8371714285714,8.604142857142856,8-9,73.0,300-310
2020-05-02 12:50:00,0.13455097462306123,38.0,7.747228571428572,302.3320857142857,8.384457142857144,8-9,73.0,300-310
2020-05-02 13:00:00,0.12408230108874425,38.0,7.8691666666666675,294.03275,8.280305555555556,8-9,73.0,290-300
2020-05-02 13:10:00,0.19796336862929892,38.0,6.926171428571428,302.324,8.124228571428572,8-9,73.0,300-310
2020-05-02 13:20:00,0.1625119903489729,38.0,6.697571428571428,304.02525714285713,8.463171428571428,8-9,73.0,300-310
2020-05-02 13:30:00,0.19954085206508615,38.0,6.512583333333334,302.6599166666667,8.18575,8-9,73.0,300-310
2020-05-02 13:40:00,0.1422022105294205,38.0,7.171085714285714,301.0460571428572,8.552714285714284,8-9,73.0,300-310
2020-05-02 13:50:00,0.16801237574501351,38.0,7.5846285714285715,299.47131428571424,9.263742857142857,9-10,49.0,290-300
2020-05-02 14:00:00,0.14667211743829875,38.0,7.9455,290.4168888888889,8.668055555555556,8-9,73.0,290-300
2020-05-02 14:10:00,0.15811955903895503,38.0,7.743771428571428,306.35422857142856,8.895428571428571,8-9,73.0,300-310
2020-05-02 14:20:00,0.17225062609226072,38.0,8.135114285714286,299.8325714285714,8.387028571428571,8-9,73.0,290-300
2020-05-02 14:30:00,0.1285045077472594,38.0,8.277,299.3406944444444,8.922805555555556,8-9,73.0,290-300
2020-05-02 14:40:00,0.15799363405317765,38.0,8.049228571428571,300.5318571428571,8.521971428571428,8-9,73.0,300-310
2020-05-02 14:50:00,0.16559647343712025,38.0,8.178685714285715,298.3157714285714,8.963171428571428,8-9,73.0,290-300
2020-05-02 15:00:00,0.16256269020282646,38.0,7.6667499999999995,298.6944722222222,8.460333333333333,8-9,73.0,290-300
2020-05-02 15:10:00,0.16271560167347016,38.0,7.157085714285714,302.98594285714285,8.327685714285714,8-9,73.0,300-310
2020-05-02 15:20:00,0.15848986761701797,38.0,7.786028571428572,305.9928,8.931885714285714,8-9,73.0,300-310
2020-05-02 15:30:00,0.15029310694575962,38.0,7.301777777777777,303.95374999999996,8.356361111111111,8-9,73.0,300-310
2020-05-02 15:40:00,0.2134981769725752,38.0,7.313028571428571,310.10925714285713,8.524342857142857,8-9,73.0,310-320
2020-05-02 15:50:00,0.14354192043764308,38.0,7.3543714285714294,303.0238,8.463571428571429,8-9,73.0,300-310
2020-05-02 16:00:00,0.22018599970717526,38.0,6.957666666666666,298.99333333333334,7.851638888888889,7-8,42.0,290-300
2020-05-02 16:10:00,0.16942001288715705,38.0,7.050942857142857,303.65774285714286,8.345085714285716,8-9,73.0,300-310
2020-05-02 16:20:00,0.19215612578044033,38.0,6.696142857142857,303.00662857142856,8.166371428571429,8-9,73.0,300-310
2020-05-02 16:30:00,0.15230567618676277,38.0,7.193416666666668,299.9727222222222,8.188083333333333,8-9,73.0,290-300
2020-05-02 16:40:00,0.11669978555270015,38.0,7.428000000000001,301.94222857142853,7.856171428571429,7-8,42.0,300-310
2020-05-02 16:50:00,0.1305419299764698,38.0,6.711028571428571,300.10051428571427,7.867971428571429,7-8,42.0,300-310
2020-05-02 17:00:00,0.11866120389802175,38.0,6.077555555555556,302.64677777777774,7.184361111111111,7-8,42.0,300-310
2020-05-02 17:10:00,0.13067470185992244,38.0,5.714028571428571,303.2128285714286,6.414828571428572,6-7,45.0,300-310
2020-05-02 17:20:00,0.11750509622290636,38.0,5.504771428571429,295.81108571428575,6.359742857142858,6-7,45.0,290-300
2020-05-02 17:30:00,0.10594087939112848,38.0,5.804583333333333,292.10630555555554,6.333472222222222,6-7,45.0,290-300
2020-05-02 17:40:00,0.12674357646039672,38.0,5.379742857142857,293.1062857142857,6.355857142857143,6-7,45.0,290-300
2020-05-02 17:50:00,0.10127898157854233,38.0,5.867885714285714,294.4510285714286,6.894228571428571,6-7,45.0,290-300
2020-05-02 18:00:00,0.1122507238226007,38.0,5.084638888888889,298.39344444444447,6.190666666666667,6-7,45.0,290-300
2020-05-02 18:10:00,0.08986380135321115,38.0,4.6292285714285715,296.69537142857143,6.291514285714285,6-7,45.0,290-300
2020-05-02 18:20:00,0.06670985619140708,38.0,4.148514285714286,301.03902857142856,6.038,6-7,45.0,300-310
2020-05-02 18:30:00,0.06510092306690306,38.0,4.390805555555556,301.5300555555556,6.219361111111111,6-7,45.0,300-310
2020-05-02 18:40:00,0.07800359819143715,38.0,4.414542857142858,299.6612857142857,6.344714285714286,6-7,45.0,290-300
2020-05-02 18:50:00,0.04117101260815462,38.0,4.025342857142857,296.0036,5.583285714285714,5-6,3.0,290-300
2020-05-02 19:00:00,0.06903237028742443,38.0,3.697305555555556,290.62216666666666,5.67875,5-6,3.0,290-300
2020-05-02 19:10:00,0.06693463260285208,38.0,3.828,279.6839142857143,6.2036,6-7,45.0,270-280
2020-05-02 19:20:00,0.030554113419970295,38.0,4.2733428571428576,279.27094285714287,6.9268,6-7,45.0,270-280
2020-05-02 19:30:00,0.060788078231576975,38.0,4.625444444444444,272.70624999999995,6.646222222222223,6-7,45.0,270-280
2020-05-02 19:40:00,0.052826961506861635,38.0,4.427342857142857,265.63605714285717,6.3602,6-7,45.0,260-270
2020-05-02 19:50:00,0.05045755428377611,38.0,5.123771428571429,261.9142,7.476914285714286,7-8,42.0,260-270
2020-05-02 20:00:00,0.05413987540007639,38.0,5.246361111111111,263.95255555555553,7.7155,7-8,42.0,260-270
2020-05-02 20:10:00,0.04632162747645629,38.0,5.267314285714286,262.7322857142857,8.255971428571428,8-9,73.0,260-270
2020-05-02 20:20:00,0.05528987982114074,38.0,5.5725999999999996,263.3582857142857,8.688714285714287,8-9,73.0,260-270
2020-05-02 20:30:00,0.0462523833675778,38.0,5.445222222222222,265.32899999999995,8.516833333333333,8-9,73.0,260-270
2020-05-02 20:40:00,0.04878203616902087,38.0,5.858771428571429,266.6240285714286,8.156828571428571,8-9,73.0,260-270
2020-05-02 20:50:00,0.07247625975701466,38.0,5.441628571428571,265.48839999999996,7.472371428571429,7-8,42.0,260-270
2020-05-02 21:00:00,0.0583536668306614,38.0,4.619861111111111,259.09897222222224,7.176,7-8,42.0,250-260
2020-05-02 21:10:00,0.04668609126709849,38.0,4.405057142857142,255.33405714285712,7.425,7-8,42.0,250-260
2020-05-02 21:20:00,0.03235460572858389,38.0,4.718057142857143,255.9048,7.4644,7-8,42.0,250-260
2020-05-02 21:30:00,0.034339711171194415,38.0,4.665972222222222,257.40708333333333,7.280305555555556,7-8,42.0,250-260
2020-05-02 21:40:00,0.04311710341948035,38.0,4.332714285714286,248.50565714285716,7.009228571428571,7-8,42.0,240-250
2020-05-02 21:50:00,0.0622441477493161,38.0,3.7168285714285716,238.44954285714286,6.551514285714286,6-7,45.0,230-240
2020-05-02 22:00:00,0.03922498980935109,38.0,3.7109444444444444,235.09888888888887,6.375,6-7,45.0,230-240
2020-05-02 22:10:00,0.02746148291295507,38.0,3.7581714285714285,238.49197142857145,6.140257142857142,6-7,45.0,230-240
2020-05-02 22:20:00,0.062355041759786234,38.0,4.322257142857143,232.49217142857142,6.510771428571429,6-7,45.0,230-240
2020-05-02 22:30:00,0.020367858394786758,38.0,4.535666666666667,234.43380555555555,5.8364722222222225,5-6,3.0,230-240
2020-05-02 22:40:00,0.022066179475101186,38.0,4.442171428571428,237.3424285714286,6.030171428571429,6-7,45.0,230-240
2020-05-02 22:50:00,0.015424068567929074,38.0,4.450485714285715,243.79911428571427,6.347742857142857,6-7,45.0,240-250
2020-05-02 23:00:00,0.047192871670507376,38.0,3.9026111111111113,248.24425,6.327833333333333,6-7,45.0,240-250
2020-05-02 23:10:00,0.031007963637892235,38.0,3.9055714285714282,250.6552857142857,6.805685714285715,6-7,45.0,250-260
2020-05-02 23:20:00,0.02568227518223064,38.0,3.917285714285714,238.90854285714283,6.5668,6-7,45.0,230-240
2020-05-02 23:30:00,0.033998741014672866,38.0,4.461861111111111,242.76372222222224,6.673527777777778,6-7,45.0,240-250
2020-05-02 23:40:00,0.017001437950994968,38.0,4.682714285714286,240.18097142857144,6.702114285714285,6-7,45.0,240-250
2020-05-02 23:50:00,0.0703412960557396,38.0,4.4922571428571425,239.97971428571432,6.439058823529412,6-7,45.0,230-240
2020-05-01 00:00:00,0.14257199726453879,19.0,7.605933333333334,208.57066666666665,11.425233333333333,11-12,23.0,200-210
2020-05-01 00:10:00,0.11069148435407862,19.0,7.4048,207.0121142857143,10.719199999999999,10-11,30.0,200-210
2020-05-01 00:20:00,0.11081844014811823,19.0,8.0142,210.10722857142855,11.227628571428571,11-12,23.0,210-220
2020-05-01 00:30:00,0.1435757919185853,19.0,8.772805555555557,210.77883333333332,12.253666666666668,12-13,21.0,210-220
2020-05-01 00:40:00,0.10963094955327655,19.0,8.1046,213.25582857142857,11.319228571428571,11-12,23.0,210-220
2020-05-01 00:50:00,0.11950050700370388,19.0,7.134285714285714,207.96425714285715,10.408057142857142,10-11,30.0,200-210
2020-05-01 01:00:00,0.1446168588265908,19.0,7.030457142857143,209.69994285714284,10.861942857142857,10-11,30.0,200-210
2020-05-01 01:10:00,0.11133471310228035,19.0,7.832114285714287,215.81062857142857,11.917228571428572,11-12,23.0,210-220
2020-05-01 01:20:00,0.14779520228257192,19.0,7.98197142857143,213.95528571428574,12.055857142857143,12-13,21.0,210-220
2020-05-01 01:30:00,0.10840733014570932,19.0,8.515527777777777,214.49791666666667,12.37363888888889,12-13,21.0,210-220
2020-05-01 01:40:00,0.1034931665295312,19.0,8.119114285714286,215.27322857142858,11.905057142857144,11-12,23.0,210-220
2020-05-01 01:50:00,0.11238799425654852,19.0,7.040742857142857,212.71302857142857,10.342085714285714,10-11,30.0,210-220
2020-05-01 02:00:00,0.13732253473692757,19.0,7.554444444444444,207.71955555555553,11.140666666666668,11-12,23.0,200-210
2020-05-01 02:10:00,0.10421216380919547,19.0,7.3105714285714285,205.582,12.083714285714287,12-13,21.0,200-210
2020-05-01 02:20:00,0.10657927369764622,19.0,7.670057142857143,203.3644857142857,12.190114285714285,12-13,21.0,200-210
2020-05-01 02:30:00,0.10654472086152711,19.0,6.869833333333333,205.2945,11.651277777777779,11-12,23.0,200-210
2020-05-01 02:40:00,0.1180411154811283,19.0,6.558914285714286,200.89631428571428,11.108485714285715,11-12,23.0,200-210
2020-05-01 02:50:00,0.10424218819218674,19.0,6.446228571428572,199.79388571428572,10.764885714285715,10-11,30.0,190-200
2020-05-01 03:00:00,0.12369120819856085,19.0,6.267944444444444,201.29697222222222,11.058083333333334,11-12,23.0,200-210
2020-05-01 03:10:00,0.09323185914720312,19.0,6.110428571428572,202.15651428571428,10.037485714285715,10-11,30.0,200-210
2020-05-01 03:20:00,0.13191577410812289,19.0,5.733914285714286,194.21894285714288,9.127342857142857,9-10,49.0,190-200
2020-05-01 03:30:00,0.12290497975117456,19.0,5.707305555555555,193.13105555555555,9.131194444444445,9-10,49.0,190-200
2020-05-01 03:40:00,0.13090710199891525,19.0,6.108485714285714,192.5962,9.667742857142857,9-10,49.0,190-200
2020-05-01 03:50:00,0.12328307478930568,19.0,5.732828571428572,199.57457142857143,10.036857142857144,10-11,30.0,190-200
2020-05-01 04:00:00,0.12351290336968766,19.0,5.804777777777778,202.438,10.07861111111111,10-11,30.0,200-210
2020-05-01 04:10:00,0.12432006527770856,19.0,6.1006285714285715,202.38014285714286,10.008085714285714,10-11,30.0,200-210
2020-05-01 04:20:00,0.14728019309219506,19.0,5.731777777777777,198.25869444444444,9.886722222222224,9-10,49.0,190-200
2020-05-01 04:30:00,0.15237827200358767,19.0,6.2428333333333335,200.16477777777777,9.09125,9-10,49.0,200-210
2020-05-01 04:40:00,0.17112140299083564,19.0,5.910085714285715,198.02239999999998,8.765714285714287,8-9,73.0,190-200
2020-05-01 04:50:00,0.12899211513136238,19.0,6.561771428571428,198.93754285714286,9.654971428571429,9-10,49.0,190-200
2020-05-01 05:00:00,0.14434712611316414,19.0,6.455222222222222,202.00816666666665,9.551055555555557,9-10,49.0,200-210
2020-05-01 05:10:00,0.12643946578156906,19.0,6.656085714285714,204.11405714285715,9.561657142857143,9-10,49.0,200-210
2020-05-01 05:20:00,0.15346822484417227,19.0,6.033971428571428,200.6516,8.573485714285715,8-9,73.0,200-210
2020-05-01 05:30:00,0.14308087209686174,19.0,5.778416666666667,194.46063888888887,8.297055555555556,8-9,73.0,190-200
2020-05-01 05:40:00,0.14743526003903742,19.0,6.042142857142857,197.04888571428572,8.7322,8-9,73.0,190-200
2020-05-01 05:50:00,0.17083909835084957,19.0,6.6168,201.42388571428572,9.909085714285714,9-10,49.0,200-210
2020-05-01 06:00:00,0.15270166882043867,19.0,7.058638888888889,203.38972222222222,9.782388888888889,9-10,49.0,200-210
2020-05-01 06:10:00,0.15273228335655026,19.0,6.873352941176471,208.5508823529412,9.22935294117647,9-10,49.0,200-210
2020-05-01 06:20:00,0.13615511523963872,19.0,7.213727272727272,204.97360606060604,9.516333333333334,9-10,49.0,200-210
2020-05-01 06:30:00,0.20008673785580652,19.0,8.401171428571429,206.33065714285715,10.676257142857143,10-11,30.0,200-210
2020-05-01 06:40:00,0.1335949508568407,19.0,7.853941176470588,212.62111764705884,11.027000000000001,11-12,23.0,210-220
2020-05-01 06:50:00,0.10142470106369161,19.0,6.986323529411765,223.1135294117647,10.598029411764704,10-11,30.0,220-230
2020-05-01 07:00:00,0.17154643335058414,19.0,5.929371428571429,218.12045714285716,8.723171428571428,8-9,73.0,210-220
2020-05-01 07:10:00,0.1362062177599636,19.0,6.038371428571428,209.41057142857142,9.367199999999999,9-10,49.0,200-210
2020-05-01 07:20:00,0.12560267489166663,19.0,6.801914285714286,208.19622857142858,9.3994,9-10,49.0,200-210
2020-05-01 07:30:00,0.19780965119646274,19.0,8.343277777777779,208.61863888888888,9.979805555555556,9-10,49.0,200-210
2020-05-01 07:40:00,0.12482475277670842,19.0,9.518514285714284,217.6185714285714,10.674685714285713,10-11,30.0,210-220
2020-05-01 07:50:00,0.14156888092779085,19.0,9.716228571428571,218.24777142857144,11.5094,11-12,23.0,210-220
2020-05-01 08:00:00,0.15108457871793804,19.0,10.134555555555556,217.45055555555555,11.450333333333333,11-12,23.0,210-220
2020-05-01 08:10:00,0.1567431123232408,19.0,9.775212121212121,216.66584848484848,12.236242424242423,12-13,21.0,210-220
2020-05-01 08:20:00,0.1829015626765759,19.0,9.85415625,220.75234375,12.6405625,12-13,21.0,220-230
2020-05-01 08:30:00,0.2041643706106108,19.0,9.81739393939394,219.76663636363637,12.192666666666668,12-13,21.0,210-220
2020-05-01 08:40:00,0.16156801158758935,19.0,8.7496875,226.55090625,11.78290625,11-12,23.0,220-230
2020-05-01 08:50:00,0.16053064453677882,19.0,8.664454545454547,223.56715151515152,10.371636363636364,10-11,30.0,220-230
2020-05-01 09:00:00,0.14383575544549565,19.0,9.79486111111111,220.81166666666667,11.941638888888889,11-12,23.0,220-230
2020-05-01 09:10:00,0.13822649107165588,19.0,10.82502857142857,219.47760000000002,12.928028571428571,12-13,21.0,210-220
2020-05-01 09:20:00,0.12073447681668002,19.0,11.222857142857142,218.3944285714286,12.694828571428571,12-13,21.0,210-220
2020-05-01 09:30:00,0.12108242788229588,19.0,10.150472222222222,223.33666666666667,12.001555555555555,12-13,21.0,220-230
2020-05-01 09:40:00,0.17493552218445677,19.0,9.472657142857143,227.1,12.017228571428571,12-13,21.0,220-230
2020-05-01 09:50:00,0.14524628430742909,19.0,10.403914285714286,225.58137142857143,12.64322857142857,12-13,21.0,220-230
2020-05-01 10:00:00,0.16279304903877853,19.0,11.210333333333333,226.11125,13.471166666666667,13-14,2.0,220-230
2020-05-01 10:10:00,0.15374170817762256,19.0,10.711971428571427,226.97345714285714,12.8424,12-13,21.0,220-230
2020-05-01 10:20:00,0.13813106257824964,19.0,11.267735294117648,228.4665882352941,13.383882352941177,13-14,2.0,220-230
2020-05-01 10:30:00,0.11777964305652076,19.0,9.518416666666667,228.16230555555558,11.585749999999999,11-12,23.0,220-230
2020-05-01 10:40:00,0.18545145085099618,19.0,10.5795,235.1119375,12.33353125,12-13,21.0,230-240
2020-05-01 10:50:00,0.14625696160609872,19.0,9.401205882352942,243.24391176470587,11.924382352941176,11-12,23.0,240-250
2020-05-01 11:00:00,0.18620206278052898,19.0,10.633000000000001,226.72605555555555,12.169305555555557,12-13,21.0,220-230
2020-05-01 11:10:00,0.1925456080247852,19.0,9.542,232.65976470588234,11.204911764705882,11-12,23.0,230-240
2020-05-01 11:20:00,0.20650868362729946,19.0,8.186484848484849,255.6099090909091,9.726757575757576,9-10,49.0,250-260
2020-05-01 11:30:00,0.24785251006956813,19.0,9.67753125,238.50578125,12.13025,12-13,21.0,230-240
2020-05-01 11:40:00,0.12019533451682857,19.0,9.788911764705881,214.59794117647058,12.269588235294117,12-13,21.0,210-220
2020-05-01 11:50:00,0.13693791143586043,19.0,9.682885714285714,214.79988571428572,11.913714285714287,11-12,23.0,210-220
2020-05-01 12:00:00,0.13634856325836983,19.0,8.672611111111111,225.71997222222222,10.79975,10-11,30.0,220-230
2020-05-01 12:10:00,0.1262500036824286,19.0,8.954971428571428,229.52065714285715,11.040057142857142,11-12,23.0,220-230
2020-05-01 12:20:00,0.133013984222204,19.0,8.555657142857143,243.25731428571427,10.0682,10-11,30.0,240-250
2020-05-01 12:30:00,0.1800737274957406,19.0,9.06975,271.51919444444445,11.686055555555555,11-12,23.0,270-280
2020-05-01 12:40:00,0.12882023928445027,19.0,10.165799999999999,272.92474285714286,12.621771428571428,12-13,21.0,270-280
2020-05-01 12:50:00,0.1700519462856522,19.0,8.947028571428572,266.3876571428571,12.362285714285715,12-13,21.0,260-270
2020-05-01 13:00:00,0.14684313160083493,19.0,9.944916666666666,265.70469444444444,12.959555555555555,12-13,21.0,260-270
2020-05-01 13:10:00,0.12734387956156545,19.0,8.956142857142856,261.27125714285717,11.824114285714286,11-12,23.0,260-270
2020-05-01 13:20:00,0.13655799879878813,19.0,8.89257142857143,256.0558571428571,10.059685714285715,10-11,30.0,250-260
2020-05-01 13:30:00,0.14481338710758426,19.0,8.773833333333334,275.1315,10.504916666666666,10-11,30.0,270-280
2020-05-01 13:40:00,0.18383409124906555,19.0,7.9765428571428565,268.46180000000004,10.180542857142857,10-11,30.0,260-270
2020-05-01 13:50:00,0.11584150489458339,19.0,9.253514285714285,275.7815428571428,10.119428571428571,10-11,30.0,270-280
2020-05-01 14:00:00,0.11124888149633193,19.0,8.742166666666668,267.5965,10.306000000000001,10-11,30.0,260-270
2020-05-01 14:10:00,0.15050277148619984,19.0,8.640914285714286,274.17017142857145,10.498628571428572,10-11,30.0,270-280
2020-05-01 14:20:00,0.12869135043839133,19.0,9.453000000000001,270.43337142857143,11.509857142857143,11-12,23.0,270-280
2020-05-01 14:30:00,0.15006190709946568,19.0,8.173388888888889,276.0975555555556,10.259694444444444,10-11,30.0,270-280
2020-05-01 14:40:00,0.1724411850409666,19.0,8.6152,265.59794285714287,10.271714285714285,10-11,30.0,260-270
2020-05-01 14:50:00,0.18248509671049945,19.0,9.295085714285714,267.98262857142856,11.540228571428571,11-12,23.0,260-270
2020-05-01 15:00:00,0.12388995537607271,19.0,9.262833333333333,275.05047222222225,10.747944444444444,10-11,30.0,270-280
2020-05-01 15:10:00,0.17473632722008248,19.0,8.067942857142857,269.6460857142857,10.197428571428572,10-11,30.0,260-270
2020-05-01 15:20:00,0.1471965089725581,19.0,8.173857142857143,276.71011428571427,9.905485714285714,9-10,49.0,270-280
2020-05-01 15:30:00,0.11896938569727775,19.0,7.97138888888889,270.00794444444443,10.352083333333333,10-11,30.0,270-280
2020-05-01 15:40:00,0.16263803206651498,19.0,8.629285714285714,273.9183142857143,10.393971428571428,10-11,30.0,270-280
2020-05-01 15:50:00,0.15664800490335407,19.0,7.739,276.24068571428575,9.071285714285715,9-10,49.0,270-280
2020-05-01 16:00:00,0.1707421973941526,19.0,7.551916666666667,268.1619166666667,9.625416666666666,9-10,49.0,260-270
2020-05-01 16:10:00,0.11556311343488863,19.0,8.012571428571428,265.1948,9.689257142857144,9-10,49.0,260-270
2020-05-01 16:20:00,0.16523356559540214,19.0,7.8908571428571435,275.0731714285714,9.708285714285715,9-10,49.0,270-280
2020-05-01 16:30:00,0.11694301600139785,19.0,7.965305555555555,282.3991111111111,9.485083333333334,9-10,49.0,280-290
2020-05-01 16:40:00,0.15819271514832528,19.0,6.650428571428571,278.95897142857143,8.726171428571428,8-9,73.0,270-280
2020-05-01 16:50:00,0.13963519612711686,19.0,6.970342857142857,266.7142285714286,8.990142857142857,8-9,73.0,260-270
2020-05-01 17:00:00,0.16153721698378729,19.0,5.932027777777778,275.7441111111111,7.507888888888889,7-8,42.0,270-280
2020-05-01 17:10:00,0.15161273529969968,19.0,5.816742857142858,273.0800857142857,8.225085714285713,8-9,73.0,270-280
2020-05-01 17:20:00,0.11980218838391579,19.0,5.177057142857143,279.9144,6.633571428571429,6-7,45.0,270-280
2020-05-01 17:30:00,0.13308403635679852,19.0,5.049472222222223,292.2117222222222,6.899416666666666,6-7,45.0,290-300
2020-05-01 17:40:00,0.09448110848179812,19.0,5.0728,279.4674857142857,6.589200000000001,6-7,45.0,270-280
2020-05-01 17:50:00,0.1846698425792239,19.0,4.002742857142858,282.31377142857144,6.054142857142858,6-7,45.0,280-290
2020-05-01 18:00:00,0.1413422525560538,19.0,4.133694444444444,287.5455,6.546,6-7,45.0,280-290
2020-05-01 18:10:00,0.09360462614321417,19.0,5.131114285714285,287.96471428571425,7.641028571428571,7-8,42.0,280-290
2020-05-01 18:20:00,0.11464370389961982,19.0,4.7318,283.50039999999996,8.094942857142856,8-9,73.0,280-290
2020-05-01 18:30:00,0.13731468049607756,19.0,4.4389722222222225,272.32497222222224,8.021444444444445,8-9,73.0,270-280
2020-05-01 18:40:00,0.11572714923859946,19.0,4.058342857142857,266.3209428571429,7.628028571428572,7-8,42.0,260-270
2020-05-01 18:50:00,0.10030010542621534,19.0,3.751485714285714,265.42637142857143,7.976428571428571,7-8,42.0,260-270
2020-05-01 19:00:00,0.09929106620043782,19.0,4.242055555555556,258.9775555555555,8.751888888888889,8-9,73.0,250-260
2020-05-01 19:10:00,0.08753236939902383,19.0,4.785371428571429,262.0810571428571,8.4012,8-9,73.0,260-270
2020-05-01 19:20:00,0.08328616785654618,19.0,4.6276,255.08794285714285,8.507457142857143,8-9,73.0,250-260
2020-05-01 19:30:00,0.1292125346146736,19.0,4.164166666666667,261.1695,7.713694444444444,7-8,42.0,260-270
2020-05-01 19:40:00,0.03620159118058915,19.0,3.2006285714285716,256.56842857142857,6.908457142857142,6-7,45.0,250-260
2020-05-01 19:50:00,0.09234663991251867,19.0,3.7507428571428574,253.80485714285714,8.509028571428571,8-9,73.0,250-260
2020-05-01 20:00:00,0.07042855658438837,19.0,4.001055555555556,252.50036111111115,7.873749999999999,7-8,42.0,250-260
2020-05-01 20:10:00,0.07240841319547926,19.0,3.8232000000000004,242.41385714285715,7.696257142857144,7-8,42.0,240-250
2020-05-01 20:20:00,0.08623806871464158,19.0,4.410171428571428,245.42462857142854,8.733828571428571,8-9,73.0,240-250
2020-05-01 20:30:00,0.09648903537632231,19.0,4.717416666666667,249.9727777777778,8.467944444444445,8-9,73.0,240-250
2020-05-01 20:40:00,0.09166245928081053,19.0,3.738457142857143,240.35277142857143,7.134057142857143,7-8,42.0,240-250
2020-05-01 20:50:00,0.057667284401181906,19.0,4.173,242.9256285714286,7.526485714285715,7-8,42.0,240-250
2020-05-01 21:00:00,0.11087693858727103,19.0,3.3722222222222222,227.82005555555557,7.220722222222221,7-8,42.0,220-230
2020-05-01 21:10:00,0.07050354304963104,19.0,3.5074571428571426,240.7926,7.316171428571428,7-8,42.0,240-250
2020-05-01 21:20:00,0.0708326119915183,19.0,3.4150285714285715,221.0542857142857,6.0576,6-7,45.0,220-230
2020-05-01 21:30:00,0.06387127951901735,19.0,4.248083333333334,217.32211111111113,7.340861111111112,7-8,42.0,210-220
2020-05-01 21:40:00,0.06213699485620804,19.0,3.9773714285714283,221.53022857142858,8.314342857142858,8-9,73.0,220-230
2020-05-01 21:50:00,0.08959180525488825,19.0,4.473285714285714,228.0282,8.801342857142858,8-9,73.0,220-230
2020-05-01 22:00:00,0.08575548912911554,19.0,4.872805555555555,225.11408333333333,8.187888888888889,8-9,73.0,220-230
2020-05-01 22:10:00,0.10424551785952574,19.0,5.600257142857142,222.44465714285715,7.868428571428571,7-8,42.0,220-230
2020-05-01 22:20:00,0.08374918765959863,19.0,5.289428571428571,227.11262857142856,8.014457142857143,8-9,73.0,220-230
2020-05-01 22:30:00,0.11133501996962483,19.0,4.493305555555556,231.956,8.054194444444445,8-9,73.0,230-240
2020-05-01 22:40:00,0.11284982426881396,19.0,3.9946,235.2309142857143,7.880285714285715,7-8,42.0,230-240
2020-05-01 22:50:00,0.0656735975300648,19.0,4.000342857142857,234.6274571428571,7.7056571428571425,7-8,42.0,230-240
2020-05-01 23:00:00,0.1124189408629623,19.0,4.517472222222222,242.4760277777778,7.884222222222222,7-8,42.0,240-250
2020-05-01 23:10:00,0.10237980736505321,19.0,4.484285714285714,242.86574285714283,8.00982857142857,8-9,73.0,240-250
2020-05-01 23:20:00,0.06798121243058095,19.0,4.946971428571429,241.863,8.178142857142857,8-9,73.0,240-250
2020-05-01 23:30:00,0.06960295980093824,19.0,5.168777777777778,243.00005555555558,8.168083333333334,8-9,73.0,240-250
2020-05-01 23:40:00,0.1681787457060521,19.0,4.6216857142857135,237.85699999999997,7.942142857142858,7-8,42.0,230-240
2020-05-01 23:50:00,0.16933551431132476,19.0,3.699235294117647,234.74017647058824,7.2142,7-8,42.0,230-240
2020-05-02 00:00:00,0.07449168085897645,19.0,3.1430344827586207,232.73,6.795068965517241,6-7,45.0,230-240
2020-05-02 00:10:00,0.08167432020941699,19.0,3.216558823529412,236.62888235294116,7.107382352941177,7-8,42.0,230-240
2020-05-02 00:20:00,0.08317466770985261,19.0,3.1580857142857144,227.7282285714286,6.767114285714285,6-7,45.0,220-230
2020-05-02 00:30:00,0.07620729629903046,19.0,3.7170555555555556,227.11366666666666,6.648055555555556,6-7,45.0,220-230
2020-05-02 00:40:00,0.06407464364220153,19.0,4.303314285714285,223.5695714285714,6.632485714285714,6-7,45.0,220-230
2020-05-02 00:50:00,0.07235050627986832,19.0,4.716657142857143,227.46957142857144,7.326171428571429,7-8,42.0,220-230
2020-05-02 01:00:00,0.05244021850334423,19.0,4.6378611111111105,227.62897222222222,7.546138888888889,7-8,42.0,220-230
2020-05-02 01:10:00,0.05798170826875785,19.0,4.977685714285714,225.95037142857143,8.306828571428571,8-9,73.0,220-230
2020-05-02 01:20:00,0.07539372546028013,19.0,5.171971428571429,226.9688857142857,8.894857142857143,8-9,73.0,220-230
2020-05-02 01:30:00,0.07200610303582482,19.0,5.308,231.18422222222222,9.416888888888888,9-10,49.0,230-240
2020-05-02 01:40:00,0.08593093931100627,19.0,5.061571428571429,234.32671428571427,8.804885714285714,8-9,73.0,230-240
2020-05-02 01:50:00,0.08543521830957054,19.0,5.049542857142858,231.95554285714283,8.292485714285714,8-9,73.0,230-240
2020-05-02 02:00:00,0.09054436729816506,19.0,4.334444444444444,238.05024999999998,9.294333333333334,9-10,49.0,230-240
2020-05-02 02:10:00,0.07534642633139906,19.0,4.052028571428571,228.49722857142856,8.492085714285714,8-9,73.0,220-230
2020-05-02 02:20:00,0.08574484359279783,19.0,4.787771428571428,225.03005714285715,7.037657142857143,7-8,42.0,220-230
2020-05-02 02:30:00,0.0694721851242968,19.0,4.449542857142857,229.43294285714288,7.895228571428572,7-8,42.0,220-230
2020-05-02 02:40:00,0.07322611530918925,19.0,4.4338,227.29454285714286,7.991485714285714,7-8,42.0,220-230
2020-05-02 02:50:00,0.05732609246808303,19.0,4.6400571428571435,222.50154285714285,7.647257142857143,7-8,42.0,220-230
2020-05-02 03:00:00,0.08365921760887574,19.0,4.413888888888889,224.25125,6.731944444444444,6-7,45.0,220-230
2020-05-02 03:10:00,0.15660580569523502,19.0,4.269457142857143,237.1410857142857,7.5596571428571435,7-8,42.0,230-240
2020-05-02 03:20:00,0.22527273327927158,19.0,6.114428571428571,251.9967142857143,10.267828571428572,10-11,30.0,250-260
2020-05-02 03:30:00,0.09762200272561848,19.0,6.466888888888889,253.10347222222222,9.6005,9-10,49.0,250-260
2020-05-02 03:40:00,0.13008558674953044,19.0,5.859705882352941,248.5063823529412,8.477411764705883,8-9,73.0,240-250
2020-05-02 03:50:00,0.14038995024190173,19.0,6.039942857142857,256.2166,9.654514285714287,9-10,49.0,250-260
2020-05-02 04:00:00,0.0990442252025334,19.0,6.6299166666666665,257.75558333333333,9.897583333333333,9-10,49.0,250-260
2020-05-02 04:10:00,0.18851489225688073,19.0,6.662771428571428,259.5533142857143,9.71422857142857,9-10,49.0,250-260
2020-05-02 04:20:00,0.12129001315693014,19.0,5.5482571428571426,260.5376,10.035400000000001,10-11,30.0,260-270
2020-05-02 04:30:00,0.08855989115775001,19.0,5.4246944444444445,256.2494444444444,9.672611111111111,9-10,49.0,250-260
2020-05-02 04:40:00,0.0884558528392768,19.0,5.630542857142856,259.50134285714284,9.818085714285713,9-10,49.0,250-260
2020-05-02 04:50:00,0.11997413617206062,19.0,5.232228571428572,261.75731428571424,9.343771428571428,9-10,49.0,260-270
2020-05-02 05:00:00,0.12421868865489416,19.0,4.402611111111111,259.0543611111111,8.562666666666667,8-9,73.0,250-260
2020-05-02 05:10:00,0.12497117834119002,19.0,4.587828571428572,260.58148571428575,9.147885714285714,9-10,49.0,260-270
2020-05-02 05:20:00,0.1401794833132237,19.0,4.763485714285714,262.8621428571428,9.055485714285714,9-10,49.0,260-270
2020-05-02 05:30:00,0.15372331735997768,19.0,4.580111111111111,266.6550833333333,8.508527777777779,8-9,73.0,260-270
2020-05-02 05:40:00,0.15212204349971548,19.0,4.524,271.15702857142855,7.8872857142857145,7-8,42.0,270-280
2020-05-02 05:50:00,0.12846952935303374,19.0,4.203628571428571,272.13994285714284,7.409514285714287,7-8,42.0,270-280
2020-05-02 06:00:00,0.12739267683088876,19.0,3.810027777777778,272.62005555555555,7.327805555555555,7-8,42.0,270-280
2020-05-02 06:10:00,0.16575470987123836,19.0,4.3788,275.23428571428576,6.211685714285714,6-7,45.0,270-280
2020-05-02 06:20:00,0.11804814443524694,19.0,4.1978857142857136,275.87525714285715,6.445457142857143,6-7,45.0,270-280
2020-05-02 06:30:00,0.14852628194482154,19.0,5.11025,273.644,6.010833333333333,6-7,45.0,270-280
2020-05-02 06:40:00,0.1552724362231861,19.0,4.844771428571429,279.37514285714286,6.190542857142857,6-7,45.0,270-280
2020-05-02 06:50:00,0.1833103638624082,19.0,5.031742857142857,278.7333428571428,6.421171428571429,6-7,45.0,270-280
2020-05-02 07:00:00,0.14813689042296782,19.0,5.686944444444444,277.90238888888894,6.44825,6-7,45.0,270-280
2020-05-02 07:10:00,0.21622585734751962,19.0,7.037142857142857,285.65722857142856,8.038085714285716,8-9,73.0,280-290
2020-05-02 07:20:00,0.1968651784530821,19.0,6.706428571428571,297.4631142857143,9.3438,9-10,49.0,290-300
2020-05-02 07:30:00,0.15082152114910927,19.0,6.972527777777778,303.2933888888889,9.179916666666667,9-10,49.0,300-310
2020-05-02 07:40:00,0.11868185273393875,19.0,7.335114285714285,295.2202571428572,9.370485714285714,9-10,49.0,290-300
2020-05-02 07:50:00,0.17205444646984897,19.0,7.534147058823529,302.141,9.925588235294116,9-10,49.0,300-310
2020-05-02 08:00:00,0.1710201178732716,19.0,5.8955,289.48629411764705,8.619323529411766,8-9,73.0,280-290
2020-05-02 08:10:00,0.15825749429404315,19.0,6.960676470588235,283.8282941176471,9.108529411764707,9-10,49.0,280-290
2020-05-02 08:20:00,0.14268556063763224,19.0,7.7208000000000006,289.2995714285714,9.902457142857143,9-10,49.0,280-290
2020-05-02 08:30:00,0.18086872253638164,19.0,7.716916666666666,287.41425000000004,9.484555555555556,9-10,49.0,280-290
2020-05-02 08:40:00,0.12556555877877856,19.0,7.570971428571428,278.1534857142857,9.634285714285713,9-10,49.0,270-280
2020-05-02 08:50:00,0.15010872768107444,19.0,7.663257142857143,281.2532,9.006742857142857,9-10,49.0,280-290
2020-05-02 09:00:00,0.13956573566789576,19.0,7.109382352941176,279.64505882352944,8.609441176470588,8-9,73.0,270-280
2020-05-02 09:10:00,0.19839666555633229,19.0,8.09359375,291.1903125,9.8278125,9-10,49.0,290-300
2020-05-02 09:20:00,0.18132309663368767,19.0,5.882882352941176,286.0223823529412,8.664352941176471,8-9,73.0,280-290
2020-05-02 09:30:00,0.1430358395735874,19.0,4.44825,281.69919444444446,7.4776388888888885,7-8,42.0,280-290
2020-05-02 09:40:00,0.1930070816511052,19.0,5.7096285714285715,274.10651428571424,6.639057142857142,6-7,45.0,270-280
2020-05-02 09:50:00,0.1819469110097234,19.0,6.650542857142857,288.57674285714285,8.779,8-9,73.0,280-290
2020-05-02 10:00:00,0.1791490632752265,19.0,7.063472222222222,295.65686111111114,8.733194444444443,8-9,73.0,290-300
2020-05-02 10:10:00,0.1620017148037039,19.0,7.462114285714285,291.9362,9.298057142857143,9-10,49.0,290-300
2020-05-02 10:20:00,0.1371470707547691,19.0,7.619171428571429,302.5106285714285,8.865085714285716,8-9,73.0,300-310
2020-05-02 10:30:00,0.1433545162379782,19.0,6.89525,301.63508333333334,8.419194444444445,8-9,73.0,300-310
2020-05-02 10:40:00,0.14751903408697947,19.0,7.256457142857143,305.7066571428571,9.2674,9-10,49.0,300-310
2020-05-02 10:50:00,0.14563748452348596,19.0,6.578057142857143,297.8092,8.316628571428572,8-9,73.0,290-300
2020-05-02 11:00:00,0.13769064840041945,19.0,6.98625,301.3130277777778,8.169111111111112,8-9,73.0,300-310
2020-05-02 11:10:00,0.15968644014453556,19.0,6.263314285714286,303.6751714285714,8.024114285714285,8-9,73.0,300-310
2020-05-02 11:20:00,0.14664441926249927,19.0,6.1656571428571425,301.1256571428571,8.0352,8-9,73.0,300-310
2020-05-02 11:30:00,0.22536688062052634,19.0,7.394638888888888,287.40291666666667,9.239916666666666,9-10,49.0,280-290
2020-05-02 11:40:00,0.16909060418817085,19.0,8.709342857142857,283.9608857142857,10.37722857142857,10-11,30.0,280-290
2020-05-02 11:50:00,0.13879245543114335,19.0,8.603171428571429,269.15434285714286,9.658514285714286,9-10,49.0,260-270
2020-05-02 12:00:00,0.1832237744120821,19.0,7.2098611111111115,279.66383333333334,8.502944444444445,8-9,73.0,270-280
2020-05-02 12:10:00,0.2105464309268187,19.0,7.338171428571429,288.17082857142856,8.813485714285713,8-9,73.0,280-290
2020-05-02 12:20:00,0.18186493454920297,19.0,6.843999999999999,302.39131428571426,9.245771428571429,9-10,49.0,300-310
2020-05-02 12:30:00,0.17602219547360443,19.0,7.286111111111111,310.3616666666667,8.750027777777778,8-9,73.0,310-320
2020-05-02 12:40:00,0.17801673923827463,19.0,7.041714285714286,308.7822,8.604142857142856,8-9,73.0,300-310
2020-05-02 12:50:00,0.17736362654559212,19.0,7.309371428571429,303.92345714285716,8.384457142857144,8-9,73.0,300-310
2020-05-02 13:00:00,0.16313643383195442,19.0,7.289805555555556,293.5741111111111,8.280305555555556,8-9,73.0,290-300
2020-05-02 13:10:00,0.20235810839302737,19.0,6.1016,302.60222857142855,8.124228571428572,8-9,73.0,300-310
2020-05-02 13:20:00,0.17820816841752807,19.0,5.9999714285714285,303.5992857142857,8.463171428571428,8-9,73.0,300-310
2020-05-02 13:30:00,0.17981643077102147,19.0,6.182055555555555,304.12908333333337,8.18575,8-9,73.0,300-310
2020-05-02 13:40:00,0.18751882036729828,19.0,6.662857142857143,299.3399428571429,8.552714285714284,8-9,73.0,290-300
2020-05-02 13:50:00,0.15885572165262707,19.0,7.058428571428571,300.4441142857143,9.263742857142857,9-10,49.0,300-310
2020-05-02 14:00:00,0.16116793103481078,19.0,7.288388888888889,290.66275,8.668055555555556,8-9,73.0,290-300
2020-05-02 14:10:00,0.16741548362789838,19.0,6.846314285714286,300.7857142857143,8.895428571428571,8-9,73.0,300-310
2020-05-02 14:20:00,0.1768315588858541,19.0,7.680114285714287,299.16477142857144,8.387028571428571,8-9,73.0,290-300
2020-05-02 14:30:00,0.17697632435918387,19.0,7.498166666666667,298.7849444444444,8.922805555555556,8-9,73.0,290-300
2020-05-02 14:40:00,0.16169174727673907,19.0,7.493714285714285,298.6910857142857,8.521971428571428,8-9,73.0,290-300
2020-05-02 14:50:00,0.15098446609184835,19.0,7.755342857142858,298.15817142857145,8.963171428571428,8-9,73.0,290-300
2020-05-02 15:00:00,0.18030504366146918,19.0,6.935972222222222,301.4946944444444,8.460333333333333,8-9,73.0,300-310
2020-05-02 15:10:00,0.12584373339199367,19.0,6.595771428571429,303.20074285714287,8.327685714285714,8-9,73.0,300-310
2020-05-02 15:20:00,0.18322633435498611,19.0,7.285142857142857,304.4268,8.931885714285714,8-9,73.0,300-310
2020-05-02 15:30:00,0.15825058522014984,19.0,6.434638888888888,304.1878611111111,8.356361111111111,8-9,73.0,300-310
2020-05-02 15:40:00,0.2158802020146608,19.0,6.7223999999999995,313.5009714285714,8.524342857142857,8-9,73.0,310-320
2020-05-02 15:50:00,0.1614473146383097,19.0,6.680285714285715,302.78925714285714,8.463571428571429,8-9,73.0,300-310
2020-05-02 16:00:00,0.20316017187751637,19.0,6.607,297.7883888888889,7.851638888888889,7-8,42.0,290-300
2020-05-02 16:10:00,0.19895083290671778,19.0,6.5081428571428575,304.4960571428571,8.345085714285716,8-9,73.0,300-310
2020-05-02 16:20:00,0.20208471351863158,19.0,6.212942857142857,302.5657714285714,8.166371428571429,8-9,73.0,300-310
2020-05-02 16:30:00,0.1362332474085383,19.0,6.327416666666667,302.4896111111111,8.188083333333333,8-9,73.0,300-310
2020-05-02 16:40:00,0.14262298170547208,19.0,6.857971428571428,302.3539714285714,7.856171428571429,7-8,42.0,300-310
2020-05-02 16:50:00,0.14528111228582727,19.0,6.092485714285714,300.09711428571427,7.867971428571429,7-8,42.0,300-310
2020-05-02 17:00:00,0.11721684841780348,19.0,5.728694444444445,304.97291666666666,7.184361111111111,7-8,42.0,300-310
2020-05-02 17:10:00,0.1382975726822399,19.0,5.2461142857142855,303.68725714285716,6.414828571428572,6-7,45.0,300-310
2020-05-02 17:20:00,0.1518282683470479,19.0,4.875914285714286,295.2605142857143,6.359742857142858,6-7,45.0,290-300
2020-05-02 17:30:00,0.10991114369748214,19.0,5.268083333333333,292.27483333333333,6.333472222222222,6-7,45.0,290-300
2020-05-02 17:40:00,0.149351963360376,19.0,4.8822,291.3001714285714,6.355857142857143,6-7,45.0,290-300
2020-05-02 17:50:00,0.15874792847522776,19.0,5.137942857142857,294.30168571428567,6.894228571428571,6-7,45.0,290-300
2020-05-02 18:00:00,0.11996254350825371,19.0,4.543916666666666,298.7691666666667,6.190666666666667,6-7,45.0,290-300
2020-05-02 18:10:00,0.1206267639826989,19.0,3.819,299.8574,6.291514285714285,6-7,45.0,290-300
2020-05-02 18:20:00,0.10455599525586949,19.0,3.4454857142857143,300.1354,6.038,6-7,45.0,300-310
2020-05-02 18:30:00,0.09607945556905992,19.0,3.4575833333333335,302.5278055555556,6.219361111111111,6-7,45.0,300-310
2020-05-02 18:40:00,0.08041689056291085,19.0,3.4880571428571425,297.95265714285716,6.344714285714286,6-7,45.0,290-300
2020-05-02 18:50:00,0.05897365650115303,19.0,3.0301714285714283,294.57765714285716,5.583285714285714,5-6,3.0,290-300
2020-05-02 19:00:00,0.11739348322325155,19.0,2.61275,292.6218611111111,5.67875,5-6,3.0,290-300
2020-05-02 19:10:00,0.08657712120471317,19.0,2.6271428571428572,279.1824,6.2036,6-7,45.0,270-280
2020-05-02 19:20:00,0.060902721559199235,19.0,3.1104285714285713,280.19545714285715,6.9268,6-7,45.0,280-290
2020-05-02 19:30:00,0.060392196556649645,19.0,3.497611111111111,270.4721666666667,6.646222222222223,6-7,45.0,270-280
2020-05-02 19:40:00,0.08246845505303545,19.0,3.4011142857142858,263.9474285714286,6.3602,6-7,45.0,260-270
2020-05-02 19:50:00,0.05670766049449958,19.0,4.046028571428571,257.9240285714286,7.476914285714286,7-8,42.0,250-260
2020-05-02 20:00:00,0.050182801835894776,19.0,4.242083333333333,260.32047222222224,7.7155,7-8,42.0,260-270
2020-05-02 20:10:00,0.06125680497214271,19.0,4.126371428571429,260.1454857142857,8.255971428571428,8-9,73.0,260-270
2020-05-02 20:20:00,0.06270443165195592,19.0,4.393628571428571,258.1294285714286,8.688714285714287,8-9,73.0,250-260
2020-05-02 20:30:00,0.0694397485922521,19.0,4.240027777777778,264.13283333333334,8.516833333333333,8-9,73.0,260-270
2020-05-02 20:40:00,0.0894094300653076,19.0,4.616114285714286,263.43857142857144,8.156828571428571,8-9,73.0,260-270
2020-05-02 20:50:00,0.06858316733505718,19.0,4.2946285714285715,265.24177142857144,7.472371428571429,7-8,42.0,260-270
2020-05-02 21:00:00,0.06513632372437814,19.0,3.5475,256.2553611111111,7.176,7-8,42.0,250-260
2020-05-02 21:10:00,0.06492328364558153,19.0,3.215314285714286,251.44777142857143,7.425,7-8,42.0,250-260
2020-05-02 21:20:00,0.02885445644662107,19.0,3.6097714285714284,250.70334285714287,7.4644,7-8,42.0,250-260
2020-05-02 21:30:00,0.03615055229413696,19.0,3.4608333333333334,250.91258333333337,7.280305555555556,7-8,42.0,250-260
2020-05-02 21:40:00,0.05069672606530378,19.0,3.339257142857143,239.92917142857144,7.009228571428571,7-8,42.0,230-240
2020-05-02 21:50:00,0.03730159809585079,19.0,3.0936285714285714,225.29902857142858,6.551514285714286,6-7,45.0,220-230
2020-05-02 22:00:00,0.022984911364160393,19.0,3.1395,219.7533611111111,6.375,6-7,45.0,210-220
2020-05-02 22:10:00,0.055472020330449984,19.0,3.1334,223.96297142857142,6.140257142857142,6-7,45.0,220-230
2020-05-02 22:20:00,0.06638878944287968,19.0,3.4474857142857145,217.96794285714284,6.510771428571429,6-7,45.0,210-220
2020-05-02 22:30:00,0.048010191123318155,19.0,3.502638888888889,227.23991666666666,5.8364722222222225,5-6,3.0,220-230
2020-05-02 22:40:00,0.019206115399583886,19.0,3.282857142857143,233.1591142857143,6.030171428571429,6-7,45.0,230-240
2020-05-02 22:50:00,0.0156170663982103,19.0,3.423285714285714,237.3023142857143,6.347742857142857,6-7,45.0,230-240
2020-05-02 23:00:00,0.05146828221359513,19.0,3.1460833333333333,238.21905555555557,6.327833333333333,6-7,45.0,230-240
2020-05-02 23:10:00,0.022684066322997562,19.0,2.899142857142857,237.79579999999999,6.805685714285715,6-7,45.0,230-240
2020-05-02 23:20:00,0.07770503400529342,19.0,3.4849142857142854,223.45717142857143,6.5668,6-7,45.0,220-230
2020-05-02 23:30:00,0.049578404952678894,19.0,3.6230555555555557,228.65272222222222,6.673527777777778,6-7,45.0,220-230
2020-05-02 23:40:00,0.03979322459273601,19.0,4.037171428571428,228.80562857142857,6.702114285714285,6-7,45.0,220-230
2020-05-02 23:50:00,0.0677952925020034,19.0,3.636342857142857,229.45191428571428,6.439058823529412,6-7,45.0,220-230
2020-05-01 00:00:00,0.15800869284575275,10.0,7.0738666666666665,207.61270000000002,11.425233333333333,11-12,23.0,200-210
2020-05-01 00:10:00,0.1411501761248942,10.0,6.758085714285714,205.27094285714287,10.719199999999999,10-11,30.0,200-210
2020-05-01 00:20:00,0.13314738566709297,10.0,7.270742857142857,208.4646857142857,11.227628571428571,11-12,23.0,200-210
2020-05-01 00:30:00,0.15247572743668128,10.0,7.874305555555556,210.42197222222222,12.253666666666668,12-13,21.0,210-220
2020-05-01 00:40:00,0.15000632432179942,10.0,7.284342857142857,212.72494285714285,11.319228571428571,11-12,23.0,210-220
2020-05-01 00:50:00,0.16610073715263052,10.0,6.386057142857143,207.25902857142856,10.408057142857142,10-11,30.0,200-210
2020-05-01 01:00:00,0.13076972329457026,10.0,6.501628571428571,208.0116857142857,10.861942857142857,10-11,30.0,200-210
2020-05-01 01:10:00,0.13367893358803365,10.0,7.301257142857144,217.00762857142857,11.917228571428572,11-12,23.0,210-220
2020-05-01 01:20:00,0.1518821614707578,10.0,7.299514285714285,212.7036857142857,12.055857142857143,12-13,21.0,210-220
2020-05-01 01:30:00,0.1417334073745311,10.0,7.358805555555555,213.00952777777778,12.37363888888889,12-13,21.0,210-220
2020-05-01 01:40:00,0.15212381835847708,10.0,7.512942857142858,214.83582857142858,11.905057142857144,11-12,23.0,210-220
2020-05-01 01:50:00,0.15728789650938088,10.0,6.384028571428572,212.15797142857144,10.342085714285714,10-11,30.0,210-220
2020-05-01 02:00:00,0.15308868334944312,10.0,6.9873611111111105,206.66569444444445,11.140666666666668,11-12,23.0,200-210
2020-05-01 02:10:00,0.11293584694869097,10.0,6.646828571428571,204.59574285714285,12.083714285714287,12-13,21.0,200-210
2020-05-01 02:20:00,0.11406406155129824,10.0,7.113314285714286,203.59545714285716,12.190114285714285,12-13,21.0,200-210
2020-05-01 02:30:00,0.12294588554054299,10.0,6.275,203.00244444444445,11.651277777777779,11-12,23.0,200-210
2020-05-01 02:40:00,0.14101342488694066,10.0,5.829628571428572,200.9718857142857,11.108485714285715,11-12,23.0,200-210
2020-05-01 02:50:00,0.15259027561008195,10.0,6.079828571428572,200.12265714285712,10.764885714285715,10-11,30.0,200-210
2020-05-01 03:00:00,0.11661558069577792,10.0,5.5857777777777775,202.31155555555557,11.058083333333334,11-12,23.0,200-210
2020-05-01 03:10:00,0.13350855996746355,10.0,5.572942857142857,201.15951428571427,10.037485714285715,10-11,30.0,200-210
2020-05-01 03:20:00,0.15194248151866493,10.0,5.129028571428571,193.13048571428573,9.127342857142857,9-10,49.0,190-200
2020-05-01 03:30:00,0.13358795092403572,10.0,5.25625,193.53647222222222,9.131194444444445,9-10,49.0,190-200
2020-05-01 03:40:00,0.13884155764991893,10.0,5.624085714285714,191.77622857142856,9.667742857142857,9-10,49.0,190-200
2020-05-01 03:50:00,0.1508700622491617,10.0,5.232771428571429,197.5396,10.036857142857144,10-11,30.0,190-200
2020-05-01 04:00:00,0.151794489498313,10.0,5.371777777777777,201.38269444444444,10.07861111111111,10-11,30.0,200-210
2020-05-01 04:10:00,0.14604935092634075,10.0,5.499142857142857,201.499,10.008085714285714,10-11,30.0,200-210
2020-05-01 04:20:00,0.17508569208744487,10.0,5.121111111111111,200.05380555555556,9.886722222222224,9-10,49.0,200-210
2020-05-01 04:30:00,0.17171106084179205,10.0,5.738222222222222,200.31808333333333,9.09125,9-10,49.0,200-210
2020-05-01 04:40:00,0.16888081106439295,10.0,5.3108571428571425,199.25979999999998,8.765714285714287,8-9,73.0,190-200
2020-05-01 04:50:00,0.1508686195900346,10.0,6.193714285714286,196.9936,9.654971428571429,9-10,49.0,190-200
2020-05-01 05:00:00,0.15640465609410206,10.0,6.047138888888889,202.33533333333332,9.551055555555557,9-10,49.0,200-210
2020-05-01 05:10:00,0.12858566715131492,10.0,6.284685714285715,200.99002857142855,9.561657142857143,9-10,49.0,200-210
2020-05-01 05:20:00,0.1980914687858325,10.0,5.658257142857143,199.69174285714286,8.573485714285715,8-9,73.0,190-200
2020-05-01 05:30:00,0.15869410424117114,10.0,5.379472222222223,192.58052777777777,8.297055555555556,8-9,73.0,190-200
2020-05-01 05:40:00,0.18200120895972854,10.0,5.843800000000001,196.31385714285713,8.7322,8-9,73.0,190-200
2020-05-01 05:50:00,0.20756913195122698,10.0,6.214028571428572,200.5445714285714,9.909085714285714,9-10,49.0,200-210
2020-05-01 06:00:00,0.16358541017829853,10.0,6.673055555555555,202.33822222222224,9.782388888888889,9-10,49.0,200-210
2020-05-01 06:10:00,0.14770172088450184,10.0,6.523235294117647,208.20897058823527,9.22935294117647,9-10,49.0,200-210
2020-05-01 06:20:00,0.17411375814670435,10.0,6.771030303030303,206.87175757575758,9.516333333333334,9-10,49.0,200-210
2020-05-01 06:30:00,0.2158690684065413,10.0,7.364999999999999,205.06688571428572,10.676257142857143,10-11,30.0,200-210
2020-05-01 06:40:00,0.12340356180349131,10.0,7.2108823529411765,211.93811764705882,11.027000000000001,11-12,23.0,210-220
2020-05-01 06:50:00,0.1554966001336353,10.0,6.597441176470588,222.76388235294118,10.598029411764704,10-11,30.0,220-230
2020-05-01 07:00:00,0.2034099611348906,10.0,5.546,217.469,8.723171428571428,8-9,73.0,210-220
2020-05-01 07:10:00,0.1627936379131546,10.0,5.695028571428571,208.8283142857143,9.367199999999999,9-10,49.0,200-210
2020-05-01 07:20:00,0.16408455193234892,10.0,6.146285714285715,205.9154,9.3994,9-10,49.0,200-210
2020-05-01 07:30:00,0.18189806335107103,10.0,7.897333333333332,206.03108333333333,9.979805555555556,9-10,49.0,200-210
2020-05-01 07:40:00,0.1636062249249348,10.0,8.670942857142856,217.43788571428573,10.674685714285713,10-11,30.0,210-220
2020-05-01 07:50:00,0.16314166345583989,10.0,8.626828571428572,215.37857142857143,11.5094,11-12,23.0,210-220
2020-05-01 08:00:00,0.12647531973105042,10.0,9.43986111111111,216.33513888888888,11.450333333333333,11-12,23.0,210-220
2020-05-01 08:10:00,0.1561566063486164,10.0,8.852727272727272,218.26933333333332,12.236242424242423,12-13,21.0,210-220
2020-05-01 08:20:00,0.1669028023202154,10.0,9.39428125,221.5116875,12.6405625,12-13,21.0,220-230
2020-05-01 08:30:00,0.1814131261580279,10.0,9.233757575757576,219.51633333333334,12.192666666666668,12-13,21.0,210-220
2020-05-01 08:40:00,0.17723800740314002,10.0,8.0279375,224.2675,11.78290625,11-12,23.0,220-230
2020-05-01 08:50:00,0.18665891006270888,10.0,8.219484848484848,221.95633333333333,10.371636363636364,10-11,30.0,220-230
2020-05-01 09:00:00,0.13014972166984037,10.0,9.035777777777778,220.83194444444445,11.941638888888889,11-12,23.0,220-230
2020-05-01 09:10:00,0.13521830934717083,10.0,10.109314285714285,216.68114285714287,12.928028571428571,12-13,21.0,210-220
2020-05-01 09:20:00,0.14316066424927004,10.0,10.023371428571428,218.89282857142857,12.694828571428571,12-13,21.0,210-220
2020-05-01 09:30:00,0.15228020808117224,10.0,9.405138888888889,223.57683333333333,12.001555555555555,12-13,21.0,220-230
2020-05-01 09:40:00,0.16633246592444823,10.0,8.796000000000001,225.8712857142857,12.017228571428571,12-13,21.0,220-230
2020-05-01 09:50:00,0.14082229837609533,10.0,9.462971428571429,225.22142857142856,12.64322857142857,12-13,21.0,220-230
2020-05-01 10:00:00,0.1759104618274959,10.0,10.424611111111112,226.61922222222222,13.471166666666667,13-14,2.0,220-230
2020-05-01 10:10:00,0.12299829326418042,10.0,9.999257142857143,226.34585714285714,12.8424,12-13,21.0,220-230
2020-05-01 10:20:00,0.15801602083226096,10.0,10.119529411764706,226.7405,13.383882352941177,13-14,2.0,220-230
2020-05-01 10:30:00,0.13117143664881004,10.0,8.63011111111111,227.21747222222223,11.585749999999999,11-12,23.0,220-230
2020-05-01 10:40:00,0.20024828015637047,10.0,9.55821875,234.01284375,12.33353125,12-13,21.0,230-240
2020-05-01 10:50:00,0.16725120014695424,10.0,8.399911764705882,242.50199999999998,11.924382352941176,11-12,23.0,240-250
2020-05-01 11:00:00,0.2065355126908393,10.0,9.827,226.31025,12.169305555555557,12-13,21.0,220-230
2020-05-01 11:10:00,0.22210551605543857,10.0,9.057676470588236,231.33594117647058,11.204911764705882,11-12,23.0,230-240
2020-05-01 11:20:00,0.247060677462873,10.0,7.615636363636364,256.1780303030303,9.726757575757576,9-10,49.0,250-260
2020-05-01 11:30:00,0.2571369083461439,10.0,8.260375,240.6338125,12.13025,12-13,21.0,240-250
2020-05-01 11:40:00,0.14494866170481252,10.0,8.865970588235294,213.94823529411764,12.269588235294117,12-13,21.0,210-220
2020-05-01 11:50:00,0.13318519478958651,10.0,8.821514285714285,214.49194285714285,11.913714285714287,11-12,23.0,210-220
2020-05-01 12:00:00,0.1569437735383492,10.0,8.249666666666666,223.94325,10.79975,10-11,30.0,220-230
2020-05-01 12:10:00,0.1549587098605255,10.0,8.674057142857142,227.59937142857143,11.040057142857142,11-12,23.0,220-230
2020-05-01 12:20:00,0.1616942089109836,10.0,7.862342857142858,242.45037142857146,10.0682,10-11,30.0,240-250
2020-05-01 12:30:00,0.20102383776969882,10.0,8.26013888888889,269.83830555555556,11.686055555555555,11-12,23.0,260-270
2020-05-01 12:40:00,0.15144006800990578,10.0,9.196685714285715,272.8157714285714,12.621771428571428,12-13,21.0,270-280
2020-05-01 12:50:00,0.13592587034169787,10.0,7.869285714285715,264.97694285714283,12.362285714285715,12-13,21.0,260-270
2020-05-01 13:00:00,0.17366777762516553,10.0,8.923,264.4584722222222,12.959555555555555,12-13,21.0,260-270
2020-05-01 13:10:00,0.12970529040189688,10.0,8.11137142857143,260.3612857142857,11.824114285714286,11-12,23.0,260-270
2020-05-01 13:20:00,0.1426272222704202,10.0,8.34737142857143,254.6646,10.059685714285715,10-11,30.0,250-260
2020-05-01 13:30:00,0.14996361801168978,10.0,8.075944444444444,274.7657222222222,10.504916666666666,10-11,30.0,270-280
2020-05-01 13:40:00,0.19195490067719373,10.0,7.611828571428571,267.6229714285714,10.180542857142857,10-11,30.0,260-270
2020-05-01 13:50:00,0.1865718142569225,10.0,8.273714285714286,275.73105714285714,10.119428571428571,10-11,30.0,270-280
2020-05-01 14:00:00,0.13143614773597062,10.0,7.942388888888889,266.96080555555557,10.306000000000001,10-11,30.0,260-270
2020-05-01 14:10:00,0.16203063909692178,10.0,7.924114285714285,273.04171428571425,10.498628571428572,10-11,30.0,270-280
2020-05-01 14:20:00,0.1587409981933051,10.0,8.414371428571428,272.90471428571425,11.509857142857143,11-12,23.0,270-280
2020-05-01 14:30:00,0.15420553524113792,10.0,7.707916666666667,275.47622222222225,10.259694444444444,10-11,30.0,270-280
2020-05-01 14:40:00,0.16844155698953536,10.0,7.985142857142858,265.16605714285714,10.271714285714285,10-11,30.0,260-270
2020-05-01 14:50:00,0.18973122435263987,10.0,8.740028571428573,267.78234285714285,11.540228571428571,11-12,23.0,260-270
2020-05-01 15:00:00,0.114259276661006,10.0,8.450972222222223,273.27791666666667,10.747944444444444,10-11,30.0,270-280
2020-05-01 15:10:00,0.18419024747302298,10.0,7.514371428571428,269.973,10.197428571428572,10-11,30.0,260-270
2020-05-01 15:20:00,0.17311923962031303,10.0,7.536085714285714,276.27034285714285,9.905485714285714,9-10,49.0,270-280
2020-05-01 15:30:00,0.14709994496105783,10.0,7.491694444444445,266.64711111111114,10.352083333333333,10-11,30.0,260-270
2020-05-01 15:40:00,0.15231569600829423,10.0,7.674771428571429,272.5008285714286,10.393971428571428,10-11,30.0,270-280
2020-05-01 15:50:00,0.16209023815791407,10.0,7.015714285714286,275.89642857142854,9.071285714285715,9-10,49.0,270-280
2020-05-01 16:00:00,0.16880594898987508,10.0,6.875916666666666,268.5493055555555,9.625416666666666,9-10,49.0,260-270
2020-05-01 16:10:00,0.12939343927029534,10.0,7.4592,263.88148571428576,9.689257142857144,9-10,49.0,260-270
2020-05-01 16:20:00,0.15450317120466273,10.0,7.141485714285714,271.85357142857146,9.708285714285715,9-10,49.0,270-280
2020-05-01 16:30:00,0.15701530705824093,10.0,7.144972222222222,281.46736111111113,9.485083333333334,9-10,49.0,280-290
2020-05-01 16:40:00,0.18721709999467248,10.0,6.119428571428571,278.2776285714286,8.726171428571428,8-9,73.0,270-280
2020-05-01 16:50:00,0.1694345740812779,10.0,6.314657142857143,266.4180857142857,8.990142857142857,8-9,73.0,260-270
2020-05-01 17:00:00,0.16724248987972373,10.0,5.392611111111112,273.9475,7.507888888888889,7-8,42.0,270-280
2020-05-01 17:10:00,0.1572829038527793,10.0,5.535228571428571,273.2868571428571,8.225085714285713,8-9,73.0,270-280
2020-05-01 17:20:00,0.15231952558083708,10.0,4.8709428571428575,281.1732857142857,6.633571428571429,6-7,45.0,280-290
2020-05-01 17:30:00,0.15462889598921584,10.0,4.666166666666666,291.2930833333333,6.899416666666666,6-7,45.0,290-300
2020-05-01 17:40:00,0.12148235372866058,10.0,4.648542857142857,278.91191428571426,6.589200000000001,6-7,45.0,270-280
2020-05-01 17:50:00,0.19392161946295625,10.0,3.4995714285714286,282.224,6.054142857142858,6-7,45.0,280-290
2020-05-01 18:00:00,0.13988715745529537,10.0,3.6466666666666665,286.51416666666665,6.546,6-7,45.0,280-290
2020-05-01 18:10:00,0.1297214695304755,10.0,4.482971428571428,288.0886285714286,7.641028571428571,7-8,42.0,280-290
2020-05-01 18:20:00,0.10041983467891404,10.0,4.1324,283.8919142857143,8.094942857142856,8-9,73.0,280-290
2020-05-01 18:30:00,0.14376496813814352,10.0,3.996,271.8071111111111,8.021444444444445,8-9,73.0,270-280
2020-05-01 18:40:00,0.11978334412371258,10.0,3.4307142857142856,264.2854857142857,7.628028571428572,7-8,42.0,260-270
2020-05-01 18:50:00,0.1315212843164546,10.0,3.2254285714285715,263.04988571428567,7.976428571428571,7-8,42.0,260-270
2020-05-01 19:00:00,0.1548348728638732,10.0,3.4793055555555554,258.085,8.751888888888889,8-9,73.0,250-260
2020-05-01 19:10:00,0.11389506093204872,10.0,4.066314285714285,262.3426,8.4012,8-9,73.0,260-270
2020-05-01 19:20:00,0.11478234698922511,10.0,3.9042,253.9803142857143,8.507457142857143,8-9,73.0,250-260
2020-05-01 19:30:00,0.13620049780077695,10.0,3.410222222222222,259.2516388888889,7.713694444444444,7-8,42.0,250-260
2020-05-01 19:40:00,0.056934040366602,10.0,2.7168285714285716,253.88585714285713,6.908457142857142,6-7,45.0,250-260
2020-05-01 19:50:00,0.09152153024711224,10.0,3.0410285714285714,251.07922857142862,8.509028571428571,8-9,73.0,250-260
2020-05-01 20:00:00,0.11042325710651722,10.0,3.3485555555555555,248.5728333333333,7.873749999999999,7-8,42.0,240-250
2020-05-01 20:10:00,0.0816075441094536,10.0,2.9636571428571425,236.72882857142858,7.696257142857144,7-8,42.0,230-240
2020-05-01 20:20:00,0.12695881189720362,10.0,3.4521714285714284,237.07442857142857,8.733828571428571,8-9,73.0,230-240
2020-05-01 20:30:00,0.11257242380645553,10.0,3.803805555555556,246.13066666666666,8.467944444444445,8-9,73.0,240-250
2020-05-01 20:40:00,0.12321646631448231,10.0,3.0504285714285713,235.7018,7.134057142857143,7-8,42.0,230-240
2020-05-01 20:50:00,0.10302345956906217,10.0,3.2384285714285714,236.91254285714285,7.526485714285715,7-8,42.0,230-240
2020-05-01 21:00:00,0.10972612238713614,10.0,2.891388888888889,222.13594444444445,7.220722222222221,7-8,42.0,220-230
2020-05-01 21:10:00,0.06979116691743896,10.0,2.5882857142857145,230.4288,7.316171428571428,7-8,42.0,230-240
2020-05-01 21:20:00,0.1040895034214877,10.0,2.835914285714286,216.03882857142858,6.0576,6-7,45.0,210-220
2020-05-01 21:30:00,0.07498971415630726,10.0,3.382638888888889,209.17380555555553,7.340861111111112,7-8,42.0,200-210
2020-05-01 21:40:00,0.08285004687676582,10.0,3.1812285714285715,219.45177142857142,8.314342857142858,8-9,73.0,210-220
2020-05-01 21:50:00,0.09841258114604126,10.0,3.6375428571428574,223.36917142857143,8.801342857142858,8-9,73.0,220-230
2020-05-01 22:00:00,0.10359291407629595,10.0,4.020722222222222,223.7973333333333,8.187888888888889,8-9,73.0,220-230
2020-05-01 22:10:00,0.12301312703724772,10.0,4.824314285714285,219.76177142857145,7.868428571428571,7-8,42.0,210-220
2020-05-01 22:20:00,0.13392577882921766,10.0,4.565171428571428,226.69882857142858,8.014457142857143,8-9,73.0,220-230
2020-05-01 22:30:00,0.11369286575324976,10.0,3.836527777777778,229.65708333333336,8.054194444444445,8-9,73.0,220-230
2020-05-01 22:40:00,0.1430437259267705,10.0,3.301428571428571,232.0212285714286,7.880285714285715,7-8,42.0,230-240
2020-05-01 22:50:00,0.08803653134167162,10.0,3.3531999999999997,231.565,7.7056571428571425,7-8,42.0,230-240
2020-05-01 23:00:00,0.1136541255980225,10.0,3.75825,237.69833333333332,7.884222222222222,7-8,42.0,230-240
2020-05-01 23:10:00,0.13420674653531922,10.0,3.6879142857142857,240.35534285714286,8.00982857142857,8-9,73.0,240-250
2020-05-01 23:20:00,0.09977692318860264,10.0,4.1820571428571425,241.06799999999998,8.178142857142857,8-9,73.0,240-250
2020-05-01 23:30:00,0.0920141078821649,10.0,4.42425,241.60822222222225,8.168083333333334,8-9,73.0,240-250
2020-05-01 23:40:00,0.2161387663726908,10.0,3.9177999999999997,235.96682857142858,7.942142857142858,7-8,42.0,230-240
2020-05-01 23:50:00,0.19818988613990757,10.0,3.130794117647059,229.62470588235294,7.2142,7-8,42.0,220-230
2020-05-02 00:00:00,0.08234076530247973,10.0,2.5283793103448278,227.59620689655173,6.795068965517241,6-7,45.0,220-230
2020-05-02 00:10:00,0.1059129536565795,10.0,2.448088235294118,231.2969411764706,7.107382352941177,7-8,42.0,230-240
2020-05-02 00:20:00,0.11118014675681373,10.0,2.573314285714286,224.82294285714286,6.767114285714285,6-7,45.0,220-230
2020-05-02 00:30:00,0.11138173071916414,10.0,3.012916666666667,224.16972222222222,6.648055555555556,6-7,45.0,220-230
2020-05-02 00:40:00,0.09775554582497727,10.0,3.4277714285714285,219.80228571428572,6.632485714285714,6-7,45.0,210-220
2020-05-02 00:50:00,0.10497077040383893,10.0,3.9604,223.41911428571427,7.326171428571429,7-8,42.0,220-230
2020-05-02 01:00:00,0.08635591981486171,10.0,3.9011944444444446,223.65244444444446,7.546138888888889,7-8,42.0,220-230
2020-05-02 01:10:00,0.07023513019370005,10.0,4.126914285714286,225.02094285714287,8.306828571428571,8-9,73.0,220-230
2020-05-02 01:20:00,0.09392246267923,10.0,4.316371428571429,224.05437142857144,8.894857142857143,8-9,73.0,220-230
2020-05-02 01:30:00,0.11082062788343794,10.0,4.501388888888889,228.89374999999998,9.416888888888888,9-10,49.0,220-230
2020-05-02 01:40:00,0.13286459533228245,10.0,4.315571428571428,231.00405714285714,8.804885714285714,8-9,73.0,230-240
2020-05-02 01:50:00,0.1281681161271566,10.0,4.107885714285715,229.5236857142857,8.292485714285714,8-9,73.0,220-230
2020-05-02 02:00:00,0.12040169566859031,10.0,3.5454166666666667,234.21983333333336,9.294333333333334,9-10,49.0,230-240
2020-05-02 02:10:00,0.10054772395317854,10.0,3.421142857142857,223.9208,8.492085714285714,8-9,73.0,220-230
2020-05-02 02:20:00,0.11696510277563814,10.0,3.994828571428571,222.94682857142857,7.037657142857143,7-8,42.0,220-230
2020-05-02 02:30:00,0.08039248256043602,10.0,3.6712571428571428,224.81354285714286,7.895228571428572,7-8,42.0,220-230
2020-05-02 02:40:00,0.07679120550223986,10.0,3.5976857142857144,223.37074285714286,7.991485714285714,7-8,42.0,220-230
2020-05-02 02:50:00,0.082139780801922,10.0,3.789885714285714,218.80037142857142,7.647257142857143,7-8,42.0,210-220
2020-05-02 03:00:00,0.12266298591272391,10.0,3.744472222222222,221.69133333333332,6.731944444444444,6-7,45.0,220-230
2020-05-02 03:10:00,0.15126291677620612,10.0,3.5361714285714285,235.62660000000002,7.5596571428571435,7-8,42.0,230-240
2020-05-02 03:20:00,0.2331668164365043,10.0,5.2745999999999995,249.76865714285714,10.267828571428572,10-11,30.0,240-250
2020-05-02 03:30:00,0.13533787314494966,10.0,5.777666666666667,253.44830555555558,9.6005,9-10,49.0,250-260
2020-05-02 03:40:00,0.12496584160029418,10.0,5.267970588235293,248.59176470588233,8.477411764705883,8-9,73.0,240-250
2020-05-02 03:50:00,0.15076541432516516,10.0,5.421028571428571,256.2271142857143,9.654514285714287,9-10,49.0,250-260
2020-05-02 04:00:00,0.13035064711126276,10.0,5.994472222222222,257.4410555555556,9.897583333333333,9-10,49.0,250-260
2020-05-02 04:10:00,0.21103546951057964,10.0,5.621971428571428,258.66357142857146,9.71422857142857,9-10,49.0,250-260
2020-05-02 04:20:00,0.13353854133475881,10.0,4.936228571428572,260.6362571428572,10.035400000000001,10-11,30.0,260-270
2020-05-02 04:30:00,0.13893579447622265,10.0,4.76025,254.20825,9.672611111111111,9-10,49.0,250-260
2020-05-02 04:40:00,0.12002518043991996,10.0,4.906942857142857,257.76897142857143,9.818085714285713,9-10,49.0,250-260
2020-05-02 04:50:00,0.1673955123834864,10.0,4.650028571428572,262.1113142857143,9.343771428571428,9-10,49.0,260-270
2020-05-02 05:00:00,0.13743444450509065,10.0,3.7166111111111113,256.76341666666667,8.562666666666667,8-9,73.0,250-260
2020-05-02 05:10:00,0.14890000584072952,10.0,4.075971428571428,259.98231428571427,9.147885714285714,9-10,49.0,250-260
2020-05-02 05:20:00,0.1707885742687478,10.0,4.299885714285715,262.074,9.055485714285714,9-10,49.0,260-270
2020-05-02 05:30:00,0.18014086956954334,10.0,4.040111111111111,264.48966666666666,8.508527777777779,8-9,73.0,260-270
2020-05-02 05:40:00,0.1487561010393044,10.0,3.9670285714285716,270.3932571428571,7.8872857142857145,7-8,42.0,270-280
2020-05-02 05:50:00,0.1563150502690445,10.0,3.5524857142857145,270.03017142857146,7.409514285714287,7-8,42.0,270-280
2020-05-02 06:00:00,0.16703337426256726,10.0,3.451888888888889,271.7136666666667,7.327805555555555,7-8,42.0,270-280
2020-05-02 06:10:00,0.17768863434184787,10.0,3.929885714285714,275.78357142857146,6.211685714285714,6-7,45.0,270-280
2020-05-02 06:20:00,0.12191478691717872,10.0,4.030828571428572,273.2979142857143,6.445457142857143,6-7,45.0,270-280
2020-05-02 06:30:00,0.1648964741146353,10.0,4.660444444444445,273.05174999999997,6.010833333333333,6-7,45.0,270-280
2020-05-02 06:40:00,0.1904877430693063,10.0,4.494714285714285,278.02757142857143,6.190542857142857,6-7,45.0,270-280
2020-05-02 06:50:00,0.1806228027421338,10.0,4.698828571428572,278.01820000000004,6.421171428571429,6-7,45.0,270-280
2020-05-02 07:00:00,0.17192841726503857,10.0,5.322916666666667,276.9656111111111,6.44825,6-7,45.0,270-280
2020-05-02 07:10:00,0.2138516126880148,10.0,6.336714285714286,284.2246857142857,8.038085714285716,8-9,73.0,280-290
2020-05-02 07:20:00,0.18921690583876483,10.0,6.0262,301.36228571428575,9.3438,9-10,49.0,300-310
2020-05-02 07:30:00,0.11701027744935023,10.0,6.53425,303.2721388888889,9.179916666666667,9-10,49.0,300-310
2020-05-02 07:40:00,0.12832748820378528,10.0,6.908028571428572,293.5686,9.370485714285714,9-10,49.0,290-300
2020-05-02 07:50:00,0.14451294348525023,10.0,6.921823529411764,301.03000000000003,9.925588235294116,9-10,49.0,300-310
2020-05-02 08:00:00,0.19520503200196007,10.0,5.389941176470589,300.2485294117647,8.619323529411766,8-9,73.0,300-310
2020-05-02 08:10:00,0.17804056070845875,10.0,6.2614705882352935,284.3126764705882,9.108529411764707,9-10,49.0,280-290
2020-05-02 08:20:00,0.15492996191772143,10.0,7.011342857142857,289.91799999999995,9.902457142857143,9-10,49.0,280-290
2020-05-02 08:30:00,0.1649519983919929,10.0,6.905861111111111,285.29791666666665,9.484555555555556,9-10,49.0,280-290
2020-05-02 08:40:00,0.18687103786897605,10.0,6.934,277.16005714285717,9.634285714285713,9-10,49.0,270-280
2020-05-02 08:50:00,0.18931237483215213,10.0,6.833714285714286,280.95745714285715,9.006742857142857,9-10,49.0,280-290
2020-05-02 09:00:00,0.1495084118528605,10.0,6.666735294117648,280.25582352941177,8.609441176470588,8-9,73.0,280-290
2020-05-02 09:10:00,0.22801877800487044,10.0,7.28590625,290.78815625,9.8278125,9-10,49.0,290-300
2020-05-02 09:20:00,0.17214452516555967,10.0,5.0028235294117644,284.90373529411767,8.664352941176471,8-9,73.0,280-290
2020-05-02 09:30:00,0.13404772108349652,10.0,4.092666666666667,283.6264444444444,7.4776388888888885,7-8,42.0,280-290
2020-05-02 09:40:00,0.22288002956919184,10.0,5.425,272.88417142857145,6.639057142857142,6-7,45.0,270-280
2020-05-02 09:50:00,0.20194698444391151,10.0,5.970371428571428,286.4177142857143,8.779,8-9,73.0,280-290
2020-05-02 10:00:00,0.18642544859371252,10.0,6.632583333333333,293.6769722222222,8.733194444444443,8-9,73.0,290-300
2020-05-02 10:10:00,0.1818666700687314,10.0,6.8623142857142865,292.9098857142857,9.298057142857143,9-10,49.0,290-300
2020-05-02 10:20:00,0.1741834820278207,10.0,7.124514285714286,303.68711428571424,8.865085714285716,8-9,73.0,300-310
2020-05-02 10:30:00,0.16446002414049413,10.0,6.141611111111112,299.41419444444443,8.419194444444445,8-9,73.0,290-300
2020-05-02 10:40:00,0.17587562661208106,10.0,6.777457142857143,304.0718,9.2674,9-10,49.0,300-310
2020-05-02 10:50:00,0.1447729803990871,10.0,6.310942857142858,297.824,8.316628571428572,8-9,73.0,290-300
2020-05-02 11:00:00,0.1507542291652951,10.0,6.603027777777778,301.1713611111111,8.169111111111112,8-9,73.0,300-310
2020-05-02 11:10:00,0.1527339628747931,10.0,5.951142857142857,302.78691428571426,8.024114285714285,8-9,73.0,300-310
2020-05-02 11:20:00,0.17833470793000453,10.0,5.819571428571429,301.5108285714286,8.0352,8-9,73.0,300-310
2020-05-02 11:30:00,0.21439755307911132,10.0,6.524444444444445,287.01047222222223,9.239916666666666,9-10,49.0,280-290
2020-05-02 11:40:00,0.18136441768940537,10.0,8.166142857142857,282.46817142857145,10.37722857142857,10-11,30.0,280-290
2020-05-02 11:50:00,0.13343480578877706,10.0,7.604114285714286,270.07,9.658514285714286,9-10,49.0,270-280
2020-05-02 12:00:00,0.2175903600559747,10.0,6.64875,278.91647222222224,8.502944444444445,8-9,73.0,270-280
2020-05-02 12:10:00,0.2156885843948814,10.0,6.981342857142858,288.8935714285714,8.813485714285713,8-9,73.0,280-290
2020-05-02 12:20:00,0.17098286535323357,10.0,6.4596285714285715,302.92314285714286,9.245771428571429,9-10,49.0,300-310
2020-05-02 12:30:00,0.13697098274874328,10.0,6.939666666666667,313.34077777777776,8.750027777777778,8-9,73.0,310-320
2020-05-02 12:40:00,0.1765018263183405,10.0,6.6615714285714285,308.5269714285714,8.604142857142856,8-9,73.0,300-310
2020-05-02 12:50:00,0.1391953738776661,10.0,6.686914285714286,304.4554,8.384457142857144,8-9,73.0,300-310
2020-05-02 13:00:00,0.19795295676797145,10.0,6.689666666666667,295.90369444444445,8.280305555555556,8-9,73.0,290-300
2020-05-02 13:10:00,0.21576817384796054,10.0,5.718485714285714,302.14851428571427,8.124228571428572,8-9,73.0,300-310
2020-05-02 13:20:00,0.21886292639400629,10.0,5.6213428571428565,307.3713714285714,8.463171428571428,8-9,73.0,300-310
2020-05-02 13:30:00,0.15768959771220578,10.0,5.602472222222222,305.08627777777775,8.18575,8-9,73.0,300-310
2020-05-02 13:40:00,0.19564147697857107,10.0,6.214771428571429,298.88994285714284,8.552714285714284,8-9,73.0,290-300
2020-05-02 13:50:00,0.15744032423492846,10.0,6.457028571428571,302.16162857142854,9.263742857142857,9-10,49.0,300-310
2020-05-02 14:00:00,0.17450500941428052,10.0,6.73,293.12069444444444,8.668055555555556,8-9,73.0,290-300
2020-05-02 14:10:00,0.17242588172661585,10.0,6.566771428571428,301.3131714285714,8.895428571428571,8-9,73.0,300-310
2020-05-02 14:20:00,0.18733173523110355,10.0,7.324457142857143,300.67848571428567,8.387028571428571,8-9,73.0,300-310
2020-05-02 14:30:00,0.15400694070887802,10.0,6.855666666666667,297.5929444444444,8.922805555555556,8-9,73.0,290-300
2020-05-02 14:40:00,0.1986820466558302,10.0,7.014628571428571,300.4441142857143,8.521971428571428,8-9,73.0,300-310
2020-05-02 14:50:00,0.14322417303394883,10.0,7.412542857142857,296.77222857142857,8.963171428571428,8-9,73.0,290-300
2020-05-02 15:00:00,0.17571839863126154,10.0,6.432083333333334,302.8417777777778,8.460333333333333,8-9,73.0,300-310
2020-05-02 15:10:00,0.1368656383829895,10.0,6.1528285714285715,303.7974,8.327685714285714,8-9,73.0,300-310
2020-05-02 15:20:00,0.19132409307591736,10.0,6.835999999999999,305.79171428571425,8.931885714285714,8-9,73.0,300-310
2020-05-02 15:30:00,0.1433848108101516,10.0,6.212611111111111,302.75969444444445,8.356361111111111,8-9,73.0,300-310
2020-05-02 15:40:00,0.20498577977169083,10.0,6.271571428571429,312.5664,8.524342857142857,8-9,73.0,310-320
2020-05-02 15:50:00,0.14871030758215642,10.0,6.406942857142857,302.50237142857145,8.463571428571429,8-9,73.0,300-310
2020-05-02 16:00:00,0.20022844529327827,10.0,6.137722222222222,298.06083333333333,7.851638888888889,7-8,42.0,290-300
2020-05-02 16:10:00,0.1870663784371674,10.0,5.732,301.7582857142857,8.345085714285716,8-9,73.0,300-310
2020-05-02 16:20:00,0.17164945528499229,10.0,5.6821142857142855,301.48231428571427,8.166371428571429,8-9,73.0,300-310
2020-05-02 16:30:00,0.14438950517147522,10.0,6.033111111111111,302.3669722222222,8.188083333333333,8-9,73.0,300-310
2020-05-02 16:40:00,0.1543087509867247,10.0,6.303342857142857,303.6307714285714,7.856171428571429,7-8,42.0,300-310
2020-05-02 16:50:00,0.15151330231636725,10.0,5.7086,301.4755714285714,7.867971428571429,7-8,42.0,300-310
2020-05-02 17:00:00,0.1523950863077693,10.0,5.392333333333333,303.8490555555556,7.184361111111111,7-8,42.0,300-310
2020-05-02 17:10:00,0.15017303640055743,10.0,4.901914285714286,301.7075714285714,6.414828571428572,6-7,45.0,300-310
2020-05-02 17:20:00,0.14181121463770874,10.0,4.5602857142857145,296.81597142857146,6.359742857142858,6-7,45.0,290-300
2020-05-02 17:30:00,0.13603862935312103,10.0,4.803583333333333,289.40247222222223,6.333472222222222,6-7,45.0,280-290
2020-05-02 17:40:00,0.1939065408073264,10.0,4.3592,291.3412571428571,6.355857142857143,6-7,45.0,290-300
2020-05-02 17:50:00,0.1712776312384815,10.0,4.7948,293.4979714285714,6.894228571428571,6-7,45.0,290-300
2020-05-02 18:00:00,0.14225853678888428,10.0,3.9213611111111115,297.92474999999996,6.190666666666667,6-7,45.0,290-300
2020-05-02 18:10:00,0.1367983744189367,10.0,3.346714285714286,298.4162857142857,6.291514285714285,6-7,45.0,290-300
2020-05-02 18:20:00,0.14300354542961874,10.0,3.0681142857142856,302.70285714285717,6.038,6-7,45.0,300-310
2020-05-02 18:30:00,0.11556729058132885,10.0,3.0743055555555556,304.2260833333333,6.219361111111111,6-7,45.0,300-310
2020-05-02 18:40:00,0.13070658836986151,10.0,2.9410285714285718,296.0271428571429,6.344714285714286,6-7,45.0,290-300
2020-05-02 18:50:00,0.08864484477032235,10.0,2.5174285714285713,294.25925714285717,5.583285714285714,5-6,3.0,290-300
2020-05-02 19:00:00,0.13268779277295434,10.0,2.0409444444444444,292.3758055555556,5.67875,5-6,3.0,290-300
2020-05-02 19:10:00,0.06542127351414478,10.0,2.077657142857143,277.11434285714284,6.2036,6-7,45.0,270-280
2020-05-02 19:20:00,0.07930463382721215,10.0,2.4370857142857143,280.6068571428571,6.9268,6-7,45.0,280-290
2020-05-02 19:30:00,0.06725822987538341,10.0,2.81575,272.11411111111113,6.646222222222223,6-7,45.0,270-280
2020-05-02 19:40:00,0.077025094721739,10.0,2.5599142857142856,264.3094,6.3602,6-7,45.0,260-270
2020-05-02 19:50:00,0.06140907056745532,10.0,3.1056,254.2228,7.476914285714286,7-8,42.0,250-260
2020-05-02 20:00:00,0.05608243249013103,10.0,3.3525833333333335,254.27811111111112,7.7155,7-8,42.0,250-260
2020-05-02 20:10:00,0.06096369559053087,10.0,3.3568857142857143,257.93908571428574,8.255971428571428,8-9,73.0,250-260
2020-05-02 20:20:00,0.06207728685573306,10.0,3.4795714285714285,254.1626857142857,8.688714285714287,8-9,73.0,250-260
2020-05-02 20:30:00,0.10151591353050814,10.0,3.4111666666666665,263.02275,8.516833333333333,8-9,73.0,260-270
2020-05-02 20:40:00,0.13370109978639222,10.0,3.744685714285714,263.942,8.156828571428571,8-9,73.0,260-270
2020-05-02 20:50:00,0.08937751815237359,10.0,3.553857142857143,264.5385428571429,7.472371428571429,7-8,42.0,260-270
2020-05-02 21:00:00,0.04934302776811348,10.0,2.839777777777778,251.8632222222222,7.176,7-8,42.0,250-260
2020-05-02 21:10:00,0.1117268289741719,10.0,2.387057142857143,244.28671428571428,7.425,7-8,42.0,240-250
2020-05-02 21:20:00,0.042547187085629844,10.0,2.806,247.13514285714285,7.4644,7-8,42.0,240-250
2020-05-02 21:30:00,0.0758778465945745,10.0,2.4363055555555553,240.0877222222222,7.280305555555556,7-8,42.0,240-250
2020-05-02 21:40:00,0.05518855639827228,10.0,2.4587714285714286,228.3370285714286,7.009228571428571,7-8,42.0,220-230
2020-05-02 21:50:00,0.05224243788476288,10.0,2.516914285714286,216.50868571428572,6.551514285714286,6-7,45.0,210-220
2020-05-02 22:00:00,0.04555690429141854,10.0,2.5340555555555557,208.1081111111111,6.375,6-7,45.0,200-210
2020-05-02 22:10:00,0.052985552648827906,10.0,2.6666285714285713,208.9828,6.140257142857142,6-7,45.0,200-210
2020-05-02 22:20:00,0.04936674435109538,10.0,2.881628571428571,208.59962857142858,6.510771428571429,6-7,45.0,200-210
2020-05-02 22:30:00,0.10954438611050409,10.0,2.6145833333333335,222.75672222222224,5.8364722222222225,5-6,3.0,220-230
2020-05-02 22:40:00,0.0738247931869606,10.0,2.2824857142857145,230.05911428571426,6.030171428571429,6-7,45.0,230-240
2020-05-02 22:50:00,0.0281812718260508,10.0,2.329342857142857,234.8618857142857,6.347742857142857,6-7,45.0,230-240
2020-05-02 23:00:00,0.0847540883084619,10.0,1.9798055555555554,233.04649999999998,6.327833333333333,6-7,45.0,230-240
2020-05-02 23:10:00,0.11783692185156526,10.0,1.8965428571428573,228.6368857142857,6.805685714285715,6-7,45.0,220-230
2020-05-02 23:20:00,0.0642644893334794,10.0,2.9169714285714283,219.66025714285715,6.5668,6-7,45.0,210-220
2020-05-02 23:30:00,0.04695197302012068,10.0,2.680361111111111,224.71216666666666,6.673527777777778,6-7,45.0,220-230
2020-05-02 23:40:00,0.05331801240612814,10.0,2.915,226.6494857142857,6.702114285714285,6-7,45.0,220-230
2020-05-02 23:50:00,0.1053698258287142,10.0,2.480571428571429,227.91537142857143,6.439058823529412,6-7,45.0,220-230
